league,season,team,panel_club,outgoing_manager,incoming_manager,manner,departure_type,date_vacancy,date_appointment,days_to_appointment,successor_type_auto,coding_confidence,coding_reason,source,matchweek_at_dismissal,league_position_at_dismissal,trailing_6_ppg,trailing_6_gd,trailing_matches,n_remaining_after_appointment,ppg_next_3,ppg_next_5,ppg_next_8,in_primary_sample,include_robustness_mutual,merge_ok,wiki_url
bundesliga,2008/09,Arminia Bielefeld,Bielefeld,Michael Frontzeck,Jörg Berger,Sacked,sacked,2009-05-17,2009-05-19,2,caretaker,manual,Outside fireman hired with a contract only until season end for the last matchday and possible relegation play-offs; Transfermarkt lists the spell as Interimstrainer.,wikipedia,33,16,0.5,-9.0,6,1,,,,False,False,True,https://en.wikipedia.org/wiki/2008%E2%80%9309_Bundesliga
bundesliga,2008/09,Bayern Munich,Bayern Munich,Jürgen Klinsmann,Jupp Heynckes,Sacked,sacked,2009-04-27,2009-04-27,0,caretaker,high,caretaker_flag_or_short_spell,wikipedia,29,3,2.0,4.0,6,5,3.0,2.6,,True,False,True,https://en.wikipedia.org/wiki/2008%E2%80%9309_Bundesliga
bundesliga,2008/09,Borussia Mönchengladbach,M'gladbach,Jos Luhukay,Hans Meyer,Sacked,sacked,2008-10-05,2008-10-18,13,caretaker,high,caretaker_flag_or_short_spell,wikipedia,7,18,0.5,-7.0,6,26,1.0,1.4,0.875,True,False,True,https://en.wikipedia.org/wiki/2008%E2%80%9309_Bundesliga
bundesliga,2008/09,Schalke 04,Schalke 04,Fred Rutten,"Mike Büskens, Youri Mulder and Oliver Reck",Sacked,sacked,2009-03-26,2009-04-01,6,caretaker,high,caretaker_flag_or_short_spell,wikipedia,25,8,1.1666666666666667,-1.0,6,9,3.0,2.4,1.625,True,False,True,https://en.wikipedia.org/wiki/2008%E2%80%9309_Bundesliga
bundesliga,2008/09,VfB Stuttgart,Stuttgart,Armin Veh,Markus Babbel,Sacked,sacked,2008-11-23,2008-11-23,0,caretaker,manual,assistant first named Teamchef only until the winter break; formal contract came later after good results,wikipedia,14,11,0.8333333333333334,-5.0,6,20,2.333333333333333,2.6,2.25,True,False,True,https://en.wikipedia.org/wiki/2008%E2%80%9309_Bundesliga
bundesliga,2009/10,VfL Bochum,Bochum,Marcel Koller,Frank Heinemann (caretaker),Sacked,sacked,2009-09-20,2009-09-20,0,caretaker,high,caretaker_flag_or_short_spell,wikipedia,6,15,0.6666666666666666,-7.0,6,28,1.3333333333333333,0.8,1.0,True,False,True,https://en.wikipedia.org/wiki/2009%E2%80%9310_Bundesliga
bundesliga,2009/10,VfL Bochum,Bochum,Heiko Herrlich,Dariusz Wosz (Interim),Sacked,sacked,2010-04-29,2010-04-29,0,caretaker,high,caretaker_flag_or_short_spell,wikipedia,32,15,0.1666666666666666,-7.0,6,2,,,,False,False,True,https://en.wikipedia.org/wiki/2009%E2%80%9310_Bundesliga
bundesliga,2009/10,Hamburger SV,Hamburg,Bruno Labbadia,Ricardo Moniz (Interim),Sacked,sacked,2010-04-26,2010-04-26,0,caretaker,high,caretaker_flag_or_short_spell,wikipedia,32,7,0.8333333333333334,-5.0,6,2,,,,False,False,True,https://en.wikipedia.org/wiki/2009%E2%80%9310_Bundesliga
bundesliga,2009/10,Hannover 96,Hannover,Andreas Bergmann,Mirko Slomka,Sacked,sacked,2010-01-19,2010-01-19,0,external,manual,"unemployed since Schalke 2008 sacking; hired as new coach on a contract to 2011, not on club staff",wikipedia,18,15,0.1666666666666666,-11.0,6,16,0.0,0.0,0.75,True,False,True,https://en.wikipedia.org/wiki/2009%E2%80%9310_Bundesliga
bundesliga,2009/10,Hertha BSC,Hertha,Lucien Favre,Friedhelm Funkel,Sacked,sacked,2009-09-28,2009-10-03,5,external,high,arrived_from_other_club_in_sample,wikipedia,7,18,0.0,-12.0,6,27,0.3333333333333333,0.2,0.25,True,False,True,https://en.wikipedia.org/wiki/2009%E2%80%9310_Bundesliga
bundesliga,2009/10,1. FC Nürnberg,Nurnberg,Michael Oenning,Dieter Hecking,Sacked,sacked,2009-12-21,2009-12-22,1,external,high,arrived_from_other_club_in_sample,wikipedia,17,17,0.5,-12.0,6,17,1.3333333333333333,0.8,1.125,True,False,True,https://en.wikipedia.org/wiki/2009%E2%80%9310_Bundesliga
bundesliga,2009/10,VfB Stuttgart,Stuttgart,Markus Babbel,Christian Gross,Sacked,sacked,2009-12-06,2009-12-06,0,external,manual,former Basel/Tottenham coach hired from outside as new manager on a contract to 2011,wikipedia,15,16,0.6666666666666666,-5.0,6,19,2.333333333333333,2.6,2.375,True,False,True,https://en.wikipedia.org/wiki/2009%E2%80%9310_Bundesliga
bundesliga,2009/10,VfL Wolfsburg,Wolfsburg,Armin Veh,Lorenz-Günther Köstner,Sacked,sacked,2010-01-25,2010-01-25,0,caretaker,high,caretaker_flag_or_short_spell,wikipedia,19,10,0.5,-5.0,6,15,0.3333333333333333,1.4,1.625,True,False,True,https://en.wikipedia.org/wiki/2009%E2%80%9310_Bundesliga
bundesliga,2010/11,1899 Hoffenheim,Hoffenheim,Ralf Rangnick,Marco Pezzaiuoli,Mutual consent,mutual_consent,2011-01-02,2011-01-02,0,internal,manual,"Club assistant promoted as Nachfolger/new head coach on a contract to 2014, not named caretaker.",wikipedia,17,8,1.1666666666666667,3.0,6,17,1.3333333333333333,1.4,1.0,False,True,True,https://en.wikipedia.org/wiki/2010%E2%80%9311_Bundesliga
bundesliga,2010/11,Bayern Munich,Bayern Munich,Louis van Gaal,Andries Jonker (caretaker),Sacked,sacked,2011-04-09,2011-04-09,0,caretaker,high,caretaker_flag_or_short_spell,wikipedia,29,3,1.6666666666666667,4.0,6,5,2.333333333333333,2.6,,True,False,True,https://en.wikipedia.org/wiki/2010%E2%80%9311_Bundesliga
bundesliga,2010/11,Borussia Mönchengladbach,M'gladbach,Michael Frontzeck,Lucien Favre,Sacked,sacked,2011-02-13,2011-02-14,1,external,manual,unemployed ex-Hertha coach hired from outside on a contract to 2013,wikipedia,22,18,1.0,-4.0,6,12,2.0,1.4,1.25,True,False,True,https://en.wikipedia.org/wiki/2010%E2%80%9311_Bundesliga
bundesliga,2010/11,Eintracht Frankfurt,Ein Frankfurt,Michael Skibbe,Christoph Daum,Sacked,sacked,2011-03-22,2011-03-22,0,external,manual,"outsider named new coach, not interim; deal until summer with stated aim to continue and two-year extension if they stayed up",wikipedia,27,13,0.6666666666666666,-8.0,6,7,0.6666666666666666,0.6,,True,False,True,https://en.wikipedia.org/wiki/2010%E2%80%9311_Bundesliga
bundesliga,2010/11,Hamburger SV,Hamburg,Armin Veh,Michael Oenning,Sacked,sacked,2011-03-13,2011-03-13,0,internal,manual,"Veh assistant presented as new head coach, not interim, even though the club later said the role ran to season's end",wikipedia,26,8,1.1666666666666667,-4.0,6,8,1.6666666666666667,1.2,1.0,True,False,True,https://en.wikipedia.org/wiki/2010%E2%80%9311_Bundesliga
bundesliga,2010/11,1. FC Köln,FC Koln,Zvonimir Soldo,Frank Schaefer,Sacked,sacked,2010-10-24,2010-10-24,0,caretaker,manual,U23 coach took over interimsweise / only temporarily after Soldo sacking,wikipedia,9,17,0.3333333333333333,-5.0,6,25,1.0,1.4,1.25,True,False,True,https://en.wikipedia.org/wiki/2010%E2%80%9311_Bundesliga
bundesliga,2010/11,Schalke 04,Schalke 04,Felix Magath,Ralf Rangnick,Sacked,sacked,2011-03-16,2011-03-17,1,external,high,arrived_from_other_club_in_sample,wikipedia,26,10,1.3333333333333333,0.0,6,8,2.0,1.4,0.875,True,False,True,https://en.wikipedia.org/wiki/2010%E2%80%9311_Bundesliga
bundesliga,2010/11,VfB Stuttgart,Stuttgart,Christian Gross,Jens Keller,Sacked,sacked,2010-10-13,2010-10-13,0,caretaker,manual,assistant appointed interim manager on a trial basis until a permanent coach was found,wikipedia,7,18,0.5,-1.0,6,27,1.3333333333333333,1.6,1.125,True,False,True,https://en.wikipedia.org/wiki/2010%E2%80%9311_Bundesliga
bundesliga,2010/11,VfB Stuttgart,Stuttgart,Jens Keller,Bruno Labbadia,Sacked,sacked,2010-12-11,2010-12-12,1,external,manual,unemployed ex-HSV/Leverkusen coach hired from outside on a 2.5-year Bundesliga contract,wikipedia,16,16,0.8333333333333334,2.0,6,18,1.3333333333333333,1.4,1.25,True,False,True,https://en.wikipedia.org/wiki/2010%E2%80%9311_Bundesliga
bundesliga,2010/11,VfL Wolfsburg,Wolfsburg,Steve McClaren,Pierre Littbarski,Sacked,sacked,2011-02-07,2011-02-07,0,caretaker,high,caretaker_flag_or_short_spell,wikipedia,21,12,1.0,-3.0,6,13,1.0,0.6,0.625,True,False,True,https://en.wikipedia.org/wiki/2010%E2%80%9311_Bundesliga
bundesliga,2011/12,1899 Hoffenheim,Hoffenheim,Holger Stanislawski,Markus Babbel,Sacked,sacked,2012-02-09,2012-02-10,1,external,high,arrived_from_other_club_in_sample,wikipedia,20,8,1.0,-2.0,6,14,1.6666666666666667,1.2,1.25,True,False,True,https://en.wikipedia.org/wiki/2011%E2%80%9312_Bundesliga
bundesliga,2011/12,Bayer Leverkusen,Leverkusen,Robin Dutt,Sami Hyypiä (caretaker),Sacked,sacked,2012-04-01,2012-04-01,0,caretaker,high,caretaker_flag_or_short_spell,wikipedia,28,7,1.0,-2.0,6,6,1.6666666666666667,2.2,,True,False,True,https://en.wikipedia.org/wiki/2011%E2%80%9312_Bundesliga
bundesliga,2011/12,SC Freiburg,Freiburg,Marcus Sorg,Christian Streich,Sacked,sacked,2011-12-29,2011-12-29,0,internal,manual,assistant/youth coach promoted as permanent head coach on a long-term contract to 2014,wikipedia,17,18,1.0,-6.0,6,17,1.3333333333333333,1.0,1.125,True,False,True,https://en.wikipedia.org/wiki/2011%E2%80%9312_Bundesliga
bundesliga,2011/12,Hamburger SV,Hamburg,Michael Oenning,Rodolfo Cardoso (caretaker),Sacked,sacked,2011-09-19,2011-09-19,0,caretaker,high,caretaker_flag_or_short_spell,wikipedia,6,18,0.1666666666666666,-11.0,6,28,2.0,1.6,1.625,True,False,True,https://en.wikipedia.org/wiki/2011%E2%80%9312_Bundesliga
bundesliga,2011/12,Hertha BSC,Hertha,Markus Babbel,Michael Skibbe,Sacked,sacked,2011-12-18,2011-12-22,4,external,manual,hired from Eskisehirspor on a 2.5-year deal as permanent head coach; Widmayer was the one-match caretaker,wikipedia,17,11,0.6666666666666666,-2.0,6,17,0.0,0.0,0.375,True,False,True,https://en.wikipedia.org/wiki/2011%E2%80%9312_Bundesliga
bundesliga,2011/12,Hertha BSC,Hertha,Michael Skibbe,Otto Rehhagel,Sacked,sacked,2012-02-12,2012-02-18,6,caretaker,manual,outsider hired on a short-term deal only until the end of the season as a relegation rescue,wikipedia,21,15,0.1666666666666666,-10.0,6,12,1.0,1.2,0.875,True,False,True,https://en.wikipedia.org/wiki/2011%E2%80%9312_Bundesliga
bundesliga,2011/12,1. FC Kaiserslautern,Kaiserslautern,Marco Kurz,Krasimir Balakov,Sacked,sacked,2012-03-20,2012-03-22,2,external,manual,hired from Hajduk Split on a contract to June 2013 covering Bundesliga and 2. Bundesliga,wikipedia,26,18,0.3333333333333333,-10.0,6,8,0.0,0.0,0.375,True,False,True,https://en.wikipedia.org/wiki/2011%E2%80%9312_Bundesliga
bundesliga,2011/12,1. FC Köln,FC Koln,Ståle Solbakken,Frank Schaefer,Sacked,sacked,2012-04-12,2012-04-12,0,caretaker,high,caretaker_flag_or_short_spell,wikipedia,30,16,0.6666666666666666,-12.0,6,4,0.3333333333333333,,,False,False,True,https://en.wikipedia.org/wiki/2011%E2%80%9312_Bundesliga
bundesliga,2012/13,TSG 1899 Hoffenheim,Hoffenheim,Markus Babbel,Marco Kurz,Sacked,sacked,2012-12-03,2013-01-01,29,caretaker,high,caretaker_flag_or_short_spell,wikipedia,15,16,0.6666666666666666,-7.0,6,17,1.3333333333333333,0.8,0.875,True,False,True,https://en.wikipedia.org/wiki/2012%E2%80%9313_Bundesliga
bundesliga,2012/13,TSG 1899 Hoffenheim,Hoffenheim,Marco Kurz,Markus Gisdol,Sacked,sacked,2013-04-02,2013-04-02,0,external,manual,named new manager for this season and beyond; contacted while outside the club after leaving Schalke staff,wikipedia,27,17,0.6666666666666666,-3.0,6,7,1.3333333333333333,1.6,,True,False,True,https://en.wikipedia.org/wiki/2012%E2%80%9313_Bundesliga
bundesliga,2012/13,Greuther Fürth,Greuther Furth,Mike Büskens,Frank Kramer,Sacked,sacked,2013-02-20,2013-03-11,19,external,manual,hired from Hoffenheim U23 on a contract to 2015 as permanent successor; Preis was the interim,wikipedia,22,18,0.6666666666666666,-6.0,6,9,0.3333333333333333,0.8,0.875,True,False,True,https://en.wikipedia.org/wiki/2012%E2%80%9313_Bundesliga
bundesliga,2012/13,Schalke 04,Schalke 04,Huub Stevens,Jens Keller,Sacked,sacked,2012-12-16,2012-12-16,0,internal,manual,U17 coach promoted as new head coach until season end; club said he was expressly not an interim,wikipedia,17,7,0.3333333333333333,-8.0,6,17,1.3333333333333333,1.0,1.75,True,False,True,https://en.wikipedia.org/wiki/2012%E2%80%9313_Bundesliga
bundesliga,2012/13,Werder Bremen,Werder Bremen,Thomas Schaaf,Wolfgang Rolff,Mutual consent,mutual_consent,2013-05-15,2013-05-15,0,caretaker,manual,Assistants Rolff and Hönerbach took the last matchday while the club said it would search for an external successor.,wikipedia,33,14,0.5,-6.0,6,1,,,,False,True,True,https://en.wikipedia.org/wiki/2012%E2%80%9313_Bundesliga
bundesliga,2012/13,VfL Wolfsburg,Wolfsburg,Felix Magath,Dieter Hecking,Mutual consent,mutual_consent,2012-10-25,2012-12-22,58,caretaker,high,caretaker_flag_or_short_spell,wikipedia,8,18,0.3333333333333333,-10.0,6,17,1.3333333333333333,1.4,1.375,False,True,True,https://en.wikipedia.org/wiki/2012%E2%80%9313_Bundesliga
bundesliga,2013/14,Bayer Leverkusen,Leverkusen,Sami Hyypiä,Sascha Lewandowski (caretaker),Sacked,sacked,2014-04-05,2014-04-05,0,caretaker,high,caretaker_flag_or_short_spell,wikipedia,29,4,0.8333333333333334,-1.0,6,5,2.333333333333333,2.6,,True,False,True,https://en.wikipedia.org/wiki/2013%E2%80%9314_Bundesliga
bundesliga,2013/14,Hamburger SV,Hamburg,Thorsten Fink,Bert van Marwijk,Sacked,sacked,2013-09-17,2013-09-22,5,external,manual,former Netherlands coach signed a two-year deal as Fink's permanent successor,wikipedia,5,15,0.8,-5.0,5,28,1.6666666666666667,1.6,1.5,True,False,True,https://en.wikipedia.org/wiki/2013%E2%80%9314_Bundesliga
bundesliga,2013/14,Hamburger SV,Hamburg,Bert van Marwijk,Mirko Slomka,Sacked,sacked,2014-02-15,2014-02-17,2,external,high,arrived_from_other_club_in_sample,wikipedia,21,17,0.0,-14.0,6,13,1.3333333333333333,1.4,1.375,True,False,True,https://en.wikipedia.org/wiki/2013%E2%80%9314_Bundesliga
bundesliga,2013/14,Hannover 96,Hannover,Mirko Slomka,Tayfun Korkut,Sacked,sacked,2013-12-27,2013-12-31,4,external,manual,left Turkey assistant role to sign as head coach until June 2016,wikipedia,17,12,0.8333333333333334,-3.0,6,17,2.0,1.2,1.375,True,False,True,https://en.wikipedia.org/wiki/2013%E2%80%9314_Bundesliga
bundesliga,2013/14,1. FC Nürnberg,Nurnberg,Michael Wiesinger,Gertjan Verbeek,Sacked,sacked,2013-10-07,2013-10-22,15,external,manual,hired from AZ Alkmaar on a deal through June 2015 after a two-week search; Prinzen was interim,wikipedia,8,16,0.5,-8.0,6,25,0.3333333333333333,0.4,0.625,True,False,True,https://en.wikipedia.org/wiki/2013%E2%80%9314_Bundesliga
bundesliga,2013/14,1. FC Nürnberg,Nurnberg,Gertjan Verbeek,Roger Prinzen,Sacked,sacked,2014-04-23,2014-04-23,0,caretaker,manual,U23 coach named Interimscoach for the remaining matchdays after Verbeek's sacking.,wikipedia,31,17,0.5,-10.0,6,3,0.0,,,False,False,True,https://en.wikipedia.org/wiki/2013%E2%80%9314_Bundesliga
bundesliga,2013/14,VfB Stuttgart,Stuttgart,Bruno Labbadia,Thomas Schneider,Sacked,sacked,2013-08-26,2013-08-26,0,internal,manual,U17 coach promoted to first-team head coach on a two-year contract,wikipedia,3,17,0.0,-3.0,3,31,2.333333333333333,2.2,1.625,True,False,True,https://en.wikipedia.org/wiki/2013%E2%80%9314_Bundesliga
bundesliga,2013/14,VfB Stuttgart,Stuttgart,Thomas Schneider,Huub Stevens,Sacked,sacked,2014-03-09,2014-03-09,0,caretaker,high,caretaker_flag_or_short_spell,wikipedia,24,15,0.1666666666666666,-9.0,6,10,1.3333333333333333,1.4,1.5,True,False,True,https://en.wikipedia.org/wiki/2013%E2%80%9314_Bundesliga
bundesliga,2015/16,1899 Hoffenheim,Hoffenheim,Markus Gisdol,Huub Stevens,Sacked,sacked,2015-10-26,2015-10-26,0,caretaker,high,caretaker_flag_or_short_spell,wikipedia,10,17,0.8333333333333334,-3.0,6,24,0.6666666666666666,0.8,1.0,True,False,True,https://en.wikipedia.org/wiki/2015%E2%80%9316_Bundesliga
bundesliga,2015/16,Eintracht Frankfurt,Ein Frankfurt,Armin Veh,Niko Kovač,Sacked,sacked,2016-03-06,2016-03-08,2,external,manual,"Former Croatia manager hired as new head coach on a deal through 2017, not labelled interim.",wikipedia,25,15,0.5,-6.0,6,9,1.0,0.6,1.5,True,False,True,https://en.wikipedia.org/wiki/2015%E2%80%9316_Bundesliga
bundesliga,2015/16,Hannover 96,Hannover,Thomas Schaaf,Daniel Stendel,Sacked,sacked,2016-04-03,2016-04-03,0,caretaker,high,caretaker_flag_or_short_spell,wikipedia,28,18,0.5,-12.0,6,6,1.6666666666666667,1.6,,True,False,True,https://en.wikipedia.org/wiki/2015%E2%80%9316_Bundesliga
bundesliga,2015/16,VfB Stuttgart,Stuttgart,Alexander Zorniger,Jürgen Kramny,Sacked,sacked,2015-11-24,2015-11-24,0,caretaker,high,caretaker_flag_or_short_spell,wikipedia,13,16,1.1666666666666667,-6.0,6,21,0.6666666666666666,1.6,2.125,True,False,True,https://en.wikipedia.org/wiki/2015%E2%80%9316_Bundesliga
bundesliga,2016/17,FC Augsburg,Augsburg,Dirk Schuster,Manuel Baum,Sacked,sacked,2016-12-14,2016-12-14,0,caretaker,high,caretaker_flag_or_short_spell,wikipedia,14,12,1.0,-1.0,6,20,1.3333333333333333,2.0,1.625,True,False,True,https://en.wikipedia.org/wiki/2016%E2%80%9317_Bundesliga
bundesliga,2016/17,Bayer Leverkusen,Leverkusen,Roger Schmidt,Tayfun Korkut,Sacked,sacked,2017-03-05,2017-03-06,1,caretaker,manual,Outsider signed only to season end as an interim solution; club planned a new coach for July.,wikipedia,23,8,1.0,-3.0,6,11,0.6666666666666666,1.0,0.75,True,False,True,https://en.wikipedia.org/wiki/2016%E2%80%9317_Bundesliga
bundesliga,2016/17,Borussia Mönchengladbach,M'gladbach,André Schubert,Dieter Hecking,Sacked,sacked,2016-12-21,2016-12-21,0,external,high,arrived_from_other_club_in_sample,wikipedia,16,13,0.6666666666666666,-5.0,6,18,2.333333333333333,2.0,2.0,True,False,True,https://en.wikipedia.org/wiki/2016%E2%80%9317_Bundesliga
bundesliga,2016/17,Darmstadt 98,Darmstadt,Norbert Meier,Torsten Frings,Sacked,sacked,2016-12-05,2016-12-27,22,caretaker,high,caretaker_flag_or_short_spell,wikipedia,13,16,0.5,-6.0,6,18,0.3333333333333333,0.8,0.875,True,False,True,https://en.wikipedia.org/wiki/2016%E2%80%9317_Bundesliga
bundesliga,2016/17,Hamburger SV,Hamburg,Bruno Labbadia,Markus Gisdol,Sacked,sacked,2016-09-25,2016-09-25,0,external,manual,Hired from outside as new head coach; short deal to June 2017 was at his own wish.,wikipedia,5,16,0.2,-8.0,5,29,0.3333333333333333,0.2,0.75,True,False,True,https://en.wikipedia.org/wiki/2016%E2%80%9317_Bundesliga
bundesliga,2016/17,FC Ingolstadt,Ingolstadt,Markus Kauczinski,Maik Walpurgis,Sacked,sacked,2016-11-06,2016-11-12,6,external,manual,Former Osnabruck coach hired as permanent Cheftrainer on a contract to summer 2018.,wikipedia,10,17,0.1666666666666666,-8.0,6,24,1.3333333333333333,2.0,1.625,True,False,True,https://en.wikipedia.org/wiki/2016%E2%80%9317_Bundesliga
bundesliga,2016/17,Werder Bremen,Werder Bremen,Viktor Skrypnyk,Alexander Nouri,Sacked,sacked,2016-09-18,2016-09-18,0,caretaker,high,caretaker_flag_or_short_spell,wikipedia,3,18,0.0,-10.0,3,31,1.3333333333333333,1.4,0.875,True,False,True,https://en.wikipedia.org/wiki/2016%E2%80%9317_Bundesliga
bundesliga,2016/17,VfL Wolfsburg,Wolfsburg,Dieter Hecking,Valérien Ismaël,Sacked,sacked,2016-10-17,2016-10-17,0,caretaker,high,caretaker_flag_or_short_spell,wikipedia,7,14,0.5,-6.0,6,27,1.0,0.8,0.875,True,False,True,https://en.wikipedia.org/wiki/2016%E2%80%9317_Bundesliga
bundesliga,2016/17,VfL Wolfsburg,Wolfsburg,Valérien Ismaël,Andries Jonker,Sacked,sacked,2017-02-26,2017-02-27,1,external,manual,Arsenal academy manager signed as new head coach until 2018; earlier Wolfsburg assistant spell had ended.,wikipedia,22,14,1.0,-4.0,6,12,2.333333333333333,1.6,1.375,True,False,True,https://en.wikipedia.org/wiki/2016%E2%80%9317_Bundesliga
bundesliga,2017/18,Bayern Munich,Bayern Munich,Carlo Ancelotti,Willy Sagnol (interim),Sacked,sacked,2017-09-28,2017-09-28,0,caretaker,high,caretaker_flag_or_short_spell,wikipedia,6,2,2.1666666666666665,9.0,6,28,2.333333333333333,2.6,2.375,True,False,True,https://en.wikipedia.org/wiki/2017%E2%80%9318_Bundesliga
bundesliga,2017/18,Borussia Dortmund,Dortmund,Peter Bosz,Peter Stöger,Sacked,sacked,2017-12-10,2017-12-10,0,external,high,arrived_from_other_club_in_sample,wikipedia,15,7,0.3333333333333333,-6.0,6,19,2.333333333333333,1.8,2.25,True,False,True,https://en.wikipedia.org/wiki/2017%E2%80%9318_Bundesliga
bundesliga,2017/18,Hamburger SV,Hamburg,Markus Gisdol,Bernd Hollerbach,Sacked,sacked,2018-01-21,2018-01-22,1,external,manual,"Hired from Wurzburg as new head coach on a contract to June 2019, not caretaker.",wikipedia,19,17,0.3333333333333333,-6.0,6,15,0.6666666666666666,0.4,0.375,True,False,True,https://en.wikipedia.org/wiki/2017%E2%80%9318_Bundesliga
bundesliga,2017/18,Hamburger SV,Hamburg,Bernd Hollerbach,Christian Titz,Sacked,sacked,2018-03-12,2018-03-12,0,caretaker,manual,HSV U21 coach appointed to first team provisionally until season end; later made permanent.,wikipedia,26,17,0.3333333333333333,-10.0,6,8,1.3333333333333333,1.4,1.625,True,False,True,https://en.wikipedia.org/wiki/2017%E2%80%9318_Bundesliga
bundesliga,2017/18,1. FC Köln,FC Koln,Peter Stöger,Stefan Ruthenbeck,Sacked,sacked,2017-12-03,2017-12-03,0,caretaker,high,caretaker_flag_or_short_spell,wikipedia,14,18,0.3333333333333333,-7.0,6,20,1.0,1.8,1.25,True,False,True,https://en.wikipedia.org/wiki/2017%E2%80%9318_Bundesliga
bundesliga,2017/18,VfB Stuttgart,Stuttgart,Hannes Wolf,Tayfun Korkut,Sacked,sacked,2018-01-28,2018-01-29,1,external,manual,Hired from outside as new head coach on a contract until summer 2019.,wikipedia,20,15,0.5,-6.0,6,14,2.333333333333333,2.6,2.25,True,False,True,https://en.wikipedia.org/wiki/2017%E2%80%9318_Bundesliga
bundesliga,2017/18,Werder Bremen,Werder Bremen,Alexander Nouri,Florian Kohfeldt,Sacked,sacked,2017-10-30,2017-10-30,0,caretaker,manual,Werder U23 coach named interim after Nouri sacking while club still sought a permanent.,wikipedia,10,17,0.6666666666666666,-5.0,6,24,1.0,1.8,1.375,True,False,True,https://en.wikipedia.org/wiki/2017%E2%80%9318_Bundesliga
bundesliga,2017/18,VfL Wolfsburg,Wolfsburg,Andries Jonker,Martin Schmidt,Sacked,sacked,2017-09-18,2017-09-18,0,external,high,arrived_from_other_club_in_sample,wikipedia,4,13,1.0,-3.0,4,30,1.0,1.0,1.25,True,False,True,https://en.wikipedia.org/wiki/2017%E2%80%9318_Bundesliga
bundesliga,2018/19,FC Augsburg,Augsburg,Manuel Baum,Martin Schmidt,Sacked,sacked,2019-04-09,2019-04-09,0,external,manual,"Former Mainz/Wolfsburg manager hired as new head coach on a contract to 2020, not just the last six games.",wikipedia,28,15,1.1666666666666667,-8.0,6,6,2.0,1.4,,True,False,True,https://en.wikipedia.org/wiki/2018%E2%80%9319_Bundesliga
bundesliga,2018/19,Bayer Leverkusen,Leverkusen,Heiko Herrlich,Peter Bosz,Sacked,sacked,2018-12-23,2018-12-23,0,external,manual,club signed unemployed Bosz as permanent head coach to June 2020 after sacking Herrlich,wikipedia,17,9,2.1666666666666665,5.0,6,17,2.0,2.4,2.25,True,False,True,https://en.wikipedia.org/wiki/2018%E2%80%9319_Bundesliga
bundesliga,2018/19,Hannover 96,Hannover,André Breitenreiter,Thomas Doll,Sacked,sacked,2019-01-27,2019-01-27,0,external,manual,club appointed Doll from outside on a contract until June 2020 as new head coach,wikipedia,19,17,0.3333333333333333,-10.0,6,15,1.0,0.6,0.375,True,False,True,https://en.wikipedia.org/wiki/2018%E2%80%9319_Bundesliga
bundesliga,2018/19,1. FC Nürnberg,Nurnberg,Michael Köllner,Boris Schommers (interim),Sacked,sacked,2019-02-12,2019-02-12,0,caretaker,high,caretaker_flag_or_short_spell,wikipedia,21,18,0.1666666666666666,-8.0,6,13,0.3333333333333333,0.2,0.75,True,False,True,https://en.wikipedia.org/wiki/2018%E2%80%9319_Bundesliga
bundesliga,2018/19,Schalke 04,Schalke 04,Domenico Tedesco,Huub Stevens (interim),Sacked,sacked,2019-03-14,2019-03-14,0,caretaker,high,caretaker_flag_or_short_spell,wikipedia,25,14,0.1666666666666666,-13.0,6,9,1.0,0.8,1.125,True,False,True,https://en.wikipedia.org/wiki/2018%E2%80%9319_Bundesliga
bundesliga,2018/19,VfB Stuttgart,Stuttgart,Tayfun Korkut,Markus Weinzierl,Sacked,sacked,2018-10-07,2018-10-09,2,external,manual,club signed unemployed Weinzierl as new head coach on a contract until June 2020,wikipedia,7,18,0.8333333333333334,-6.0,6,27,0.0,0.6,1.125,True,False,True,https://en.wikipedia.org/wiki/2018%E2%80%9319_Bundesliga
bundesliga,2018/19,VfB Stuttgart,Stuttgart,Markus Weinzierl,Nico Willig (interim),Sacked,sacked,2019-04-20,2019-04-20,0,caretaker,high,caretaker_flag_or_short_spell,wikipedia,30,16,0.3333333333333333,-12.0,6,4,2.0,,,False,False,True,https://en.wikipedia.org/wiki/2018%E2%80%9319_Bundesliga
bundesliga,2019/20,1899 Hoffenheim,Hoffenheim,Alfred Schreuder,Matthias Kaltenbach / Marcel Rapp / Kai Herdling (interim),Mutual consent,mutual_consent,2020-06-09,2020-06-09,0,caretaker,high,caretaker_flag_or_short_spell,wikipedia,30,6,1.5,0.0,6,4,2.0,,,False,True,True,https://en.wikipedia.org/wiki/2019%E2%80%9320_Bundesliga
bundesliga,2019/20,FC Augsburg,Augsburg,Martin Schmidt,Heiko Herrlich,Sacked,sacked,2020-03-09,2020-03-10,1,external,manual,club appointed unemployed Herrlich as new head coach on a contract until June 2022,wikipedia,25,14,0.6666666666666666,-9.0,6,9,1.3333333333333333,1.0,1.125,True,False,True,https://en.wikipedia.org/wiki/2019%E2%80%9320_Bundesliga
bundesliga,2019/20,Bayern Munich,Bayern Munich,Niko Kovač,Hansi Flick,Mutual consent,mutual_consent,2019-11-03,2019-11-03,0,caretaker,manual,Club said Co-Trainer Flick would take the team bis auf weiteres; later confirmed permanent after an interim spell.,wikipedia,10,2,1.6666666666666667,1.0,6,24,2.0,1.8,2.25,False,True,True,https://en.wikipedia.org/wiki/2019%E2%80%9320_Bundesliga
bundesliga,2019/20,Fortuna Düsseldorf,Fortuna Dusseldorf,Friedhelm Funkel,Uwe Rösler,Sacked,sacked,2020-01-29,2020-01-29,0,external,manual,club hired Rösler from Malmö as new head coach on a deal through June 2021,wikipedia,19,18,0.5,-14.0,6,15,0.6666666666666666,1.2,1.125,True,False,True,https://en.wikipedia.org/wiki/2019%E2%80%9320_Bundesliga
bundesliga,2019/20,Hertha BSC,Hertha,Ante Čović,Jürgen Klinsmann,Mutual consent,mutual_consent,2019-11-27,2019-11-27,0,external,manual,"Appointed new head coach until the end of the season with no interim label; supervisory-board member, not existing coaching staff.",wikipedia,12,14,0.6666666666666666,-6.0,6,22,1.3333333333333333,1.6,1.5,False,True,True,https://en.wikipedia.org/wiki/2019%E2%80%9320_Bundesliga
bundesliga,2019/20,1. FC Köln,FC Koln,Achim Beierlorzer,Markus Gisdol,Sacked,sacked,2019-11-09,2019-11-18,9,external,manual,club signed unemployed Gisdol as new head coach on a contract until June 2021,wikipedia,11,17,0.6666666666666666,-6.0,6,23,0.3333333333333333,1.4,1.625,True,False,True,https://en.wikipedia.org/wiki/2019%E2%80%9320_Bundesliga
bundesliga,2019/20,Mainz 05,Mainz,Sandro Schwarz,Achim Beierlorzer,Mutual consent,mutual_consent,2019-11-10,2019-11-18,8,external,high,arrived_from_other_club_in_sample,wikipedia,11,16,1.0,-8.0,6,23,2.0,1.8,1.125,False,True,True,https://en.wikipedia.org/wiki/2019%E2%80%9320_Bundesliga
bundesliga,2020/21,Arminia Bielefeld,Bielefeld,Uwe Neuhaus,Frank Kramer,Sacked,sacked,2021-03-01,2021-03-02,1,external,manual,club hired Kramer from RB Salzburg academy as new head coach on a contract until 2023,wikipedia,22,16,0.6666666666666666,-9.0,6,12,1.3333333333333333,1.0,1.5,True,False,True,https://en.wikipedia.org/wiki/2020%E2%80%9321_Bundesliga
bundesliga,2020/21,FC Augsburg,Augsburg,Heiko Herrlich,Markus Weinzierl,Sacked,sacked,2021-04-26,2021-04-26,0,external,manual,Former manager hired back from outside as Cheftrainer on a contract to June 2022.,wikipedia,31,12,0.6666666666666666,-5.0,6,3,1.0,,,False,False,True,https://en.wikipedia.org/wiki/2020%E2%80%9321_Bundesliga
bundesliga,2020/21,Bayer Leverkusen,Leverkusen,Peter Bosz,Hannes Wolf (interim),Sacked,sacked,2021-03-23,2021-03-23,0,caretaker,high,caretaker_flag_or_short_spell,wikipedia,26,6,0.8333333333333334,-4.0,6,8,2.333333333333333,2.0,1.5,True,False,True,https://en.wikipedia.org/wiki/2020%E2%80%9321_Bundesliga
bundesliga,2020/21,Borussia Dortmund,Dortmund,Lucien Favre,Edin Terzić (interim),Sacked,sacked,2020-12-13,2020-12-13,0,caretaker,high,caretaker_flag_or_short_spell,wikipedia,11,5,1.1666666666666667,-1.0,6,23,2.0,2.0,1.625,True,False,True,https://en.wikipedia.org/wiki/2020%E2%80%9321_Bundesliga
bundesliga,2020/21,Hertha BSC,Hertha,Bruno Labbadia,Pál Dárdai,Sacked,sacked,2021-01-24,2021-01-25,1,internal,manual,U16 coach already at Hertha promoted to first-team manager on a contract to summer 2022,wikipedia,18,14,0.6666666666666666,-7.0,6,16,0.3333333333333333,0.2,0.875,True,False,True,https://en.wikipedia.org/wiki/2020%E2%80%9321_Bundesliga
bundesliga,2020/21,1. FC Köln,FC Koln,Markus Gisdol,Friedhelm Funkel,Sacked,sacked,2021-04-11,2021-04-12,1,caretaker,manual,outsider hired only until end of season as placeholder to try to stay up,wikipedia,28,17,0.3333333333333333,-7.0,6,6,2.0,1.4,,True,False,True,https://en.wikipedia.org/wiki/2020%E2%80%9321_Bundesliga
bundesliga,2020/21,Mainz 05,Mainz,Achim Beierlorzer,Jan-Moritz Lichte (interim),Sacked,sacked,2020-09-28,2020-09-28,0,caretaker,high,caretaker_flag_or_short_spell,wikipedia,2,17,0.0,-5.0,2,32,0.0,0.2,0.625,True,False,True,https://en.wikipedia.org/wiki/2020%E2%80%9321_Bundesliga
bundesliga,2020/21,Mainz 05,Mainz,Jan-Moritz Lichte (interim),Jan Siewert (interim),Sacked,sacked,2020-12-28,2020-12-28,0,caretaker,high,caretaker_flag_or_short_spell,wikipedia,13,17,0.8333333333333334,-1.0,6,21,0.3333333333333333,0.8,1.0,True,False,True,https://en.wikipedia.org/wiki/2020%E2%80%9321_Bundesliga
bundesliga,2020/21,Schalke 04,Schalke 04,David Wagner,Manuel Baum,Sacked,sacked,2020-09-27,2020-09-30,3,external,manual,club hired DFB U18 coach Baum as permanent head coach on a two-year contract,wikipedia,2,18,0.0,-10.0,2,32,0.3333333333333333,0.6,0.375,True,False,True,https://en.wikipedia.org/wiki/2020%E2%80%9321_Bundesliga
bundesliga,2020/21,Schalke 04,Schalke 04,Manuel Baum,Huub Stevens (interim),Sacked,sacked,2020-12-18,2020-12-18,0,caretaker,high,caretaker_flag_or_short_spell,wikipedia,12,18,0.3333333333333333,-10.0,6,22,1.0,0.6,0.5,True,False,True,https://en.wikipedia.org/wiki/2020%E2%80%9321_Bundesliga
bundesliga,2020/21,Schalke 04,Schalke 04,Christian Gross,Dimitris Grammozis,Sacked,sacked,2021-02-28,2021-03-02,2,external,manual,Hired from Darmstadt as new head coach on a contract to June 2022,wikipedia,23,18,0.3333333333333333,-15.0,6,11,0.3333333333333333,0.8,0.5,True,False,True,https://en.wikipedia.org/wiki/2020%E2%80%9321_Bundesliga
bundesliga,2020/21,Werder Bremen,Werder Bremen,Florian Kohfeldt,Thomas Schaaf (interim),Sacked,sacked,2021-05-16,2021-05-16,0,caretaker,high,caretaker_flag_or_short_spell,wikipedia,33,16,0.1666666666666666,-11.0,6,1,,,,False,False,True,https://en.wikipedia.org/wiki/2020%E2%80%9321_Bundesliga
bundesliga,2021/22,Arminia Bielefeld,Bielefeld,Frank Kramer,Marco Kostmann (interim),Sacked,sacked,2022-04-20,2022-04-20,0,caretaker,high,caretaker_flag_or_short_spell,wikipedia,30,17,0.1666666666666666,-13.0,6,4,0.3333333333333333,,,False,False,True,https://en.wikipedia.org/wiki/2021%E2%80%9322_Bundesliga
bundesliga,2021/22,Hertha BSC,Hertha,Pál Dárdai,Tayfun Korkut,Sacked,sacked,2021-11-29,2021-11-29,0,caretaker,manual,Outsider named new head coach on a deal only until the end of that season,wikipedia,13,14,1.3333333333333333,-2.0,6,21,1.3333333333333333,1.4,1.125,True,False,True,https://en.wikipedia.org/wiki/2021%E2%80%9322_Bundesliga
bundesliga,2021/22,Hertha BSC,Hertha,Tayfun Korkut,Felix Magath (interim),Sacked,sacked,2022-03-13,2022-03-13,0,caretaker,high,caretaker_flag_or_short_spell,wikipedia,26,16,0.1666666666666666,-14.0,6,8,1.0,1.8,1.25,True,False,True,https://en.wikipedia.org/wiki/2021%E2%80%9322_Bundesliga
bundesliga,2021/22,RB Leipzig,RB Leipzig,Jesse Marsch,Achim Beierlorzer (interim),Sacked,sacked,2021-12-05,2021-12-05,0,caretaker,high,caretaker_flag_or_short_spell,wikipedia,14,8,1.1666666666666667,-1.0,6,20,1.3333333333333333,2.0,2.0,True,False,True,https://en.wikipedia.org/wiki/2021%E2%80%9322_Bundesliga
bundesliga,2021/22,VfL Wolfsburg,Wolfsburg,Mark van Bommel,Florian Kohfeldt,Sacked,sacked,2021-10-24,2021-10-26,2,external,high,arrived_from_other_club_in_sample,wikipedia,9,8,0.6666666666666666,-6.0,6,25,2.333333333333333,1.4,0.875,True,False,True,https://en.wikipedia.org/wiki/2021%E2%80%9322_Bundesliga
bundesliga,2022/23,1899 Hoffenheim,Hoffenheim,André Breitenreiter,Pellegrino Matarazzo,Sacked,sacked,2023-02-06,2023-02-08,2,external,high,arrived_from_other_club_in_sample,wikipedia,19,14,0.1666666666666666,-11.0,6,15,0.0,0.0,1.125,True,False,True,https://en.wikipedia.org/wiki/2022%E2%80%9323_Bundesliga
bundesliga,2022/23,Bayer Leverkusen,Leverkusen,Gerardo Seoane,Xabi Alonso,Sacked,sacked,2022-10-05,2022-10-05,0,external,manual,Unemployed ex-Sociedad B coach hired as new head coach on a deal to June 2024,wikipedia,8,16,0.8333333333333334,-5.0,6,26,1.3333333333333333,1.4,2.0,True,False,True,https://en.wikipedia.org/wiki/2022%E2%80%9323_Bundesliga
bundesliga,2022/23,Bayern Munich,Bayern Munich,Julian Nagelsmann,Thomas Tuchel,Sacked,sacked,2023-03-24,2023-03-24,0,external,manual,"Unemployed Tuchel introduced as Nagelsmann successor as new head coach, not interim",wikipedia,25,2,2.0,7.0,6,9,2.333333333333333,2.0,2.0,True,False,True,https://en.wikipedia.org/wiki/2022%E2%80%9323_Bundesliga
bundesliga,2022/23,VfL Bochum,Bochum,Thomas Reis,Heiko Butscher (interim),Sacked,sacked,2022-09-12,2022-09-12,0,caretaker,high,caretaker_flag_or_short_spell,wikipedia,6,18,0.0,-14.0,6,28,1.3333333333333333,1.4,1.25,True,False,True,https://en.wikipedia.org/wiki/2022%E2%80%9323_Bundesliga
bundesliga,2022/23,Hertha BSC,Hertha,Sandro Schwarz,Pál Dárdai,Sacked,sacked,2023-04-16,2023-04-16,0,caretaker,manual,Brought back from outside only until end of 2022/23; later made permanent in June,wikipedia,28,17,0.3333333333333333,-9.0,6,6,1.0,0.8,,True,False,True,https://en.wikipedia.org/wiki/2022%E2%80%9323_Bundesliga
bundesliga,2022/23,RB Leipzig,RB Leipzig,Domenico Tedesco,Marco Rose,Sacked,sacked,2022-09-07,2022-09-08,1,external,high,arrived_from_other_club_in_sample,wikipedia,5,11,1.0,-3.0,5,29,2.0,2.0,2.125,True,False,True,https://en.wikipedia.org/wiki/2022%E2%80%9323_Bundesliga
bundesliga,2022/23,Schalke 04,Schalke 04,Frank Kramer,Matthias Kreutzer (interim),Sacked,sacked,2022-10-19,2022-10-20,1,caretaker,high,caretaker_flag_or_short_spell,wikipedia,10,16,0.6666666666666666,-7.0,6,24,0.0,0.6,0.5,True,False,True,https://en.wikipedia.org/wiki/2022%E2%80%9323_Bundesliga
bundesliga,2022/23,VfB Stuttgart,Stuttgart,Pellegrino Matarazzo,Michael Wimmer (interim),Sacked,sacked,2022-10-10,2022-10-11,1,caretaker,high,caretaker_flag_or_short_spell,wikipedia,9,17,0.5,-4.0,6,25,2.0,1.8,1.375,True,False,True,https://en.wikipedia.org/wiki/2022%E2%80%9323_Bundesliga
bundesliga,2022/23,VfB Stuttgart,Stuttgart,Bruno Labbadia,Sebastian Hoeneß,Sacked,sacked,2023-04-03,2023-04-03,0,external,manual,Unemployed ex-Hoffenheim coach hired as new head coach on a deal to June 2025,wikipedia,26,18,0.6666666666666666,-3.0,6,8,1.6666666666666667,1.6,1.625,True,False,True,https://en.wikipedia.org/wiki/2022%E2%80%9323_Bundesliga
bundesliga,2023/24,FC Augsburg,Augsburg,Enrico Maaßen,Jess Thorup,Sacked,sacked,2023-10-09,2023-10-15,6,external,manual,Hired from outside as new head coach on a contract to June 2025,wikipedia,7,14,0.6666666666666666,-7.0,6,27,2.333333333333333,1.8,1.625,True,False,True,https://en.wikipedia.org/wiki/2023%E2%80%9324_Bundesliga
bundesliga,2023/24,VfL Bochum,Bochum,Thomas Letsch,Heiko Butscher (interim),Sacked,sacked,2024-04-08,2024-04-09,1,caretaker,high,caretaker_flag_or_short_spell,wikipedia,28,15,0.1666666666666666,-10.0,6,6,1.3333333333333333,1.4,,True,False,True,https://en.wikipedia.org/wiki/2023%E2%80%9324_Bundesliga
bundesliga,2023/24,1. FC Köln,FC Koln,Steffen Baumgart,Timo Schultz,Mutual consent,mutual_consent,2023-12-21,2024-01-04,14,external,manual,"Hired from FC Basel as the new Cheftrainer, not from Köln staff.",wikipedia,16,17,0.8333333333333334,-4.0,6,18,0.6666666666666666,1.2,0.875,False,True,True,https://en.wikipedia.org/wiki/2023%E2%80%9324_Bundesliga
bundesliga,2023/24,Mainz 05,Mainz,Bo Svensson,Jan Siewert,Mutual consent,mutual_consent,2023-11-02,2023-11-02,0,caretaker,manual,U23 coach took the first team bis auf Weiteres; only later made permanent.,wikipedia,9,18,0.3333333333333333,-8.0,6,25,1.6666666666666667,1.2,1.0,False,True,True,https://en.wikipedia.org/wiki/2023%E2%80%9324_Bundesliga
bundesliga,2023/24,Mainz 05,Mainz,Jan Siewert,Bo Henriksen,Sacked,sacked,2024-02-12,2024-02-13,1,external,manual,Hired from FC Zurich as new head coach on a contract to 2026,wikipedia,21,17,0.5,-4.0,6,13,1.3333333333333333,1.4,1.75,True,False,True,https://en.wikipedia.org/wiki/2023%E2%80%9324_Bundesliga
bundesliga,2023/24,Union Berlin,Union Berlin,Urs Fischer,Marco Grote (interim),Mutual consent,mutual_consent,2023-11-15,2023-11-15,0,caretaker,high,caretaker_flag_or_short_spell,wikipedia,11,18,0.0,-15.0,6,23,1.3333333333333333,1.6,1.375,False,True,True,https://en.wikipedia.org/wiki/2023%E2%80%9324_Bundesliga
bundesliga,2023/24,Union Berlin,Union Berlin,Nenad Bjelica,Marco Grote (interim),Sacked,sacked,2024-05-06,2024-05-06,0,caretaker,high,caretaker_flag_or_short_spell,wikipedia,32,15,0.3333333333333333,-8.0,6,2,,,,False,False,True,https://en.wikipedia.org/wiki/2023%E2%80%9324_Bundesliga
bundesliga,2023/24,VfL Wolfsburg,Wolfsburg,Niko Kovač,Ralph Hasenhüttl,Sacked,sacked,2024-03-17,2024-03-17,0,external,manual,Unemployed ex-Southampton coach hired as new head coach on a long-term deal,wikipedia,26,14,0.3333333333333333,-6.0,6,8,1.0,1.8,1.5,True,False,True,https://en.wikipedia.org/wiki/2023%E2%80%9324_Bundesliga
bundesliga,2024/25,VfL Bochum,Bochum,Peter Zeidler,Markus Feldhoff Murat Ural (interim),Sacked,sacked,2024-10-20,2024-10-21,1,caretaker,high,caretaker_flag_or_short_spell,wikipedia,7,18,0.1666666666666666,-9.0,6,27,0.3333333333333333,0.2,0.875,True,False,True,https://en.wikipedia.org/wiki/2024%E2%80%9325_Bundesliga
bundesliga,2024/25,Borussia Dortmund,Dortmund,Nuri Şahin,Mike Tullberg (interim),Sacked,sacked,2025-01-22,2025-01-22,0,caretaker,high,caretaker_flag_or_short_spell,wikipedia,18,10,0.8333333333333334,-3.0,6,16,1.3333333333333333,1.4,1.25,True,False,True,https://en.wikipedia.org/wiki/2024%E2%80%9325_Bundesliga
bundesliga,2024/25,TSG Hoffenheim,Hoffenheim,Pellegrino Matarazzo,Christian Ilzer,Sacked,sacked,2024-11-11,2024-11-15,4,external,manual,Hired from Sturm Graz as new head coach on a long-term contract,wikipedia,10,15,1.0,-1.0,6,24,1.3333333333333333,1.0,1.0,True,False,True,https://en.wikipedia.org/wiki/2024%E2%80%9325_Bundesliga
bundesliga,2024/25,RB Leipzig,RB Leipzig,Marco Rose,Zsolt Lőw (interim),Sacked,sacked,2025-03-30,2025-03-30,0,caretaker,high,caretaker_flag_or_short_spell,wikipedia,27,6,1.0,0.0,6,7,2.333333333333333,1.6,,True,False,True,https://en.wikipedia.org/wiki/2024%E2%80%9325_Bundesliga
bundesliga,2024/25,Union Berlin,Union Berlin,Bo Svensson,Steffen Baumgart,Sacked,sacked,2024-12-27,2024-12-30,3,external,manual,Hired from HSV as new head coach; former player but not then on Union staff,wikipedia,15,12,0.1666666666666666,-8.0,6,19,1.0,0.8,0.875,True,False,True,https://en.wikipedia.org/wiki/2024%E2%80%9325_Bundesliga
bundesliga,2024/25,VfL Wolfsburg,Wolfsburg,Ralph Hasenhüttl,Daniel Bauer (interim),Sacked,sacked,2025-05-04,2025-05-04,0,caretaker,high,caretaker_flag_or_short_spell,wikipedia,32,12,0.1666666666666666,-8.0,6,2,,,,False,False,True,https://en.wikipedia.org/wiki/2024%E2%80%9325_Bundesliga
la_liga,2008/09,Almería,Almeria,Gonzalo Arconada,Hugo Sánchez,Sacked,sacked,2008-12-21,2008-12-22,1,external,manual,Ex-Mexico coach hired as new manager until season end with stay-up extension option,wikipedia,16,15,0.6666666666666666,-4.0,6,22,1.6666666666666667,1.6,1.5,True,False,True,https://en.wikipedia.org/wiki/2008%E2%80%9309_La_Liga
la_liga,2008/09,Atlético Madrid,Ath Madrid,Javier Aguirre,Abel Resino,Sacked,sacked,2009-02-02,2009-02-02,0,external,manual,Hired from Castellon as new coach; club legend but not then on Atletico staff,wikipedia,21,6,0.8333333333333334,-3.0,6,17,1.3333333333333333,1.6,1.375,True,False,True,https://en.wikipedia.org/wiki/2008%E2%80%9309_La_Liga
la_liga,2008/09,Betis,Betis,Paco Chaparro,José María Nogués,Sacked,sacked,2009-04-06,2009-04-06,0,internal,manual,"Betis B coach promoted to first team until season end, to stay if they avoided relegation",wikipedia,29,16,0.8333333333333334,-5.0,6,9,2.0,1.2,1.25,True,False,True,https://en.wikipedia.org/wiki/2008%E2%80%9309_La_Liga
la_liga,2008/09,Espanyol,Espanol,Tintín Márquez,José Manuel Esnal,Sacked,sacked,2008-11-30,2008-12-01,1,external,manual,"Signed from outside as new manager until season end, not labelled interim",wikipedia,13,17,0.5,-8.0,6,25,0.3333333333333333,0.6,0.625,True,False,True,https://en.wikipedia.org/wiki/2008%E2%80%9309_La_Liga
la_liga,2008/09,Espanyol,Espanol,José Manuel Esnal,Mauricio Pochettino,Sacked,sacked,2009-01-20,2009-01-20,0,internal,manual,Women's-team assistant already at Espanyol promoted to first-team manager,wikipedia,19,18,0.5,-6.0,6,19,1.0,1.2,0.875,True,False,True,https://en.wikipedia.org/wiki/2008%E2%80%9309_La_Liga
la_liga,2008/09,Getafe,Getafe,Víctor Muñoz,Míchel,Sacked,sacked,2009-04-27,2009-04-27,0,external,manual,Ex-Madrid Castilla coach hired from outside as new manager until season end,wikipedia,33,17,1.0,-4.0,6,5,1.3333333333333333,1.6,,True,False,True,https://en.wikipedia.org/wiki/2008%E2%80%9309_La_Liga
la_liga,2008/09,Numancia,Numancia,Sergije Krešić,Pacheta,Sacked,sacked,2009-02-17,2009-02-17,0,internal,manual,Club director of football already at Numancia switched to manager,wikipedia,23,19,0.5,-6.0,6,15,1.0,1.2,1.0,True,False,True,https://en.wikipedia.org/wiki/2008%E2%80%9309_La_Liga
la_liga,2008/09,Osasuna,Osasuna,José Ángel Ziganda,José Antonio Camacho,Sacked,sacked,2008-10-13,2008-10-13,0,external,manual,Ex-Spain coach hired from outside as new manager until season end with renewal option,wikipedia,6,15,0.6666666666666666,-2.0,6,32,0.0,0.2,0.625,True,False,True,https://en.wikipedia.org/wiki/2008%E2%80%9309_La_Liga
la_liga,2008/09,Real Madrid,Real Madrid,Bernd Schuster,Juande Ramos,Sacked,sacked,2008-12-09,2008-12-09,0,external,high,arrived_from_other_club_in_sample,wikipedia,14,4,1.1666666666666667,-2.0,6,24,2.0,2.4,2.625,True,False,True,https://en.wikipedia.org/wiki/2008%E2%80%9309_La_Liga
la_liga,2008/09,Recreativo,Recreativo,Manolo Zambrano,Lucas Alcaraz,Sacked,sacked,2008-10-07,2008-10-07,0,external,manual,"Returning former Recre coach hired from outside as new manager, not then on staff",wikipedia,6,17,0.6666666666666666,-9.0,6,32,1.0,0.6,0.75,True,False,True,https://en.wikipedia.org/wiki/2008%E2%80%9309_La_Liga
la_liga,2009/10,Almería,Almeria,Hugo Sánchez,Juanma Lillo,Sacked,sacked,2009-12-20,2009-12-23,3,external,manual,Hired from outside as new manager until 30 June after Hugo Sanchez sacking,wikipedia,15,16,0.6666666666666666,-7.0,6,23,1.6666666666666667,1.2,1.625,True,False,True,https://en.wikipedia.org/wiki/2009%E2%80%9310_La_Liga
la_liga,2009/10,Atlético Madrid,Ath Madrid,Abel Resino,Quique Sánchez Flores,Sacked,sacked,2009-10-23,2009-10-23,0,external,manual,Hired from Valencia as new head coach; Santi Denia only a brief caretaker not in this row,wikipedia,7,15,1.0,-5.0,6,31,0.3333333333333333,0.8,1.0,True,False,True,https://en.wikipedia.org/wiki/2009%E2%80%9310_La_Liga
la_liga,2009/10,Racing Santander,Santander,Juan Carlos Mandiá,Miguel Ángel Portugal,Sacked,sacked,2009-11-09,2009-11-19,10,external,manual,"Returning former Racing coach hired from Real Madrid technical staff, not then at Racing",wikipedia,10,17,0.5,-4.0,6,28,1.0,1.2,1.625,True,False,True,https://en.wikipedia.org/wiki/2009%E2%80%9310_La_Liga
la_liga,2009/10,Sevilla,Sevilla,Manolo Jiménez,Antonio Álvarez,Sacked,sacked,2010-03-23,2010-03-26,3,caretaker,manual,Existing technical-staff member appointed head coach only until season end after Aragones declined,wikipedia,28,5,1.0,-1.0,6,10,2.0,1.8,1.875,True,False,True,https://en.wikipedia.org/wiki/2009%E2%80%9310_La_Liga
la_liga,2009/10,Valladolid,Valladolid,José Luis Mendilibar,Onésimo Sánchez,Sacked,sacked,2010-02-01,2010-02-01,0,internal,manual,B-team coach promoted as new first-team manager; president called it an internal promotion,wikipedia,20,17,0.8333333333333334,-7.0,6,18,0.6666666666666666,0.4,0.75,True,False,True,https://en.wikipedia.org/wiki/2009%E2%80%9310_La_Liga
la_liga,2009/10,Valladolid,Valladolid,Onésimo Sánchez,Javier Clemente,Sacked,sacked,2010-04-05,2010-04-06,1,external,manual,Hired from outside as new manager after Onesimo was sacked,wikipedia,30,19,0.6666666666666666,-8.0,6,8,1.6666666666666667,1.8,1.5,True,False,True,https://en.wikipedia.org/wiki/2009%E2%80%9310_La_Liga
la_liga,2009/10,Villarreal,Villarreal,Ernesto Valverde,Juan Carlos Garrido,Sacked,sacked,2010-01-31,2010-02-01,1,caretaker,manual,B-team coach given first team only until season end; permanent deal came later in April,wikipedia,20,9,1.3333333333333333,-1.0,6,18,1.0,1.4,1.375,True,False,True,https://en.wikipedia.org/wiki/2009%E2%80%9310_La_Liga
la_liga,2009/10,Xerez,Xerez,José Ángel Ziganda,Néstor Gorosito,Sacked,sacked,2010-01-12,2010-01-19,7,external,manual,Hired from outside as new manager after Ziganda sacking,wikipedia,17,20,0.0,-12.0,6,20,1.0,0.6,0.875,True,False,True,https://en.wikipedia.org/wiki/2009%E2%80%9310_La_Liga
la_liga,2009/10,Zaragoza,Zaragoza,Marcelino,José Aurelio Gay,Sacked,sacked,2009-12-12,2009-12-23,11,caretaker,manual,Zaragoza B coach named provisional/interim while club searched for a permanent,wikipedia,14,17,0.6666666666666666,-6.0,6,23,0.6666666666666666,1.0,1.125,True,False,True,https://en.wikipedia.org/wiki/2009%E2%80%9310_La_Liga
la_liga,2010/11,Almería,Almeria,Juanma Lillo,José Luis Oltra,Sacked,sacked,2010-11-20,2010-11-24,4,external,manual,Hired from outside as new manager after Lillo sacking,wikipedia,12,18,0.5,-10.0,6,26,1.3333333333333333,0.8,1.0,True,False,True,https://en.wikipedia.org/wiki/2010%E2%80%9311_La_Liga
la_liga,2010/11,Almería,Almeria,José Luis Oltra,Roberto Olabe,Sacked,sacked,2011-04-05,2011-04-05,0,external,manual,Returning former sporting director hired from outside as new coach until season end,wikipedia,30,20,0.8333333333333334,-4.0,6,8,0.0,0.0,0.5,True,False,True,https://en.wikipedia.org/wiki/2010%E2%80%9311_La_Liga
la_liga,2010/11,Hércules,Hercules,Esteban Vigo,Miroslav Đukić,Sacked,sacked,2011-03-20,2011-03-23,3,external,manual,Hired from outside as new manager after Vigo sacking,wikipedia,29,19,0.1666666666666666,-9.0,6,9,1.3333333333333333,1.4,1.0,True,False,True,https://en.wikipedia.org/wiki/2010%E2%80%9311_La_Liga
la_liga,2010/11,Málaga,Malaga,Jesualdo Ferreira,Manuel Pellegrini,Sacked,sacked,2010-11-02,2010-11-02,0,external,high,arrived_from_other_club_in_sample,wikipedia,9,17,0.6666666666666666,-6.0,6,29,1.0,1.2,1.125,True,False,True,https://en.wikipedia.org/wiki/2010%E2%80%9311_La_Liga
la_liga,2010/11,Osasuna,Osasuna,José Antonio Camacho,José Luis Mendilibar,Sacked,sacked,2011-02-14,2011-02-14,0,external,manual,Hired from outside as new manager after Camacho sacking,wikipedia,23,18,0.8333333333333334,-3.0,6,15,1.3333333333333333,2.0,1.625,True,False,True,https://en.wikipedia.org/wiki/2010%E2%80%9311_La_Liga
la_liga,2010/11,Racing Santander,Santander,Miguel Ángel Portugal,Marcelino,Sacked,sacked,2011-02-07,2011-02-09,2,external,manual,Hired from outside as new manager after Portugal sacking,wikipedia,22,16,0.6666666666666666,-4.0,6,16,2.333333333333333,1.6,1.75,True,False,True,https://en.wikipedia.org/wiki/2010%E2%80%9311_La_Liga
la_liga,2010/11,Sevilla,Sevilla,Antonio Álvarez,Gregorio Manzano,Sacked,sacked,2010-09-26,2010-09-26,0,external,high,arrived_from_other_club_in_sample,wikipedia,5,7,1.6,2.0,5,33,2.0,1.8,1.5,True,False,True,https://en.wikipedia.org/wiki/2010%E2%80%9311_La_Liga
la_liga,2010/11,Zaragoza,Zaragoza,José Aurelio Gay,Javier Aguirre,Sacked,sacked,2010-11-17,2010-11-17,0,external,manual,Hired from outside as new manager after Gay sacking,wikipedia,11,20,0.8333333333333334,-3.0,6,27,0.6666666666666666,0.6,1.125,True,False,True,https://en.wikipedia.org/wiki/2010%E2%80%9311_La_Liga
la_liga,2011/12,Atlético Madrid,Ath Madrid,Gregorio Manzano,Diego Simeone,Sacked,sacked,2011-12-22,2011-12-23,1,external,manual,Hired from Racing Avellaneda as new coach for rest of season plus one more,wikipedia,16,10,1.0,-5.0,6,22,2.333333333333333,2.2,1.625,True,False,True,https://en.wikipedia.org/wiki/2011%E2%80%9312_La_Liga
la_liga,2011/12,Granada,Granada,Fabri,Abel Resino,Sacked,sacked,2012-01-22,2012-01-23,1,external,manual,Hired from outside as new manager after Fabri sacking,wikipedia,19,17,0.6666666666666666,-8.0,6,19,2.0,1.8,1.5,True,False,True,https://en.wikipedia.org/wiki/2011%E2%80%9312_La_Liga
la_liga,2011/12,Racing Santander,Santander,Héctor Cúper,Juanjo González,Mutual consent,mutual_consent,2011-11-29,2011-11-30,1,caretaker,manual,Club named in-house trio de forma transitoria until a new coach was hired; interinidad ended weeks later.,wikipedia,13,20,0.8333333333333334,-3.0,6,25,1.6666666666666667,2.2,1.625,False,True,True,https://en.wikipedia.org/wiki/2011%E2%80%9312_La_Liga
la_liga,2011/12,Racing Santander,Santander,Juanjo González,Álvaro Cervera,Sacked,sacked,2012-03-07,2012-03-09,2,external,manual,"Hired from Recreativo as new manager until 30 June, not then on Racing staff",wikipedia,25,18,0.6666666666666666,-6.0,6,13,0.0,0.2,0.25,True,False,True,https://en.wikipedia.org/wiki/2011%E2%80%9312_La_Liga
la_liga,2011/12,Sevilla,Sevilla,Marcelino,Míchel,Sacked,sacked,2012-02-06,2012-02-07,1,external,manual,Hired from outside as new manager after Marcelino sacking,wikipedia,21,11,0.3333333333333333,-7.0,6,17,2.0,1.4,1.625,True,False,True,https://en.wikipedia.org/wiki/2011%E2%80%9312_La_Liga
la_liga,2011/12,Sporting de Gijón,Sp Gijon,Manolo Preciado,Iñaki Tejada (as caretaker),Sacked,sacked,2012-01-31,2012-01-31,0,caretaker,high,caretaker_flag_or_short_spell,wikipedia,20,19,1.0,-7.0,6,18,0.6666666666666666,0.6,0.75,True,False,True,https://en.wikipedia.org/wiki/2011%E2%80%9312_La_Liga
la_liga,2011/12,Villarreal,Villarreal,Juan Carlos Garrido,José Molina,Sacked,sacked,2011-12-22,2011-12-22,0,caretaker,manual,B-team coach given first team only until season end,wikipedia,16,17,0.8333333333333334,-2.0,6,22,1.3333333333333333,1.6,1.5,True,False,True,https://en.wikipedia.org/wiki/2011%E2%80%9312_La_Liga
la_liga,2011/12,Villarreal,Villarreal,José Molina,Miguel Ángel Lotina,Sacked,sacked,2012-03-18,2012-03-19,1,external,manual,Hired from outside as new manager until season end after Molina sacking,wikipedia,27,17,0.6666666666666666,-5.0,6,11,1.6666666666666667,1.6,1.375,True,False,True,https://en.wikipedia.org/wiki/2011%E2%80%9312_La_Liga
la_liga,2011/12,Zaragoza,Zaragoza,Javier Aguirre,Manolo Jiménez,Sacked,sacked,2011-12-30,2011-12-31,1,external,manual,Hired from outside as new manager after Aguirre sacking,wikipedia,16,20,0.1666666666666666,-8.0,6,22,0.6666666666666666,0.4,0.625,True,False,True,https://en.wikipedia.org/wiki/2011%E2%80%9312_La_Liga
la_liga,2012/13,Celta de Vigo,Celta,Paco Herrera,Abel Resino,Sacked,sacked,2013-02-18,2013-02-18,0,external,manual,Hired from outside as new manager after Herrera sacking,wikipedia,24,18,0.3333333333333333,-5.0,6,14,1.0,0.8,0.875,True,False,True,https://en.wikipedia.org/wiki/2012%E2%80%9313_La_Liga
la_liga,2012/13,Deportivo La Coruña,La Coruna,José Luis Oltra,Domingos Paciência,Sacked,sacked,2012-12-30,2012-12-31,1,external,manual,Hired from Sporting Lisbon unemployment as new manager until 30 June; not interim staff,wikipedia,17,20,0.3333333333333333,-11.0,6,21,1.3333333333333333,0.8,0.5,True,False,True,https://en.wikipedia.org/wiki/2012%E2%80%9313_La_Liga
la_liga,2012/13,Deportivo La Coruña,La Coruna,Domingos Paciência,Fernando Vázquez,Mutual consent,mutual_consent,2013-02-11,2013-02-11,0,external,manual,"Hired from outside as nuevo entrenador until season end, with automatic renewal if Deportivo stayed up.",wikipedia,23,20,0.6666666666666666,-6.0,6,15,0.3333333333333333,0.8,1.625,False,True,True,https://en.wikipedia.org/wiki/2012%E2%80%9313_La_Liga
la_liga,2012/13,Espanyol,Espanol,Mauricio Pochettino,Javier Aguirre,Mutual consent,mutual_consent,2012-11-26,2012-11-28,2,external,manual,Hired from outside on 28 November 2012 to replace Pochettino; not club staff.,wikipedia,13,20,1.1666666666666667,-4.0,6,25,1.0,1.2,1.625,False,True,True,https://en.wikipedia.org/wiki/2012%E2%80%9313_La_Liga
la_liga,2012/13,Granada,Granada,Juan Antonio Anquela,Lucas Alcaraz,Sacked,sacked,2013-01-30,2013-01-30,0,external,manual,Hired from outside as new manager after Anquela sacking,wikipedia,21,17,1.3333333333333333,-1.0,6,17,2.0,1.2,1.0,True,False,True,https://en.wikipedia.org/wiki/2012%E2%80%9313_La_Liga
la_liga,2012/13,Mallorca,Mallorca,Joaquín Caparrós,Gregorio Manzano,Sacked,sacked,2013-02-04,2013-02-05,1,external,manual,Hired from outside as new manager after Caparros sacking,wikipedia,22,19,0.6666666666666666,-6.0,6,16,0.3333333333333333,1.4,0.875,True,False,True,https://en.wikipedia.org/wiki/2012%E2%80%9313_La_Liga
la_liga,2012/13,Sevilla,Sevilla,Míchel,Unai Emery,Sacked,sacked,2013-01-14,2013-01-14,0,external,manual,Hired from outside as new manager after Michel sacking,wikipedia,19,12,0.6666666666666666,-5.0,6,19,2.333333333333333,2.0,1.625,True,False,True,https://en.wikipedia.org/wiki/2012%E2%80%9313_La_Liga
la_liga,2012/13,Valencia,Valencia,Mauricio Pellegrino,Voro (caretaker),Sacked,sacked,2012-12-01,2012-12-01,0,caretaker,high,caretaker_flag_or_short_spell,wikipedia,14,12,1.1666666666666667,-5.0,6,24,2.0,2.4,2.0,True,False,True,https://en.wikipedia.org/wiki/2012%E2%80%9313_La_Liga
la_liga,2013/14,Getafe,Getafe,Luis García Plaza,Cosmin Contra,Sacked,sacked,2014-03-10,2014-03-10,0,external,manual,Returning former player hired from Petrolul as new coach on a 2.5-year deal; not then on staff,wikipedia,27,15,0.5,-7.0,6,11,0.3333333333333333,0.8,1.0,True,False,True,https://en.wikipedia.org/wiki/2013%E2%80%9314_La_Liga
la_liga,2013/14,Osasuna,Osasuna,José Luis Mendilibar,Javi Gracia,Sacked,sacked,2013-09-03,2013-09-04,1,external,high,arrived_from_other_club_in_sample,wikipedia,3,20,0.0,-6.0,3,35,1.0,1.2,1.25,True,False,True,https://en.wikipedia.org/wiki/2013%E2%80%9314_La_Liga
la_liga,2013/14,Real Betis,Betis,Pepe Mel,Juan Carlos Garrido,Sacked,sacked,2013-12-02,2013-12-02,0,external,manual,Hired from Club Brugge unemployment as new head coach until season end; not then at Betis,wikipedia,15,20,0.3333333333333333,-13.0,6,23,0.3333333333333333,0.2,0.5,True,False,True,https://en.wikipedia.org/wiki/2013%E2%80%9314_La_Liga
la_liga,2013/14,Real Betis,Betis,Juan Carlos Garrido,Gabriel Calderón,Sacked,sacked,2014-01-19,2014-01-19,0,external,manual,Hired from outside as new manager after Garrido sacking,wikipedia,20,20,0.3333333333333333,-11.0,6,18,1.0,0.6,1.0,True,False,True,https://en.wikipedia.org/wiki/2013%E2%80%9314_La_Liga
la_liga,2013/14,Valencia,Valencia,Miroslav Đukić,Juan Antonio Pizzi,Sacked,sacked,2013-12-16,2013-12-26,10,external,manual,Hired from San Lorenzo as new manager after Djukic sacking,wikipedia,16,9,1.1666666666666667,-1.0,6,21,1.3333333333333333,1.6,1.875,True,False,True,https://en.wikipedia.org/wiki/2013%E2%80%9314_La_Liga
la_liga,2014/15,Almería,Almeria,Francisco,Juan Ignacio Martínez,Sacked,sacked,2014-12-09,2014-12-12,3,external,manual,Hired from outside as new manager after Francisco sacking,wikipedia,14,17,0.1666666666666666,-7.0,6,23,2.0,1.2,1.625,True,False,True,https://en.wikipedia.org/wiki/2014%E2%80%9315_La_Liga
la_liga,2014/15,Almería,Almeria,Juan Ignacio Martínez,Sergi Barjuán,Sacked,sacked,2015-04-05,2015-04-06,1,external,manual,Hired from outside as new manager after Martinez sacking,wikipedia,29,17,0.3333333333333333,-8.0,6,9,1.0,1.2,0.875,True,False,True,https://en.wikipedia.org/wiki/2014%E2%80%9315_La_Liga
la_liga,2014/15,Córdoba,Cordoba,Albert Ferrer,Miroslav Đukić,Sacked,sacked,2014-10-20,2014-10-20,0,external,manual,Hired from outside as new manager after Ferrer sacking,wikipedia,8,19,0.5,-6.0,6,30,0.6666666666666666,0.6,0.875,True,False,True,https://en.wikipedia.org/wiki/2014%E2%80%9315_La_Liga
la_liga,2014/15,Córdoba,Cordoba,Miroslav Đukić,José Antonio Romero,Sacked,sacked,2015-03-16,2015-03-16,0,caretaker,manual,B-team coach given first team as announced interim until season end,wikipedia,27,20,0.0,-9.0,6,11,0.3333333333333333,0.4,0.25,True,False,True,https://en.wikipedia.org/wiki/2014%E2%80%9315_La_Liga
la_liga,2014/15,Deportivo La Coruña,La Coruna,Víctor Fernández,Víctor Sánchez,Sacked,sacked,2015-04-08,2015-04-08,0,external,manual,Former player hired from Olympiacos staff as new manager; not then at Deportivo,wikipedia,30,17,0.5,-4.0,6,8,0.6666666666666666,0.6,1.0,True,False,True,https://en.wikipedia.org/wiki/2014%E2%80%9315_La_Liga
la_liga,2014/15,Granada,Granada,Joaquín Caparrós,Abel Resino,Sacked,sacked,2015-01-13,2015-01-19,6,external,manual,Hired from outside as new manager after Caparros sacking,wikipedia,18,20,0.5,-7.0,6,19,1.3333333333333333,1.0,1.0,True,False,True,https://en.wikipedia.org/wiki/2014%E2%80%9315_La_Liga
la_liga,2014/15,Granada,Granada,Abel Resino,José Ramón Sandoval,Sacked,sacked,2015-05-01,2015-05-01,0,external,manual,"Club announced him as nuevo entrenador from outside after Resino's sacking, not as an interim.",wikipedia,34,19,0.3333333333333333,-16.0,6,4,3.0,,,False,False,True,https://en.wikipedia.org/wiki/2014%E2%80%9315_La_Liga
la_liga,2014/15,Levante,Levante,José Luis Mendilibar,Lucas Alcaraz,Sacked,sacked,2014-10-20,2014-10-21,1,external,high,arrived_from_other_club_in_sample,wikipedia,8,18,0.8333333333333334,-11.0,6,30,1.3333333333333333,1.4,1.25,True,False,True,https://en.wikipedia.org/wiki/2014%E2%80%9315_La_Liga
la_liga,2014/15,Real Sociedad,Sociedad,Jagoba Arrasate,David Moyes,Sacked,sacked,2014-11-02,2014-11-10,8,external,manual,Hired from outside as new manager after Arrasate sacking,wikipedia,10,17,0.3333333333333333,-5.0,6,27,1.3333333333333333,1.2,1.25,True,False,True,https://en.wikipedia.org/wiki/2014%E2%80%9315_La_Liga
la_liga,2015/16,Espanyol,Espanol,Sergio González,Constantin Gâlcă,Sacked,sacked,2015-12-14,2015-12-14,0,external,manual,Former player hired from Steaua Bucharest as new coach until season end; not then on staff,wikipedia,15,12,0.8333333333333334,-1.0,6,23,1.3333333333333333,0.8,0.625,True,False,True,https://en.wikipedia.org/wiki/2015%E2%80%9316_La_Liga
la_liga,2015/16,Getafe,Getafe,Fran Escribá,Juan Esnáider,Sacked,sacked,2016-04-11,2016-04-12,1,external,manual,Returning former assistant hired from outside as new manager until season end; not then on staff,wikipedia,32,19,0.3333333333333333,-14.0,6,6,1.3333333333333333,1.6,,True,False,True,https://en.wikipedia.org/wiki/2015%E2%80%9316_La_Liga
la_liga,2015/16,Granada,Granada,José Ramón Sandoval,José González,Sacked,sacked,2016-02-22,2016-02-22,0,external,manual,Hired from Beijing Guoan staff as new coach until season end; not then at Granada,wikipedia,25,20,0.5,-9.0,6,13,2.0,1.6,1.25,True,False,True,https://en.wikipedia.org/wiki/2015%E2%80%9316_La_Liga
la_liga,2015/16,Las Palmas,Las Palmas,Paco Herrera,Quique Setién,Sacked,sacked,2015-10-19,2015-10-19,0,external,manual,Hired from outside as new manager after Herrera sacking,wikipedia,8,19,0.6666666666666666,-6.0,6,30,1.3333333333333333,1.0,1.0,True,False,True,https://en.wikipedia.org/wiki/2015%E2%80%9316_La_Liga
la_liga,2015/16,Levante,Levante,Lucas Alcaraz,Rubi,Sacked,sacked,2015-10-26,2015-10-27,1,external,manual,Hired from outside as new manager after Alcaraz sacking,wikipedia,9,20,0.6666666666666666,-12.0,6,29,1.3333333333333333,1.0,0.625,True,False,True,https://en.wikipedia.org/wiki/2015%E2%80%9316_La_Liga
la_liga,2015/16,Real Betis,Betis,Pepe Mel,Juan Merino (caretaker),Sacked,sacked,2016-01-10,2016-02-03,24,caretaker,high,caretaker_flag_or_short_spell,wikipedia,19,14,0.3333333333333333,-10.0,6,16,1.6666666666666667,1.8,1.5,True,False,True,https://en.wikipedia.org/wiki/2015%E2%80%9316_La_Liga
la_liga,2015/16,Real Madrid,Real Madrid,Rafael Benítez,Zinedine Zidane,Sacked,sacked,2016-01-04,2016-01-04,0,internal,manual,Castilla coach promoted as new first-team manager; already on club staff,wikipedia,18,3,2.1666666666666665,14.0,6,20,2.333333333333333,2.6,2.125,True,False,True,https://en.wikipedia.org/wiki/2015%E2%80%9316_La_Liga
la_liga,2015/16,Real Sociedad,Sociedad,David Moyes,Eusebio Sacristán,Sacked,sacked,2015-11-09,2015-11-09,0,external,manual,Hired from outside as new manager on a deal to June 2017,wikipedia,11,16,0.6666666666666666,-3.0,6,27,2.0,1.4,1.375,True,False,True,https://en.wikipedia.org/wiki/2015%E2%80%9316_La_Liga
la_liga,2015/16,Valencia,Valencia,Gary Neville,Pako Ayestarán,Sacked,sacked,2016-03-30,2016-03-30,0,caretaker,manual,Existing assistant given the first team only until season end; later made permanent,wikipedia,30,13,1.0,-6.0,6,8,2.0,2.0,1.25,True,False,True,https://en.wikipedia.org/wiki/2015%E2%80%9316_La_Liga
la_liga,2016/17,Deportivo La Coruña,La Coruna,Gaizka Garitano,Pepe Mel,Sacked,sacked,2017-02-27,2017-02-27,0,external,manual,Hired from outside as new manager after Garitano sacking,wikipedia,23,16,0.3333333333333333,-8.0,6,15,1.6666666666666667,1.6,1.125,True,False,True,https://en.wikipedia.org/wiki/2016%E2%80%9317_La_Liga
la_liga,2016/17,Granada,Granada,Paco Jémez,Lucas Alcaraz,Sacked,sacked,2016-09-28,2016-10-03,5,external,manual,Hired from outside as new manager after Jemez sacking,wikipedia,6,19,0.3333333333333333,-8.0,6,31,0.3333333333333333,0.6,0.875,True,False,True,https://en.wikipedia.org/wiki/2016%E2%80%9317_La_Liga
la_liga,2016/17,Granada,Granada,Lucas Alcaraz,Tony Adams,Sacked,sacked,2017-04-10,2017-04-10,0,caretaker,manual,Existing sporting director/advisor given first team only until season end,wikipedia,31,19,0.1666666666666666,-9.0,6,7,0.0,0.0,,True,False,True,https://en.wikipedia.org/wiki/2016%E2%80%9317_La_Liga
la_liga,2016/17,Málaga,Malaga,Marcelo Romero,Míchel,Sacked,sacked,2017-03-07,2017-03-07,0,external,manual,Hired from outside as new manager after Romero sacking,wikipedia,26,15,0.6666666666666666,-5.0,6,12,0.3333333333333333,1.4,1.625,True,False,True,https://en.wikipedia.org/wiki/2016%E2%80%9317_La_Liga
la_liga,2016/17,Osasuna,Osasuna,Enrique Martín,Joaquín Caparrós,Sacked,sacked,2016-11-07,2016-11-08,1,external,manual,Hired from outside as new manager on a deal to June 2018,wikipedia,11,19,0.8333333333333334,-3.0,6,27,0.0,0.0,0.25,True,False,True,https://en.wikipedia.org/wiki/2016%E2%80%9317_La_Liga
la_liga,2016/17,Osasuna,Osasuna,Joaquín Caparrós,Petar Vasiljević,Sacked,sacked,2017-01-05,2017-01-05,0,caretaker,manual,Existing sporting director given first team only until season end,wikipedia,16,20,0.0,-13.0,6,22,0.6666666666666666,0.6,0.375,True,False,True,https://en.wikipedia.org/wiki/2016%E2%80%9317_La_Liga
la_liga,2016/17,Real Betis,Betis,Gustavo Poyet,Víctor Sánchez,Sacked,sacked,2016-11-11,2016-11-11,0,external,high,arrived_from_other_club_in_sample,wikipedia,11,14,1.0,-7.0,6,27,1.3333333333333333,1.4,1.375,True,False,True,https://en.wikipedia.org/wiki/2016%E2%80%9317_La_Liga
la_liga,2016/17,Real Betis,Betis,Víctor Sánchez,Alexis Trujillo (interim),Sacked,sacked,2017-05-09,2017-05-09,0,caretaker,high,caretaker_flag_or_short_spell,wikipedia,36,15,1.0,-8.0,6,2,,,,False,False,True,https://en.wikipedia.org/wiki/2016%E2%80%9317_La_Liga
la_liga,2016/17,Sporting Gijón,Sp Gijon,Abelardo Fernández,Rubi,Mutual consent,mutual_consent,2017-01-17,2017-01-17,0,external,manual,Hired from outside after Abelardo left; not a Sporting staff promotion.,wikipedia,18,18,0.5,-4.0,6,20,0.3333333333333333,0.8,0.625,False,True,True,https://en.wikipedia.org/wiki/2016%E2%80%9317_La_Liga
la_liga,2016/17,Valencia,Valencia,Pako Ayestarán,Cesare Prandelli,Sacked,sacked,2016-09-20,2016-09-28,8,caretaker,high,caretaker_flag_or_short_spell,wikipedia,4,20,0.0,-5.0,4,32,1.0,0.8,0.75,True,False,True,https://en.wikipedia.org/wiki/2016%E2%80%9317_La_Liga
la_liga,2017/18,Alavés,Alaves,Luis Zubeldía,Gianni De Biasi,Sacked,sacked,2017-09-17,2017-09-22,5,external,manual,Hired from outside as new head coach until season end with option for another year,wikipedia,4,20,0.0,-7.0,4,33,1.0,0.6,0.75,True,False,True,https://en.wikipedia.org/wiki/2017%E2%80%9318_La_Liga
la_liga,2017/18,Alavés,Alaves,Gianni De Biasi,Abelardo Fernández,Sacked,sacked,2017-11-27,2017-12-01,4,external,manual,Hired from outside as new manager after De Biasi sacking,wikipedia,13,19,0.5,-8.0,6,25,2.0,1.8,1.625,True,False,True,https://en.wikipedia.org/wiki/2017%E2%80%9318_La_Liga
la_liga,2017/18,Deportivo La Coruña,La Coruna,Pepe Mel,Cristóbal Parralo,Sacked,sacked,2017-10-24,2017-10-24,0,internal,manual,Fabril coach promoted as new first-team manager; already on club staff,wikipedia,9,16,1.1666666666666667,-3.0,6,29,1.0,0.8,0.875,True,False,True,https://en.wikipedia.org/wiki/2017%E2%80%9318_La_Liga
la_liga,2017/18,Deportivo La Coruña,La Coruna,Cristóbal Parralo,Clarence Seedorf,Sacked,sacked,2018-02-04,2018-02-05,1,external,manual,Hired from outside as new manager after Parralo sacking,wikipedia,22,18,0.3333333333333333,-14.0,6,16,0.3333333333333333,0.4,0.375,True,False,True,https://en.wikipedia.org/wiki/2017%E2%80%9318_La_Liga
la_liga,2017/18,Espanyol,Espanol,Quique Sánchez Flores,David Gallego (caretaker),Sacked,sacked,2018-04-20,2018-04-20,0,caretaker,high,caretaker_flag_or_short_spell,wikipedia,33,16,0.6666666666666666,-5.0,6,5,2.333333333333333,2.6,,True,False,True,https://en.wikipedia.org/wiki/2017%E2%80%9318_La_Liga
la_liga,2017/18,Las Palmas,Las Palmas,Pako Ayestarán,Paco Jémez,Sacked,sacked,2017-11-30,2017-12-21,21,caretaker,high,caretaker_flag_or_short_spell,wikipedia,13,19,0.1666666666666666,-14.0,6,21,1.0,1.2,1.0,True,False,True,https://en.wikipedia.org/wiki/2017%E2%80%9318_La_Liga
la_liga,2017/18,Levante,Levante,Juan Muñiz,Paco López,Sacked,sacked,2018-03-04,2018-03-04,0,caretaker,manual,B-team coach given first team only until June; later made permanent,wikipedia,27,17,0.3333333333333333,-8.0,6,11,2.333333333333333,2.0,2.375,True,False,True,https://en.wikipedia.org/wiki/2017%E2%80%9318_La_Liga
la_liga,2017/18,Málaga,Malaga,Míchel,José González,Sacked,sacked,2018-01-13,2018-01-13,0,external,manual,Hired from Beijing Guoan as new manager for the second half; not then at Malaga,wikipedia,19,19,0.6666666666666666,-3.0,6,19,0.6666666666666666,0.4,0.25,True,False,True,https://en.wikipedia.org/wiki/2017%E2%80%9318_La_Liga
la_liga,2017/18,Real Sociedad,Sociedad,Eusebio Sacristán,Imanol Alguacil,Sacked,sacked,2018-03-18,2018-03-18,0,caretaker,manual,B-team coach named interim for last nine games while club searched for next season,wikipedia,29,14,1.1666666666666667,1.0,6,9,2.333333333333333,2.0,2.0,True,False,True,https://en.wikipedia.org/wiki/2017%E2%80%9318_La_Liga
la_liga,2017/18,Sevilla,Sevilla,Eduardo Berizzo,Vincenzo Montella,Sacked,sacked,2017-12-22,2017-12-28,6,external,high,arrived_from_other_club_in_sample,wikipedia,17,5,1.6666666666666667,-3.0,6,21,1.0,0.8,1.25,True,False,True,https://en.wikipedia.org/wiki/2017%E2%80%9318_La_Liga
la_liga,2017/18,Sevilla,Sevilla,Vincenzo Montella,Joaquín Caparrós (caretaker),Sacked,sacked,2018-04-28,2018-04-28,0,caretaker,high,caretaker_flag_or_short_spell,wikipedia,34,8,0.5,-6.0,6,4,2.333333333333333,,,False,False,True,https://en.wikipedia.org/wiki/2017%E2%80%9318_La_Liga
la_liga,2017/18,Villarreal,Villarreal,Fran Escribá,Javier Calleja,Sacked,sacked,2017-09-25,2017-09-25,0,internal,manual,B-team coach promoted as new first-team manager for 2017/18; club called it a home-grown appointment,wikipedia,6,14,1.1666666666666667,-3.0,6,32,3.0,2.6,1.75,True,False,True,https://en.wikipedia.org/wiki/2017%E2%80%9318_La_Liga
la_liga,2018/19,Athletic Bilbao,Ath Bilbao,Eduardo Berizzo,Gaizka Garitano,Sacked,sacked,2018-12-04,2018-12-04,0,internal,manual,Bilbao Athletic coach promoted as new first-team manager; already on club staff,wikipedia,14,18,0.5,-5.0,6,24,1.6666666666666667,2.2,1.875,True,False,True,https://en.wikipedia.org/wiki/2018%E2%80%9319_La_Liga
la_liga,2018/19,Celta Vigo,Celta,Antonio Mohamed,Miguel Cardoso,Sacked,sacked,2018-11-12,2018-11-12,0,external,high,arrived_from_other_club_in_sample,wikipedia,12,14,0.8333333333333334,0.0,6,26,2.0,1.4,0.875,True,False,True,https://en.wikipedia.org/wiki/2018%E2%80%9319_La_Liga
la_liga,2018/19,Celta Vigo,Celta,Miguel Cardoso,Fran Escribá,Sacked,sacked,2019-03-03,2019-03-03,0,external,manual,Hired from outside as new manager after Cardoso sacking,wikipedia,26,17,0.6666666666666666,-6.0,6,12,1.0,1.4,1.375,True,False,True,https://en.wikipedia.org/wiki/2018%E2%80%9319_La_Liga
la_liga,2018/19,Huesca,Huesca,Leo Franco,Francisco,Sacked,sacked,2018-10-09,2018-10-10,1,external,manual,Hired from outside as new manager after Franco sacking,wikipedia,8,20,0.1666666666666666,-12.0,6,30,0.3333333333333333,0.4,0.375,True,False,True,https://en.wikipedia.org/wiki/2018%E2%80%9319_La_Liga
la_liga,2018/19,Rayo Vallecano,Vallecano,Míchel,Paco Jémez,Sacked,sacked,2019-03-18,2019-03-20,2,external,manual,Returning former manager hired from outside; not then on Rayo staff,wikipedia,28,19,0.0,-9.0,6,10,1.3333333333333333,1.0,1.0,True,False,True,https://en.wikipedia.org/wiki/2018%E2%80%9319_La_Liga
la_liga,2018/19,Real Madrid,Real Madrid,Julen Lopetegui,Santiago Solari,Sacked,sacked,2018-10-29,2018-10-30,1,caretaker,high,caretaker_flag_or_short_spell,wikipedia,10,9,0.6666666666666666,-8.0,6,28,2.0,2.4,2.0,True,False,True,https://en.wikipedia.org/wiki/2018%E2%80%9319_La_Liga
la_liga,2018/19,Real Madrid,Real Madrid,Santiago Solari,Zinedine Zidane,Sacked,sacked,2019-03-11,2019-03-11,0,external,manual,Returning former manager hired from outside; not then on Madrid staff,wikipedia,27,3,2.0,7.0,6,11,2.0,2.0,1.75,True,False,True,https://en.wikipedia.org/wiki/2018%E2%80%9319_La_Liga
la_liga,2018/19,Real Sociedad,Sociedad,Asier Garitano,Imanol Alguacil,Sacked,sacked,2018-12-26,2018-12-26,0,internal,manual,Sanse coach promoted as new first-team manager on a deal for rest of season plus one more year,wikipedia,17,15,1.0,-1.0,6,21,2.333333333333333,2.2,2.0,True,False,True,https://en.wikipedia.org/wiki/2018%E2%80%9319_La_Liga
la_liga,2018/19,Sevilla,Sevilla,Pablo Machín,Joaquín Caparrós,Sacked,sacked,2019-03-15,2019-03-15,0,caretaker,manual,Existing sporting director given first team only until season end,wikipedia,27,6,0.6666666666666666,-4.0,6,11,2.0,2.4,1.875,True,False,True,https://en.wikipedia.org/wiki/2018%E2%80%9319_La_Liga
la_liga,2018/19,Villarreal,Villarreal,Javier Calleja,Luis García,Sacked,sacked,2018-12-10,2018-12-10,0,external,manual,Hired from Beijing Renhe as new manager until season end; not then at Villarreal,wikipedia,15,17,0.8333333333333334,-3.0,6,23,1.0,0.8,0.75,True,False,True,https://en.wikipedia.org/wiki/2018%E2%80%9319_La_Liga
la_liga,2018/19,Villarreal,Villarreal,Luis García,Javier Calleja,Sacked,sacked,2019-01-29,2019-01-29,0,external,manual,Rehired from outside after earlier sacking; not then on Villarreal staff,wikipedia,21,19,0.6666666666666666,-4.0,6,17,1.6666666666666667,1.0,1.375,True,False,True,https://en.wikipedia.org/wiki/2018%E2%80%9319_La_Liga
la_liga,2019/20,Alavés,Alaves,Asier Garitano,Juan Muñiz,Sacked,sacked,2020-07-05,2020-07-05,0,external,manual,"Club named López Muñiz as the coach until season end with an option for another year, not as an interim.",wikipedia,34,16,0.5,-9.0,6,4,1.3333333333333333,,,False,False,True,https://en.wikipedia.org/wiki/2019%E2%80%9320_La_Liga
la_liga,2019/20,Barcelona,Barcelona,Ernesto Valverde,Quique Setién,Sacked,sacked,2020-01-13,2020-01-13,0,external,manual,Hired from outside as new manager after Valverde sacking,wikipedia,19,1,2.0,7.0,6,19,2.0,2.4,2.25,True,False,True,https://en.wikipedia.org/wiki/2019%E2%80%9320_La_Liga
la_liga,2019/20,Celta Vigo,Celta,Fran Escribá,Óscar García,Sacked,sacked,2019-11-03,2019-11-04,1,external,manual,Hired from outside as new manager after Escriba sacking,wikipedia,12,18,0.5,-6.0,6,26,1.3333333333333333,1.0,0.875,True,False,True,https://en.wikipedia.org/wiki/2019%E2%80%9320_La_Liga
la_liga,2019/20,Espanyol,Espanol,David Gallego,Pablo Machín,Sacked,sacked,2019-10-07,2019-10-07,0,external,manual,Hired from outside as new manager after Gallego sacking,wikipedia,8,18,0.6666666666666666,-8.0,6,30,1.0,0.6,0.5,True,False,True,https://en.wikipedia.org/wiki/2019%E2%80%9320_La_Liga
la_liga,2019/20,Espanyol,Espanol,Pablo Machín,Abelardo,Sacked,sacked,2019-12-23,2019-12-27,4,external,manual,Hired from outside as new manager after Machin sacking,wikipedia,18,20,0.3333333333333333,-8.0,6,20,1.6666666666666667,1.6,1.25,True,False,True,https://en.wikipedia.org/wiki/2019%E2%80%9320_La_Liga
la_liga,2019/20,Espanyol,Espanol,Abelardo,Francisco Rufete (interim),Sacked,sacked,2020-06-27,2020-06-27,0,caretaker,high,caretaker_flag_or_short_spell,wikipedia,31,20,0.8333333333333334,-2.0,6,7,0.0,0.0,,True,False,True,https://en.wikipedia.org/wiki/2019%E2%80%9320_La_Liga
la_liga,2019/20,Real Betis,Betis,Rubi,Alexis Trujillo (interim),Sacked,sacked,2020-06-21,2020-06-21,0,caretaker,high,caretaker_flag_or_short_spell,wikipedia,30,14,0.8333333333333334,-3.0,6,8,1.0,1.4,0.875,True,False,True,https://en.wikipedia.org/wiki/2019%E2%80%9320_La_Liga
la_liga,2019/20,Valencia,Valencia,Marcelino,Albert Celades,Sacked,sacked,2019-09-11,2019-09-11,0,external,manual,Hired from Spain setup as new first-team coach on a deal to June 2021,wikipedia,3,10,1.3333333333333333,1.0,3,35,0.6666666666666666,1.6,1.25,True,False,True,https://en.wikipedia.org/wiki/2019%E2%80%9320_La_Liga
la_liga,2019/20,Valencia,Valencia,Albert Celades,Voro (interim),Sacked,sacked,2020-06-29,2020-06-29,0,caretaker,high,caretaker_flag_or_short_spell,wikipedia,32,8,0.8333333333333334,-4.0,6,6,1.3333333333333333,1.4,,True,False,True,https://en.wikipedia.org/wiki/2019%E2%80%9320_La_Liga
la_liga,2020/21,Alavés,Alaves,Pablo Machín,Abelardo,Sacked,sacked,2021-01-12,2021-01-12,0,external,manual,Returning former manager hired from outside as new coach until season end; not then on staff,wikipedia,18,14,0.6666666666666666,-5.0,6,20,0.3333333333333333,0.8,0.5,True,False,True,https://en.wikipedia.org/wiki/2020%E2%80%9321_La_Liga
la_liga,2020/21,Alavés,Alaves,Abelardo,Javier Calleja,Sacked,sacked,2021-04-05,2021-04-05,0,external,manual,Hired from outside as new manager after Abelardo sacking,wikipedia,29,20,0.1666666666666666,-9.0,6,9,2.333333333333333,1.6,1.875,True,False,True,https://en.wikipedia.org/wiki/2020%E2%80%9321_La_Liga
la_liga,2020/21,Athletic Bilbao,Ath Bilbao,Gaizka Garitano,Marcelino,Sacked,sacked,2021-01-03,2021-01-04,1,external,manual,Hired from outside as new manager after Garitano sacking,wikipedia,17,9,1.3333333333333333,0.0,6,21,1.0,1.4,1.5,True,False,True,https://en.wikipedia.org/wiki/2020%E2%80%9321_La_Liga
la_liga,2020/21,Celta Vigo,Celta,Óscar García,Eduardo Coudet,Sacked,sacked,2020-11-09,2020-11-12,3,external,manual,Hired from outside as new manager after Oscar Garcia sacking,wikipedia,9,17,0.3333333333333333,-10.0,6,29,2.0,2.4,2.0,True,False,True,https://en.wikipedia.org/wiki/2020%E2%80%9321_La_Liga
la_liga,2020/21,Huesca,Huesca,Míchel,Pacheta,Sacked,sacked,2021-01-12,2021-01-12,0,external,high,arrived_from_other_club_in_sample,wikipedia,18,20,0.6666666666666666,-5.0,6,20,1.3333333333333333,0.8,1.0,True,False,True,https://en.wikipedia.org/wiki/2020%E2%80%9321_La_Liga
la_liga,2020/21,Valencia,Valencia,Javi Gracia,Voro (caretaker),Sacked,sacked,2021-05-02,2021-05-03,1,caretaker,high,caretaker_flag_or_short_spell,wikipedia,34,14,0.5,-4.0,6,4,2.0,,,False,False,True,https://en.wikipedia.org/wiki/2020%E2%80%9321_La_Liga
la_liga,2021/22,Alavés,Alaves,Javier Calleja,José Luis Mendilibar,Sacked,sacked,2021-12-28,2021-12-28,0,external,manual,Hired from outside as new manager after Calleja sacking,wikipedia,18,18,0.3333333333333333,-7.0,6,20,0.6666666666666666,0.4,0.75,True,False,True,https://en.wikipedia.org/wiki/2021%E2%80%9322_La_Liga
la_liga,2021/22,Alavés,Alaves,José Luis Mendilibar,Julio Velázquez,Sacked,sacked,2022-04-03,2022-04-05,2,external,manual,Hired from outside as new manager after Mendilibar sacking,wikipedia,30,19,0.3333333333333333,-8.0,6,8,1.0,1.2,1.125,True,False,True,https://en.wikipedia.org/wiki/2021%E2%80%9322_La_Liga
la_liga,2021/22,Barcelona,Barcelona,Ronald Koeman,Xavi,Sacked,sacked,2021-10-27,2021-11-05,9,caretaker,high,caretaker_flag_or_short_spell,wikipedia,10,9,1.1666666666666667,1.0,6,27,2.333333333333333,1.6,1.875,True,False,True,https://en.wikipedia.org/wiki/2021%E2%80%9322_La_Liga
la_liga,2021/22,Cádiz,Cadiz,Álvaro Cervera,Sergio,Sacked,sacked,2022-01-11,2022-01-11,0,external,manual,Hired from Valladolid unemployment as new first-team coach until season end; not then at Cadiz,wikipedia,20,19,0.3333333333333333,-8.0,6,18,1.3333333333333333,1.2,1.25,True,False,True,https://en.wikipedia.org/wiki/2021%E2%80%9322_La_Liga
la_liga,2021/22,Elche,Elche,Fran Escribá,Francisco,Sacked,sacked,2021-11-21,2021-11-28,7,external,manual,Hired from outside as new manager after Escriba sacking,wikipedia,14,18,0.3333333333333333,-6.0,6,24,1.3333333333333333,1.0,1.5,True,False,True,https://en.wikipedia.org/wiki/2021%E2%80%9322_La_Liga
la_liga,2021/22,Espanyol,Espanol,Vicente Moreno,Luis Blanco (caretaker),Sacked,sacked,2022-05-13,2022-05-13,0,caretaker,high,caretaker_flag_or_short_spell,wikipedia,36,13,0.6666666666666666,-6.0,6,2,,,,False,False,True,https://en.wikipedia.org/wiki/2021%E2%80%9322_La_Liga
la_liga,2021/22,Getafe,Getafe,Míchel,Quique Sánchez Flores,Sacked,sacked,2021-10-04,2021-10-06,2,external,manual,Hired from outside as new manager after Michel sacking,wikipedia,8,20,0.1666666666666666,-8.0,6,30,0.6666666666666666,1.0,1.25,True,False,True,https://en.wikipedia.org/wiki/2021%E2%80%9322_La_Liga
la_liga,2021/22,Granada,Granada,Robert Moreno,Rubén Torrecilla (caretaker),Sacked,sacked,2022-03-06,2022-03-06,0,caretaker,high,caretaker_flag_or_short_spell,wikipedia,27,17,0.1666666666666666,-10.0,6,11,1.3333333333333333,0.8,1.125,True,False,True,https://en.wikipedia.org/wiki/2021%E2%80%9322_La_Liga
la_liga,2021/22,Levante,Levante,Paco López,Javier Pereira,Sacked,sacked,2021-10-03,2021-10-07,4,external,manual,Hired from Henan as new head coach until June 2022 with optional extra years,wikipedia,8,17,0.3333333333333333,-7.0,6,30,0.6666666666666666,0.4,0.5,True,False,True,https://en.wikipedia.org/wiki/2021%E2%80%9322_La_Liga
la_liga,2021/22,Levante,Levante,Javier Pereira,Alessio Lisci,Sacked,sacked,2021-11-29,2021-12-07,8,caretaker,manual,B-team coach named interim at the vacancy; only later confirmed as new manager,wikipedia,15,20,0.3333333333333333,-8.0,6,22,0.0,0.6,0.75,True,False,True,https://en.wikipedia.org/wiki/2021%E2%80%9322_La_Liga
la_liga,2021/22,Mallorca,Mallorca,Luis García,Javier Aguirre,Sacked,sacked,2022-03-22,2022-03-24,2,external,manual,Hired from outside as new manager after Garcia sacking,wikipedia,29,18,0.0,-9.0,6,9,1.0,1.2,1.25,True,False,True,https://en.wikipedia.org/wiki/2021%E2%80%9322_La_Liga
la_liga,2022/23,Celta Vigo,Celta,Eduardo Coudet,Carlos Carvalhal,Sacked,sacked,2022-11-02,2022-11-02,0,external,manual,Hired from outside as new manager after Coudet sacking,wikipedia,12,15,0.6666666666666666,-6.0,6,26,0.6666666666666666,1.2,1.5,True,False,True,https://en.wikipedia.org/wiki/2022%E2%80%9323_La_Liga
la_liga,2022/23,Elche,Elche,Francisco,Alberto Gallego (caretaker),Sacked,sacked,2022-10-04,2022-10-07,3,caretaker,high,caretaker_flag_or_short_spell,wikipedia,7,20,0.1666666666666666,-12.0,6,31,0.6666666666666666,0.6,0.375,True,False,True,https://en.wikipedia.org/wiki/2022%E2%80%9323_La_Liga
la_liga,2022/23,Elche,Elche,Jorge Almirón,Pablo Machín,Sacked,sacked,2022-11-07,2022-11-17,10,external,manual,Hired from outside as new manager after Almiron sacking,wikipedia,13,20,0.5,-5.0,6,24,0.3333333333333333,0.4,0.625,True,False,True,https://en.wikipedia.org/wiki/2022%E2%80%9323_La_Liga
la_liga,2022/23,Elche,Elche,Pablo Machín,Sebastián Beccacece,Sacked,sacked,2023-03-20,2023-03-21,1,external,manual,Hired from outside as new manager after Machin sacking,wikipedia,26,20,0.6666666666666666,-7.0,6,12,0.0,0.0,0.75,True,False,True,https://en.wikipedia.org/wiki/2022%E2%80%9323_La_Liga
la_liga,2022/23,Espanyol,Espanol,Diego Martínez,Luis García,Sacked,sacked,2023-04-03,2023-04-03,0,external,manual,Former player hired from RSC Internacional as new coach to June 2024; not then on Espanyol staff,wikipedia,27,17,1.0,-4.0,6,11,0.3333333333333333,0.8,0.875,True,False,True,https://en.wikipedia.org/wiki/2022%E2%80%9323_La_Liga
la_liga,2022/23,Getafe,Getafe,Quique Sánchez Flores,José Bordalás,Sacked,sacked,2023-04-27,2023-04-29,2,external,manual,Returning former manager hired from outside; not then on Getafe staff,wikipedia,31,17,0.8333333333333334,-3.0,6,7,1.0,1.4,,True,False,True,https://en.wikipedia.org/wiki/2022%E2%80%9323_La_Liga
la_liga,2022/23,Sevilla,Sevilla,Julen Lopetegui,Jorge Sampaoli,Sacked,sacked,2022-10-05,2022-10-06,1,external,high,arrived_from_other_club_in_sample,wikipedia,7,15,0.8333333333333334,-5.0,6,31,1.6666666666666667,1.0,0.875,True,False,True,https://en.wikipedia.org/wiki/2022%E2%80%9323_La_Liga
la_liga,2022/23,Sevilla,Sevilla,Jorge Sampaoli,José Luis Mendilibar,Sacked,sacked,2023-03-21,2023-03-21,0,external,manual,Hired from outside as new manager after Sampaoli sacking,wikipedia,26,14,1.1666666666666667,-5.0,6,12,2.333333333333333,2.6,2.375,True,False,True,https://en.wikipedia.org/wiki/2022%E2%80%9323_La_Liga
la_liga,2022/23,Valencia,Valencia,Gennaro Gattuso,Voro (interim),Mutual consent,mutual_consent,2023-01-31,2023-01-31,0,caretaker,high,caretaker_flag_or_short_spell,wikipedia,18,14,0.8333333333333334,0.0,6,20,0.0,0.6,0.75,False,True,True,https://en.wikipedia.org/wiki/2022%E2%80%9323_La_Liga
la_liga,2022/23,Valladolid,Valladolid,Pacheta,Paulo Pezzolano,Sacked,sacked,2023-04-03,2023-04-04,1,external,manual,Hired from outside as new manager after Pacheta sacking,wikipedia,27,16,0.6666666666666666,-11.0,6,11,2.333333333333333,1.4,0.875,True,False,True,https://en.wikipedia.org/wiki/2022%E2%80%9323_La_Liga
la_liga,2023/24,Almería,Almeria,Vicente Moreno,Alberto Lasarte (caretaker),Sacked,sacked,2023-09-29,2023-09-29,0,caretaker,high,caretaker_flag_or_short_spell,wikipedia,7,20,0.3333333333333333,-8.0,6,31,0.3333333333333333,0.2,0.25,True,False,True,https://en.wikipedia.org/wiki/2023%E2%80%9324_La_Liga
la_liga,2023/24,Almería,Almeria,Gaizka Garitano,Pepe Mel,Sacked,sacked,2024-03-13,2024-03-13,0,external,manual,Hired from outside as new manager after Garitano sacking,wikipedia,28,20,0.6666666666666666,-2.0,6,10,1.3333333333333333,0.8,0.875,True,False,True,https://en.wikipedia.org/wiki/2023%E2%80%9324_La_Liga
la_liga,2023/24,Cádiz,Cadiz,Sergio González,Mauricio Pellegrino,Sacked,sacked,2024-01-23,2024-01-24,1,external,manual,Hired from outside as new manager after Sergio sacking,wikipedia,21,18,0.5,-6.0,6,17,0.6666666666666666,0.6,0.875,True,False,True,https://en.wikipedia.org/wiki/2023%E2%80%9324_La_Liga
la_liga,2023/24,Celta Vigo,Celta,Rafael Benítez,Claudio Giráldez,Sacked,sacked,2024-03-12,2024-03-12,0,internal,manual,Celta Fortuna coach promoted as new first-team manager; already on club staff,wikipedia,28,17,1.1666666666666667,-2.0,6,10,1.3333333333333333,1.4,1.625,True,False,True,https://en.wikipedia.org/wiki/2023%E2%80%9324_La_Liga
la_liga,2023/24,Granada,Granada,Paco López,Alexander Medina,Sacked,sacked,2023-11-26,2023-11-27,1,external,manual,Hired from outside as new manager after Lopez sacking,wikipedia,14,19,0.3333333333333333,-6.0,6,24,0.3333333333333333,0.8,0.5,True,False,True,https://en.wikipedia.org/wiki/2023%E2%80%9324_La_Liga
la_liga,2023/24,Granada,Granada,Alexander Medina,José Ramón Sandoval,Sacked,sacked,2024-03-19,2024-03-19,0,external,manual,Returning former manager hired from outside as new coach; not then on Granada staff,wikipedia,28,19,0.5,-6.0,6,10,1.0,1.4,0.875,True,False,True,https://en.wikipedia.org/wiki/2023%E2%80%9324_La_Liga
la_liga,2023/24,Rayo Vallecano,Vallecano,Francisco,Iñigo Pérez,Sacked,sacked,2024-02-13,2024-02-15,2,external,manual,Former Iraola assistant hired from outside as new manager; not then on Rayo staff,wikipedia,24,14,0.6666666666666666,-3.0,6,14,0.6666666666666666,1.0,1.25,True,False,True,https://en.wikipedia.org/wiki/2023%E2%80%9324_La_Liga
la_liga,2023/24,Sevilla,Sevilla,José Luis Mendilibar,Diego Alonso,Sacked,sacked,2023-10-08,2023-10-10,2,external,manual,Hired from Uruguay NT unemployment as new coach until season end,wikipedia,8,13,1.3333333333333333,3.0,6,30,1.0,0.8,0.625,True,False,True,https://en.wikipedia.org/wiki/2023%E2%80%9324_La_Liga
la_liga,2023/24,Sevilla,Sevilla,Diego Alonso,Quique Sánchez Flores,Sacked,sacked,2023-12-16,2023-12-18,2,external,manual,Hired from outside as new manager after Alonso sacking,wikipedia,16,16,0.5,-5.0,6,22,1.0,0.6,1.25,True,False,True,https://en.wikipedia.org/wiki/2023%E2%80%9324_La_Liga
la_liga,2023/24,Villarreal,Villarreal,Quique Setién,Pacheta,Sacked,sacked,2023-09-05,2023-09-09,4,external,manual,Hired from outside as new head coach for the rest of the season,wikipedia,4,15,0.75,-3.0,4,34,1.3333333333333333,1.0,1.125,True,False,True,https://en.wikipedia.org/wiki/2023%E2%80%9324_La_Liga
la_liga,2023/24,Villarreal,Villarreal,Pacheta,Miguel Ángel Tena (caretaker),Sacked,sacked,2023-11-10,2023-11-10,0,caretaker,high,caretaker_flag_or_short_spell,wikipedia,12,13,0.8333333333333334,-2.0,6,26,1.3333333333333333,0.8,0.875,True,False,True,https://en.wikipedia.org/wiki/2023%E2%80%9324_La_Liga
la_liga,2024/25,Alavés,Alaves,Luis García,Eduardo Coudet,Sacked,sacked,2024-12-02,2024-12-02,0,external,manual,Hired from outside as new manager after Garcia sacking,wikipedia,15,15,0.6666666666666666,-5.0,6,23,1.0,1.2,0.875,True,False,True,https://en.wikipedia.org/wiki/2024%E2%80%9325_La_Liga
la_liga,2024/25,Las Palmas,Las Palmas,Luis Carrión,Diego Martínez,Sacked,sacked,2024-10-08,2024-10-09,1,external,manual,Hired from outside as new manager after Carrion sacking,wikipedia,9,20,0.1666666666666666,-7.0,6,29,2.0,1.8,2.0,True,False,True,https://en.wikipedia.org/wiki/2024%E2%80%9325_La_Liga
la_liga,2024/25,Sevilla,Sevilla,García Pimienta,Joaquín Caparrós (caretaker),Sacked,sacked,2025-04-13,2025-04-13,0,caretaker,high,caretaker_flag_or_short_spell,wikipedia,31,12,0.6666666666666666,-3.0,6,7,0.6666666666666666,1.0,,True,False,True,https://en.wikipedia.org/wiki/2024%E2%80%9325_La_Liga
la_liga,2024/25,Valencia,Valencia,Rubén Baraja,Carlos Corberán,Sacked,sacked,2024-12-23,2024-12-25,2,external,manual,Hired from outside as new manager after Baraja sacking,wikipedia,17,19,0.8333333333333334,-1.0,6,21,1.3333333333333333,1.4,1.375,True,False,True,https://en.wikipedia.org/wiki/2024%E2%80%9325_La_Liga
la_liga,2024/25,Valladolid,Valladolid,Paulo Pezzolano,Álvaro Rubio (caretaker),Sacked,sacked,2024-11-30,2024-12-02,2,caretaker,high,caretaker_flag_or_short_spell,wikipedia,15,20,0.6666666666666666,-8.0,6,23,1.0,1.2,0.75,True,False,True,https://en.wikipedia.org/wiki/2024%E2%80%9325_La_Liga
la_liga,2024/25,Valladolid,Valladolid,Diego Cocca,Álvaro Rubio (caretaker),Sacked,sacked,2025-02-17,2025-02-19,2,caretaker,high,caretaker_flag_or_short_spell,wikipedia,24,20,0.5,-12.0,6,14,0.3333333333333333,0.2,0.125,True,False,True,https://en.wikipedia.org/wiki/2024%E2%80%9325_La_Liga
ligue_1,2009/10,Le Mans,Le Mans,Paulo Duarte,Arnaud Cormier,Sacked,sacked,2009-12-10,2009-12-10,0,internal,manual,Existing assistant promoted as new manager; club made no external contacts,wikipedia,15,18,0.1666666666666666,-7.0,6,23,2.0,1.4,0.875,True,False,True,https://en.wikipedia.org/wiki/2009%E2%80%9310_Ligue_1
ligue_1,2009/10,Nice,Nice,Didier Ollé-Nicolle,Eric Roy,Sacked,sacked,2010-03-09,2010-03-09,0,internal,manual,Existing sporting director named new manager; club chose an internal solution,wikipedia,27,17,0.6666666666666666,-4.0,6,11,3.0,2.0,1.875,True,False,True,https://en.wikipedia.org/wiki/2009%E2%80%9310_Ligue_1
ligue_1,2009/10,Saint-Étienne,St Etienne,Alain Perrin,Christophe Galtier,Sacked,sacked,2009-12-15,2009-12-15,0,internal,manual,Existing assistant promoted as new manager on a deal to 2011; president said long term,wikipedia,17,17,0.8333333333333334,-8.0,6,21,1.3333333333333333,1.0,1.375,True,False,True,https://en.wikipedia.org/wiki/2009%E2%80%9310_Ligue_1
ligue_1,2010/11,Arles-Avignon,Arles,Michel Estevan,Faruk Hadžibegić,Sacked,sacked,2010-09-16,2010-10-02,16,caretaker,high,caretaker_flag_or_short_spell,wikipedia,5,20,0.0,-8.0,5,30,0.6666666666666666,1.2,0.875,True,False,True,https://en.wikipedia.org/wiki/2010%E2%80%9311_Ligue_1
ligue_1,2010/11,Monaco,Monaco,Guy Lacombe,Laurent Banide,Sacked,sacked,2011-01-10,2011-01-10,0,external,manual,Returning former Monaco coach hired from unemployment; not then on staff,wikipedia,19,16,0.8333333333333334,-3.0,6,19,0.6666666666666666,1.0,1.25,True,False,True,https://en.wikipedia.org/wiki/2010%E2%80%9311_Ligue_1
ligue_1,2011/12,Auxerre,Auxerre,Laurent Fournier,Jean-Guy Wallemme,Sacked,sacked,2012-03-18,2012-03-18,0,external,manual,Hired from outside as new manager after Fournier sacking,wikipedia,28,19,0.6666666666666666,-3.0,6,10,1.0,0.8,1.25,True,False,True,https://en.wikipedia.org/wiki/2011%E2%80%9312_Ligue_1
ligue_1,2011/12,Brest,Brest,Alex Dupont,Corentin Martins,Sacked,sacked,2012-04-26,2012-04-26,0,caretaker,manual,Existing sporting director named caretaker until season end after Dupont sacking,wikipedia,33,17,0.5,-3.0,6,5,0.6666666666666666,1.6,,True,False,True,https://en.wikipedia.org/wiki/2011%E2%80%9312_Ligue_1
ligue_1,2011/12,Evian,Evian Thonon Gaillard,Bernard Casoni,Pablo Correa,Sacked,sacked,2012-01-01,2012-01-02,1,external,manual,Hired from outside as new manager after Casoni sacking,wikipedia,19,11,1.5,1.0,6,19,0.3333333333333333,1.0,1.375,True,False,True,https://en.wikipedia.org/wiki/2011%E2%80%9312_Ligue_1
ligue_1,2011/12,Nice,Nice,Eric Roy,René Marsiglia,Sacked,sacked,2011-11-15,2011-11-15,0,internal,manual,Existing assistant promoted as new manager; Roy stayed as sporting director,wikipedia,13,16,1.0,0.0,6,25,1.0,1.2,0.875,True,False,True,https://en.wikipedia.org/wiki/2011%E2%80%9312_Ligue_1
ligue_1,2011/12,Paris Saint-Germain,Paris SG,Antoine Kombouaré,Carlo Ancelotti,Mutual consent,mutual_consent,2011-12-30,2011-12-30,0,external,manual,Hired from outside as PSG's new manager after Kombouaré left by mutual consent.,wikipedia,19,1,1.6666666666666667,-1.0,6,19,3.0,2.2,2.25,False,True,True,https://en.wikipedia.org/wiki/2011%E2%80%9312_Ligue_1
ligue_1,2011/12,Sochaux,Sochaux,Mehmed Baždarević,Éric Hély,Sacked,sacked,2012-03-06,2012-03-06,0,internal,manual,Reserves coach promoted as new first-team manager to keep the club up,wikipedia,26,20,0.5,-4.0,6,12,2.0,1.8,1.5,True,False,True,https://en.wikipedia.org/wiki/2011%E2%80%9312_Ligue_1
ligue_1,2012/13,Ajaccio,Ajaccio,Alex Dupont,Albert Emon,Sacked,sacked,2012-12-17,2012-12-21,4,external,manual,Hired from outside as new manager after Dupont sacking,wikipedia,18,13,0.8333333333333334,-3.0,6,20,0.6666666666666666,1.2,1.25,True,False,True,https://en.wikipedia.org/wiki/2012%E2%80%9313_Ligue_1
ligue_1,2012/13,Brest,Brest,Landry Chauvin,Corentin Martins,Sacked,sacked,2013-04-02,2013-04-04,2,caretaker,manual,Existing sporting director named coach only until season end,wikipedia,30,17,0.8333333333333334,-4.0,6,8,0.0,0.0,0.0,True,False,True,https://en.wikipedia.org/wiki/2012%E2%80%9313_Ligue_1
ligue_1,2012/13,Evian,Evian Thonon Gaillard,Pablo Correa,Pascal Dupraz,Sacked,sacked,2012-09-03,2012-09-03,0,internal,manual,Existing sporting director named new first-team manager,wikipedia,4,18,0.25,-4.0,4,34,1.3333333333333333,1.4,1.25,True,False,True,https://en.wikipedia.org/wiki/2012%E2%80%9313_Ligue_1
ligue_1,2013/14,Ajaccio,Ajaccio,Fabrizio Ravanelli,Christian Bracconi,Sacked,sacked,2013-11-02,2013-11-04,2,caretaker,high,caretaker_flag_or_short_spell,wikipedia,12,18,0.6666666666666666,-6.0,6,26,0.3333333333333333,0.4,0.25,True,False,True,https://en.wikipedia.org/wiki/2013%E2%80%9314_Ligue_1
ligue_1,2013/14,Marseille,Marseille,Elie Baup,José Anigo,Sacked,sacked,2013-12-07,2013-12-07,0,caretaker,manual,Existing sporting director named interim until the winter break,wikipedia,17,4,1.6666666666666667,3.0,6,21,1.6666666666666667,1.6,1.625,True,False,True,https://en.wikipedia.org/wiki/2013%E2%80%9314_Ligue_1
ligue_1,2013/14,Valenciennes,Valenciennes,Daniel Sanchez,Ariël Jacobs,Sacked,sacked,2013-10-07,2013-10-14,7,external,manual,Hired from outside as new manager after Sanchez sacking,wikipedia,9,20,0.1666666666666666,-10.0,6,29,1.3333333333333333,1.2,0.875,True,False,True,https://en.wikipedia.org/wiki/2013%E2%80%9314_Ligue_1
ligue_1,2014/15,Bastia,Bastia,Claude Makélélé,Ghislain Printant,Sacked,sacked,2014-11-03,2014-11-27,24,caretaker,manual,Academy director named interim at the vacancy; later confirmed until season end,wikipedia,12,18,0.6666666666666666,-5.0,6,24,0.0,0.8,1.125,True,False,True,https://en.wikipedia.org/wiki/2014%E2%80%9315_Ligue_1
ligue_1,2014/15,Reims,Reims,Jean-Luc Vasseur,Olivier Guégan,Sacked,sacked,2015-04-08,2015-04-08,0,caretaker,manual,Existing assistant named interim for the last seven games to keep Reims up,wikipedia,31,16,0.8333333333333334,-4.0,6,7,1.0,1.2,,True,False,True,https://en.wikipedia.org/wiki/2014%E2%80%9315_Ligue_1
ligue_1,2014/15,Toulouse,Toulouse,Alain Casanova,Dominique Arribagé,Sacked,sacked,2015-03-16,2015-03-16,0,internal,manual,Recruitment-staff member named new first-team manager; already at the club,wikipedia,29,18,0.6666666666666666,-9.0,6,9,2.0,2.0,1.625,True,False,True,https://en.wikipedia.org/wiki/2014%E2%80%9315_Ligue_1
ligue_1,2015/16,Bastia,Bastia,Ghislain Printant,François Ciccolini,Sacked,sacked,2016-01-28,2016-01-29,1,caretaker,manual,Existing assistant given the first team on an interim basis until season end,wikipedia,22,15,1.1666666666666667,-1.0,6,16,2.0,2.4,1.75,True,False,True,https://en.wikipedia.org/wiki/2015%E2%80%9316_Ligue_1
ligue_1,2015/16,Bordeaux,Bordeaux,Willy Sagnol,Ulrich Ramé,Sacked,sacked,2016-03-14,2016-03-14,0,caretaker,manual,Academy performance director given an eight-match stay-up mission until season end,wikipedia,30,13,0.8333333333333334,-8.0,6,8,1.6666666666666667,1.6,1.5,True,False,True,https://en.wikipedia.org/wiki/2015%E2%80%9316_Ligue_1
ligue_1,2015/16,Lille,Lille,Hervé Renard,Frédéric Antonetti,Mutual consent,mutual_consent,2015-11-11,2015-11-22,11,external,manual,Hired from outside as Lille's new manager after Renard's departure.,wikipedia,13,16,1.0,0.0,6,24,2.0,2.0,1.375,False,True,True,https://en.wikipedia.org/wiki/2015%E2%80%9316_Ligue_1
ligue_1,2015/16,Lyon,Lyon,Hubert Fournier,Bruno Génésio,Sacked,sacked,2015-12-24,2015-12-24,0,internal,manual,Existing assistant named new first-team manager until season end; no interim label,wikipedia,19,8,0.1666666666666666,-12.0,6,19,1.3333333333333333,1.4,1.625,True,False,True,https://en.wikipedia.org/wiki/2015%E2%80%9316_Ligue_1
ligue_1,2015/16,Marseille,Marseille,Míchel,Franck Passi (caretaker),Sacked,sacked,2016-04-19,2016-04-19,0,caretaker,high,caretaker_flag_or_short_spell,wikipedia,34,15,0.5,-5.0,6,4,2.333333333333333,,,False,False,True,https://en.wikipedia.org/wiki/2015%E2%80%9316_Ligue_1
ligue_1,2015/16,Reims,Reims,Olivier Guégan,David Guion (caretaker),Sacked,sacked,2016-04-23,2016-04-23,0,caretaker,high,caretaker_flag_or_short_spell,wikipedia,35,17,0.6666666666666666,-5.0,6,3,1.0,,,False,False,True,https://en.wikipedia.org/wiki/2015%E2%80%9316_Ligue_1
ligue_1,2015/16,Rennes,Rennes,Philippe Montanier,Rolland Courbis,Sacked,sacked,2016-01-20,2016-01-21,1,external,high,arrived_from_other_club_in_sample,wikipedia,21,5,1.5,3.0,6,17,1.0,1.4,1.625,True,False,True,https://en.wikipedia.org/wiki/2015%E2%80%9316_Ligue_1
ligue_1,2015/16,Troyes,Troyes,Jean-Marc Furlan,Claude Robin,Mutual consent,mutual_consent,2015-12-03,2015-12-08,5,internal,manual,"Academy director already at the club named nouvel entraîneur, not as an interim.",wikipedia,16,20,0.1666666666666666,-11.0,6,21,0.6666666666666666,1.0,0.625,False,True,True,https://en.wikipedia.org/wiki/2015%E2%80%9316_Ligue_1
ligue_1,2015/16,Troyes,Troyes,Claude Robin,Mohamed Bradja,Sacked,sacked,2016-02-04,2016-02-05,1,caretaker,manual,Existing staff trio given the first team on a provisional basis after Robin sacking,wikipedia,24,20,0.6666666666666666,-8.0,6,14,1.0,0.6,0.375,True,False,True,https://en.wikipedia.org/wiki/2015%E2%80%9316_Ligue_1
ligue_1,2016/17,Bastia,Bastia,François Ciccolini,Rui Almeida,Sacked,sacked,2017-02-27,2017-02-27,0,external,manual,Hired from Red Star unemployment as new manager on a 2.5-year deal,wikipedia,26,19,0.5,-7.0,6,12,0.6666666666666666,0.4,0.625,True,False,True,https://en.wikipedia.org/wiki/2016%E2%80%9317_Ligue_1
ligue_1,2016/17,Montpellier,Montpellier,Frédéric Hantz,Jean-Louis Gasset,Sacked,sacked,2017-01-30,2017-01-30,0,external,manual,Returning former coach hired from outside as new manager; not then on staff,wikipedia,22,14,0.6666666666666666,-4.0,6,16,2.0,1.8,1.25,True,False,True,https://en.wikipedia.org/wiki/2016%E2%80%9317_Ligue_1
ligue_1,2017/18,Bordeaux,Bordeaux,Jocelyn Gourvennec,Gus Poyet,Sacked,sacked,2018-01-18,2018-01-20,2,external,manual,Hired from outside as new manager after Gourvennec sacking,wikipedia,21,13,0.5,-8.0,6,16,3.0,2.0,1.375,True,False,True,https://en.wikipedia.org/wiki/2017%E2%80%9318_Ligue_1
ligue_1,2017/18,Lille,Lille,Marcelo Bielsa,Christophe Galtier,Sacked,sacked,2017-12-15,2017-12-29,14,external,manual,Hired from outside as new manager after Bielsa sacking,wikipedia,17,17,1.5,-4.0,6,19,1.0,1.2,1.0,True,False,True,https://en.wikipedia.org/wiki/2017%E2%80%9318_Ligue_1
ligue_1,2017/18,Metz,Metz,Philippe Hinschberger,Frédéric Hantz,Sacked,sacked,2017-10-22,2017-10-29,7,external,manual,Hired from outside as new manager after Hinschberger sacking,wikipedia,10,20,0.5,-8.0,6,27,0.3333333333333333,0.2,1.0,True,False,True,https://en.wikipedia.org/wiki/2017%E2%80%9318_Ligue_1
ligue_1,2017/18,Rennes,Rennes,Christian Gourcuff,Sabri Lamouchi,Sacked,sacked,2017-11-08,2017-11-08,0,external,manual,Hired from outside as new manager after Gourcuff sacking,wikipedia,12,10,1.6666666666666667,0.0,6,26,2.0,2.0,1.25,True,False,True,https://en.wikipedia.org/wiki/2017%E2%80%9318_Ligue_1
ligue_1,2017/18,Saint-Étienne,St Etienne,Julien Sablé,Jean-Louis Gasset,Sacked,sacked,2017-12-20,2017-12-20,0,internal,manual,Existing assistant already on staff promoted as new first-team manager after Sable sacking,wikipedia,19,16,0.3333333333333333,-11.0,6,19,1.0,1.8,1.75,True,False,True,https://en.wikipedia.org/wiki/2017%E2%80%9318_Ligue_1
ligue_1,2017/18,Toulouse,Toulouse,Pascal Dupraz,Mickaël Debève,Sacked,sacked,2018-01-22,2018-01-22,0,caretaker,high,caretaker_flag_or_short_spell,wikipedia,22,19,0.6666666666666666,-3.0,6,16,2.0,1.6,1.25,True,False,True,https://en.wikipedia.org/wiki/2017%E2%80%9318_Ligue_1
ligue_1,2018/19,Bordeaux,Bordeaux,Gustavo Poyet,Ricardo Gomes,Sacked,sacked,2018-08-17,2018-09-05,19,external,manual,Hired from outside as manager général; not already on Bordeaux staff.,wikipedia,1,15,0.0,-2.0,1,34,2.333333333333333,2.2,1.5,False,False,True,https://en.wikipedia.org/wiki/2018%E2%80%9319_Ligue_1
ligue_1,2018/19,Bordeaux,Bordeaux,Ricardo Gomes,Paulo Sousa,Sacked,sacked,2019-02-26,2019-03-08,10,external,manual,Hired from outside as new manager after Gomes sacking,wikipedia,26,13,0.6666666666666666,-3.0,6,11,1.0,1.2,0.75,True,False,True,https://en.wikipedia.org/wiki/2018%E2%80%9319_Ligue_1
ligue_1,2018/19,Dijon,Dijon,Olivier Dall'Oglio,Antoine Kombouaré,Sacked,sacked,2018-12-31,2019-01-10,10,external,high,arrived_from_other_club_in_sample,wikipedia,18,18,0.8333333333333334,-6.0,6,20,1.3333333333333333,0.8,0.5,True,False,True,https://en.wikipedia.org/wiki/2018%E2%80%9319_Ligue_1
ligue_1,2018/19,Guingamp,Guingamp,Antoine Kombouaré,Jocelyn Gourvennec,Sacked,sacked,2018-11-06,2018-11-08,2,external,manual,Returning former manager hired from outside; not then on Guingamp staff,wikipedia,12,20,1.1666666666666667,-4.0,6,26,0.3333333333333333,0.2,0.875,True,False,True,https://en.wikipedia.org/wiki/2018%E2%80%9319_Ligue_1
ligue_1,2018/19,Monaco,Monaco,Leonardo Jardim,Thierry Henry,Sacked,sacked,2018-10-11,2018-10-13,2,external,manual,Hired from outside as new manager after Jardim sacking,wikipedia,9,18,0.3333333333333333,-5.0,6,29,0.3333333333333333,0.8,0.875,True,False,True,https://en.wikipedia.org/wiki/2018%E2%80%9319_Ligue_1
ligue_1,2018/19,Monaco,Monaco,Thierry Henry,Leonardo Jardim,Sacked,sacked,2019-01-24,2019-01-25,1,external,manual,Returning former manager hired from outside; not then on Monaco staff,wikipedia,21,19,0.8333333333333334,-7.0,6,17,1.3333333333333333,2.0,1.875,True,False,True,https://en.wikipedia.org/wiki/2018%E2%80%9319_Ligue_1
ligue_1,2018/19,Nantes,Nantes,Miguel Cardoso,Vahid Halilhodžić,Sacked,sacked,2018-10-01,2018-10-01,0,external,manual,Hired from outside as new manager after Cardoso sacking,wikipedia,8,19,1.0,-1.0,6,30,2.0,2.0,1.75,True,False,True,https://en.wikipedia.org/wiki/2018%E2%80%9319_Ligue_1
ligue_1,2018/19,Rennes,Rennes,Sabri Lamouchi,Julien Stephan,Sacked,sacked,2018-12-03,2018-12-03,0,caretaker,manual,B-team coach named interim at the vacancy; later given a permanent deal,wikipedia,15,14,1.0,-4.0,6,23,3.0,2.4,2.0,True,False,True,https://en.wikipedia.org/wiki/2018%E2%80%9319_Ligue_1
ligue_1,2019/20,Lyon,Lyon,Sylvinho,Rudi Garcia,Sacked,sacked,2019-10-07,2019-10-14,7,external,high,arrived_from_other_club_in_sample,wikipedia,9,13,0.5,-3.0,6,19,2.333333333333333,2.0,2.0,True,False,True,https://en.wikipedia.org/wiki/2019%E2%80%9320_Ligue_1
ligue_1,2019/20,Monaco,Monaco,Leonardo Jardim,Robert Moreno,Sacked,sacked,2019-12-28,2019-12-28,0,external,manual,Hired from outside as new manager after Jardim sacking,wikipedia,18,6,2.1666666666666665,8.0,6,10,0.3333333333333333,0.8,1.375,True,False,True,https://en.wikipedia.org/wiki/2019%E2%80%9320_Ligue_1
ligue_1,2019/20,Saint-Étienne,St Etienne,Ghislain Printant,Claude Puel,Sacked,sacked,2019-10-04,2019-10-04,0,external,manual,"hired from outside as manager and directeur général until 2022, not then on staff",wikipedia,8,18,0.6666666666666666,-7.0,6,20,2.333333333333333,2.6,2.125,True,False,True,https://en.wikipedia.org/wiki/2019%E2%80%9320_Ligue_1
ligue_1,2019/20,Toulouse,Toulouse,Alain Casanova,Antoine Kombouaré,Mutual consent,mutual_consent,2019-10-10,2019-10-14,4,external,manual,"Hired from outside as nouveau coach on a contract to 2021, not as a caretaker.",wikipedia,9,16,0.8333333333333334,-3.0,6,19,1.0,0.6,0.375,False,True,True,https://en.wikipedia.org/wiki/2019%E2%80%9320_Ligue_1
ligue_1,2019/20,Toulouse,Toulouse,Antoine Kombouaré,Denis Zanko,Sacked,sacked,2020-01-05,2020-01-06,1,caretaker,high,caretaker_flag_or_short_spell,wikipedia,19,20,0.0,-10.0,6,9,0.3333333333333333,0.2,0.125,True,False,True,https://en.wikipedia.org/wiki/2019%E2%80%9320_Ligue_1
ligue_1,2020/21,Dijon,Dijon,Stéphane Jobard,David Linarès,Sacked,sacked,2020-11-05,2020-11-05,0,caretaker,manual,assistant named intérim at Jobard sacking; confirmed as manager a week later on 12 Nov,wikipedia,9,20,0.5,-8.0,6,29,1.3333333333333333,1.2,1.125,True,False,True,https://en.wikipedia.org/wiki/2020%E2%80%9321_Ligue_1
ligue_1,2020/21,Marseille,Marseille,André Villas-Boas,Jorge Sampaoli,Resigned and then sacked,sacked,2021-02-02,2021-02-26,24,external,manual,hired from Atlético Mineiro as new manager until 2023,wikipedia,20,6,0.6666666666666666,-3.0,6,13,1.3333333333333333,1.4,1.75,True,False,True,https://en.wikipedia.org/wiki/2020%E2%80%9321_Ligue_1
ligue_1,2020/21,Metz,Metz,Vincent Hognon,Frédéric Antonetti,Mutual consent,mutual_consent,2020-10-12,2020-10-12,0,internal,manual,Already Metz manager général; returned to the first-team bench rather than being hired from outside.,wikipedia,6,14,1.1666666666666667,0.0,6,32,2.333333333333333,1.8,1.25,False,True,True,https://en.wikipedia.org/wiki/2020%E2%80%9321_Ligue_1
ligue_1,2020/21,Nantes,Nantes,Christian Gourcuff,Raymond Domenech,Sacked,sacked,2020-12-08,2020-12-26,18,caretaker,high,caretaker_flag_or_short_spell,wikipedia,13,14,0.8333333333333334,-7.0,6,21,1.0,0.6,0.875,True,False,True,https://en.wikipedia.org/wiki/2020%E2%80%9321_Ligue_1
ligue_1,2020/21,Nantes,Nantes,Raymond Domenech,Antoine Kombouaré,Sacked,sacked,2021-02-10,2021-02-11,1,external,manual,"hired from outside as entraîneur principal, free after Toulouse",wikipedia,24,18,0.5,-5.0,6,14,1.6666666666666667,1.6,1.125,True,False,True,https://en.wikipedia.org/wiki/2020%E2%80%9321_Ligue_1
ligue_1,2020/21,Nice,Nice,Patrick Vieira,Adrian Ursea,Sacked,sacked,2020-12-04,2020-12-04,0,internal,manual,assistant already on staff announced as the coach until at least season end; president said not a simple intérimaire and they were not looking for anyone else,wikipedia,11,11,1.6666666666666667,3.0,6,27,1.3333333333333333,1.0,0.75,True,False,True,https://en.wikipedia.org/wiki/2020%E2%80%9321_Ligue_1
ligue_1,2020/21,Paris Saint-Germain,Paris SG,Thomas Tuchel,Mauricio Pochettino,Sacked,sacked,2020-12-29,2021-01-02,4,external,manual,"hired from outside as new manager until 2022, not then on PSG staff",wikipedia,17,3,1.8333333333333333,7.0,6,21,2.333333333333333,2.0,2.375,True,False,True,https://en.wikipedia.org/wiki/2020%E2%80%9321_Ligue_1
ligue_1,2022/23,Angers,Angers,Gérald Baticle,Abdel Bouhazama,Sacked,sacked,2022-12-22,2023-01-05,14,caretaker,manual,academy/B-team coach already running as interim when Baticle was sacked; confirmed permanent only on 5 Jan 2023,wikipedia,15,20,0.0,-7.0,6,21,0.0,0.2,0.25,True,False,True,https://en.wikipedia.org/wiki/2022%E2%80%9323_Ligue_1
ligue_1,2022/23,Auxerre,Auxerre,Jean-Marc Furlan,Christophe Pélissier,Sacked,sacked,2022-10-11,2022-10-26,15,caretaker,high,caretaker_flag_or_short_spell,wikipedia,10,15,0.1666666666666666,-11.0,6,26,1.3333333333333333,0.8,0.5,True,False,True,https://en.wikipedia.org/wiki/2022%E2%80%9323_Ligue_1
ligue_1,2022/23,Brest,Brest,Michel Der Zakarian,Eric Roy,Sacked,sacked,2022-10-11,2023-01-03,84,external,manual,hired from outside in January after Grougi/Lachuer/Bourgis interim; not then at Brest,wikipedia,10,19,0.3333333333333333,-5.0,6,21,1.6666666666666667,1.4,0.875,True,False,True,https://en.wikipedia.org/wiki/2022%E2%80%9323_Ligue_1
ligue_1,2022/23,Lyon,Lyon,Peter Bosz,Laurent Blanc,Sacked,sacked,2022-10-09,2022-10-09,0,external,manual,hired from outside as new manager until 2024 the day Bosz was sacked,wikipedia,10,7,0.6666666666666666,0.0,6,28,2.0,1.4,1.375,True,False,True,https://en.wikipedia.org/wiki/2022%E2%80%9323_Ligue_1
ligue_1,2022/23,Montpellier,Montpellier,Olivier Dall'Oglio,Romain Pitau,Sacked,sacked,2022-10-17,2022-11-14,28,caretaker,manual,assistant named coach par intérim at least until the World Cup break,wikipedia,11,10,0.5,-7.0,6,23,1.0,1.2,1.125,True,False,True,https://en.wikipedia.org/wiki/2022%E2%80%9323_Ligue_1
ligue_1,2022/23,Montpellier,Montpellier,Romain Pitau,Michel Der Zakarian,Sacked,sacked,2023-02-07,2023-02-08,1,external,high,arrived_from_other_club_in_sample,wikipedia,22,15,0.5,-11.0,6,16,2.333333333333333,2.6,2.125,True,False,True,https://en.wikipedia.org/wiki/2022%E2%80%9323_Ligue_1
ligue_1,2022/23,Nantes,Nantes,Antoine Kombouaré,Pierre Aristouy,Sacked,sacked,2023-05-09,2023-05-09,0,caretaker,manual,U19 coach took the last four games; only later given a contract to 2025 after keeping Nantes up.,wikipedia,34,17,0.3333333333333333,-8.0,6,4,0.3333333333333333,,,False,False,True,https://en.wikipedia.org/wiki/2022%E2%80%9323_Ligue_1
ligue_1,2022/23,Nice,Nice,Lucien Favre,Didier Digard (caretaker),Sacked,sacked,2023-01-09,2023-01-09,0,caretaker,high,caretaker_flag_or_short_spell,wikipedia,17,10,1.5,1.0,6,21,2.333333333333333,2.6,2.5,True,False,True,https://en.wikipedia.org/wiki/2022%E2%80%9323_Ligue_1
ligue_1,2022/23,Reims,Reims,Óscar García,Will Still,Sacked,sacked,2022-10-13,2022-10-13,0,caretaker,manual,assistant named to assurer l'intérim at Garcia sacking; confirmed as manager only on 30 Nov,wikipedia,10,14,1.0,-2.0,6,28,1.6666666666666667,1.8,2.0,True,False,True,https://en.wikipedia.org/wiki/2022%E2%80%9323_Ligue_1
ligue_1,2022/23,Strasbourg,Strasbourg,Julien Stéphan,Frédéric Antonetti,Sacked,sacked,2023-01-09,2023-01-21,12,external,manual,hired from outside as new manager on a six-month deal after Le Scornet interim,wikipedia,17,19,0.5,-4.0,6,19,1.0,1.2,1.0,True,False,True,https://en.wikipedia.org/wiki/2022%E2%80%9323_Ligue_1
ligue_1,2022/23,Troyes,Troyes,Bruno Irles,Patrick Kisnorbo,Sacked,sacked,2022-11-08,2022-11-23,15,external,manual,"hired from Melbourne City as new ESTAC manager, not then on Troyes staff",wikipedia,14,12,0.6666666666666666,-2.0,6,23,1.3333333333333333,1.0,0.625,True,False,True,https://en.wikipedia.org/wiki/2022%E2%80%9323_Ligue_1
ligue_1,2023/24,Lyon,Lyon,Laurent Blanc,Fabio Grosso,Sacked,sacked,2023-09-08,2023-09-16,8,external,manual,"hired from Frosinone as new manager until June 2024 with option, not a caretaker appointment",wikipedia,4,18,0.25,-7.0,4,30,0.3333333333333333,0.4,0.75,True,False,True,https://en.wikipedia.org/wiki/2023%E2%80%9324_Ligue_1
ligue_1,2023/24,Lyon,Lyon,Fabio Grosso,Pierre Sage,Sacked,sacked,2023-11-30,2023-11-30,0,caretaker,manual,academy director named provisoirement/intérim while club searched for a new manager,wikipedia,12,18,0.8333333333333334,-4.0,6,22,1.0,1.8,1.5,True,False,True,https://en.wikipedia.org/wiki/2023%E2%80%9324_Ligue_1
ligue_1,2023/24,Marseille,Marseille,Gennaro Gattuso,Jean-Louis Gasset,Sacked,sacked,2024-02-19,2024-02-20,1,external,manual,"hired from outside as new first-team manager until end of season, not labelled intérim",wikipedia,22,8,0.6666666666666666,-2.0,6,12,3.0,1.8,1.375,True,False,True,https://en.wikipedia.org/wiki/2023%E2%80%9324_Ligue_1
ligue_1,2023/24,Nantes,Nantes,Pierre Aristouy,Jocelyn Gourvennec,Sacked,sacked,2023-11-28,2023-11-29,1,external,manual,"hired from outside as new manager, not then on Nantes staff",wikipedia,13,10,1.1666666666666667,-4.0,6,21,1.0,0.6,0.875,True,False,True,https://en.wikipedia.org/wiki/2023%E2%80%9324_Ligue_1
ligue_1,2023/24,Nantes,Nantes,Jocelyn Gourvennec,Antoine Kombouaré,Sacked,sacked,2024-03-17,2024-03-17,0,external,manual,"returning former manager hired from outside, not then on staff",wikipedia,26,16,1.0,-6.0,6,8,2.0,1.4,1.0,True,False,True,https://en.wikipedia.org/wiki/2023%E2%80%9324_Ligue_1
ligue_1,2023/24,Reims,Reims,Will Still,Samba Diawara (caretaker),Mutual consent,mutual_consent,2024-05-02,2024-05-03,1,caretaker,high,caretaker_flag_or_short_spell,wikipedia,31,10,0.8333333333333334,-5.0,6,3,2.333333333333333,,,False,True,True,https://en.wikipedia.org/wiki/2023%E2%80%9324_Ligue_1
ligue_1,2024/25,Lyon,Lyon,Pierre Sage,Paulo Fonseca,Sacked,sacked,2025-01-27,2025-01-31,4,external,manual,"hired from outside (ex-Milan) as new manager until 2027, not a caretaker appointment",wikipedia,19,6,1.3333333333333333,1.0,6,15,2.0,1.8,1.875,True,False,True,https://en.wikipedia.org/wiki/2024%E2%80%9325_Ligue_1
ligue_1,2024/25,Montpellier,Montpellier,Michel Der Zakarian,Jean-Louis Gasset,Sacked,sacked,2024-10-20,2024-10-22,2,external,high,arrived_from_other_club_in_sample,wikipedia,8,18,0.5,-12.0,6,26,1.0,0.8,0.625,True,False,True,https://en.wikipedia.org/wiki/2024%E2%80%9325_Ligue_1
ligue_1,2024/25,Montpellier,Montpellier,Jean-Louis Gasset,Zoumana Camara,Sacked,sacked,2025-04-07,2025-04-08,1,external,manual,"hired from PSG U19 as first-team coach for remainder of season, not then at MHSC",wikipedia,28,18,0.0,-12.0,6,6,0.3333333333333333,0.2,,True,False,True,https://en.wikipedia.org/wiki/2024%E2%80%9325_Ligue_1
ligue_1,2024/25,Reims,Reims,Luka Elsner,Samba Diawara,Sacked,sacked,2025-02-03,2025-02-03,0,caretaker,manual,assistant named to assurer l'intérim at Elsner sacking; later confirmed as not a simple intérimaire,wikipedia,20,13,0.5,-5.0,6,14,0.0,0.0,0.5,True,False,True,https://en.wikipedia.org/wiki/2024%E2%80%9325_Ligue_1
ligue_1,2024/25,Rennes,Rennes,Julien Stéphan,Jorge Sampaoli,Sacked,sacked,2024-11-07,2024-11-11,4,external,manual,"hired from outside as new head coach on an 18-month contract, not a caretaker appointment",wikipedia,10,12,0.8333333333333334,-6.0,6,23,1.0,1.2,0.75,True,False,True,https://en.wikipedia.org/wiki/2024%E2%80%9325_Ligue_1
ligue_1,2024/25,Rennes,Rennes,Jorge Sampaoli,Habib Beye,Sacked,sacked,2025-01-30,2025-01-30,0,external,manual,hired from outside (ex-Red Star) as new manager until season end with auto extension,wikipedia,19,15,0.5,-3.0,6,15,2.0,2.4,1.875,True,False,True,https://en.wikipedia.org/wiki/2024%E2%80%9325_Ligue_1
ligue_1,2024/25,Saint-Étienne,St Etienne,Olivier Dall'Oglio,Eirik Horneland,Sacked,sacked,2024-12-14,2024-12-20,6,external,manual,hired from SK Brann as new manager until 2027,wikipedia,15,16,1.0,-6.0,6,19,1.3333333333333333,1.0,0.75,True,False,True,https://en.wikipedia.org/wiki/2024%E2%80%9325_Ligue_1
premier_league,2004/05,Newcastle United,Newcastle,Sir Bobby Robson,Graeme Souness,Sacked,sacked,2004-08-30,2004-09-06,7,caretaker,high,caretaker_flag_or_short_spell,wikipedia,4,17,0.5,-3.0,4,28,3.0,2.2,1.75,True,False,True,https://en.wikipedia.org/wiki/2004%E2%80%9305_Premier_League
premier_league,2004/05,Southampton,Southampton,Paul Sturrock,Steve Wigley,Mutual consent,mutual_consent,2004-08-23,2004-08-23,0,internal,manual,"Academy director already at the club confirmed as full-time head coach the same day, not a caretaker.",wikipedia,2,9,1.5,-1.0,2,32,0.3333333333333333,0.2,0.375,False,True,True,https://en.wikipedia.org/wiki/2004%E2%80%9305_Premier_League
premier_league,2004/05,Southampton,Southampton,Steve Wigley,Harry Redknapp,Sacked,sacked,2004-12-08,2004-12-21,13,external,high,arrived_from_other_club_in_sample,wikipedia,16,18,1.0,-3.0,6,16,0.3333333333333333,0.4,0.75,True,False,True,https://en.wikipedia.org/wiki/2004%E2%80%9305_Premier_League
premier_league,2004/05,West Bromwich Albion,West Brom,Gary Megson,Bryan Robson,Sacked,sacked,2004-10-26,2004-11-09,14,caretaker,high,caretaker_flag_or_short_spell,wikipedia,10,16,0.8333333333333334,-7.0,6,21,0.3333333333333333,0.2,0.25,True,False,True,https://en.wikipedia.org/wiki/2004%E2%80%9305_Premier_League
premier_league,2005/06,Newcastle United,Newcastle,Graeme Souness,Glenn Roeder (caretaker),Sacked,sacked,2006-02-02,2006-02-02,0,caretaker,high,caretaker_flag_or_short_spell,wikipedia,23,15,0.1666666666666666,-9.0,6,15,2.333333333333333,2.6,1.625,True,False,True,https://en.wikipedia.org/wiki/2005%E2%80%9306_Premier_League
premier_league,2005/06,Portsmouth,Portsmouth,Alain Perrin,Harry Redknapp,Sacked,sacked,2005-11-24,2005-12-02,8,caretaker,high,caretaker_flag_or_short_spell,wikipedia,13,16,0.8333333333333334,-3.0,6,24,1.0,0.8,0.875,True,False,True,https://en.wikipedia.org/wiki/2005%E2%80%9306_Premier_League
premier_league,2005/06,Sunderland,Sunderland,Mick McCarthy,Kevin Ball (caretaker),Sacked,sacked,2006-03-06,2006-03-07,1,caretaker,high,caretaker_flag_or_short_spell,wikipedia,28,20,0.1666666666666666,-9.0,6,10,0.0,0.4,0.25,True,False,True,https://en.wikipedia.org/wiki/2005%E2%80%9306_Premier_League
premier_league,2006/07,Charlton Athletic,Charlton,Iain Dowie,Les Reed,Sacked,sacked,2006-11-13,2006-11-13,0,internal,manual,"assistant appointed head coach on a permanent basis, not labelled caretaker",wikipedia,12,20,0.8333333333333334,-2.0,6,26,0.3333333333333333,0.8,0.625,True,False,True,https://en.wikipedia.org/wiki/2006%E2%80%9307_Premier_League
premier_league,2006/07,Charlton Athletic,Charlton,Les Reed,Alan Pardew,Sacked,sacked,2006-12-20,2006-12-24,4,external,high,arrived_from_other_club_in_sample,wikipedia,18,19,0.6666666666666666,-9.0,6,19,1.3333333333333333,1.4,1.0,True,False,True,https://en.wikipedia.org/wiki/2006%E2%80%9307_Premier_League
premier_league,2006/07,Fulham,Fulham,Chris Coleman,Lawrie Sanchez,Sacked,sacked,2007-04-10,2007-04-10,0,caretaker,manual,Northern Ireland manager hired as caretaker for remaining five games,wikipedia,33,15,0.5,-6.0,6,5,0.3333333333333333,0.8,,True,False,True,https://en.wikipedia.org/wiki/2006%E2%80%9307_Premier_League
premier_league,2006/07,West Ham United,West Ham,Alan Pardew,Alan Curbishley,Sacked,sacked,2006-12-11,2006-12-13,2,external,manual,"hired from outside as new manager after leaving Charlton, not then on West Ham staff",wikipedia,17,18,0.5,-9.0,6,21,1.3333333333333333,0.8,0.75,True,False,True,https://en.wikipedia.org/wiki/2006%E2%80%9307_Premier_League
premier_league,2007/08,Bolton Wanderers,Bolton,Sammy Lee,Gary Megson,Mutual consent,mutual_consent,2007-10-17,2007-10-25,8,external,manual,"Hired from Leicester City as Bolton's new manager, not from club staff.",wikipedia,9,19,0.8333333333333334,0.0,6,28,1.0,1.2,1.5,False,True,True,https://en.wikipedia.org/wiki/2007%E2%80%9308_Premier_League
premier_league,2007/08,Chelsea,Chelsea,José Mourinho,Avram Grant,Mutual consent,mutual_consent,2007-09-20,2007-09-20,0,internal,manual,Chelsea director of football already at the club assigned the manager's role after Mourinho left.,wikipedia,6,2,1.8333333333333333,1.0,6,32,1.3333333333333333,2.0,2.125,False,True,True,https://en.wikipedia.org/wiki/2007%E2%80%9308_Premier_League
premier_league,2007/08,Derby County,Derby,Billy Davies,Paul Jewell,Mutual consent,mutual_consent,2007-11-26,2007-11-28,2,external,manual,Hired from outside as Derby's new manager after Davies left.,wikipedia,14,20,0.1666666666666666,-12.0,6,24,0.0,0.2,0.125,False,True,True,https://en.wikipedia.org/wiki/2007%E2%80%9308_Premier_League
premier_league,2007/08,Fulham,Fulham,Lawrie Sanchez,Roy Hodgson,Sacked,sacked,2007-12-21,2007-12-30,9,external,manual,hired from Finland job as new manager on a long-term contract,wikipedia,17,17,0.6666666666666666,-6.0,6,18,0.0,0.8,0.5,True,False,True,https://en.wikipedia.org/wiki/2007%E2%80%9308_Premier_League
premier_league,2007/08,Newcastle United,Newcastle,Sam Allardyce,Kevin Keegan,Mutual consent,mutual_consent,2008-01-09,2008-01-16,7,external,manual,Returning former manager hired from outside; not on the staff at the vacancy.,wikipedia,21,11,1.1666666666666667,-2.0,6,16,0.6666666666666666,0.4,0.375,False,True,True,https://en.wikipedia.org/wiki/2007%E2%80%9308_Premier_League
premier_league,2007/08,Tottenham Hotspur,Tottenham,Martin Jol,Juande Ramos,Sacked,sacked,2007-10-25,2007-10-27,2,external,high,arrived_from_other_club_in_sample,wikipedia,10,18,0.6666666666666666,-4.0,6,28,1.3333333333333333,1.0,1.375,True,False,True,https://en.wikipedia.org/wiki/2007%E2%80%9308_Premier_League
premier_league,2007/08,Wigan Athletic,Wigan,Chris Hutchings,Steve Bruce,Sacked,sacked,2007-11-05,2007-11-26,21,caretaker,high,caretaker_flag_or_short_spell,wikipedia,12,18,0.0,-11.0,6,24,1.3333333333333333,1.6,1.5,True,False,True,https://en.wikipedia.org/wiki/2007%E2%80%9308_Premier_League
premier_league,2008/09,Blackburn Rovers,Blackburn,Paul Ince,Sam Allardyce,Sacked,sacked,2008-12-16,2008-12-17,1,external,manual,hired from outside on a three-year deal after Newcastle sacking,wikipedia,17,19,0.0,-10.0,6,21,1.6666666666666667,1.8,1.25,True,False,True,https://en.wikipedia.org/wiki/2008%E2%80%9309_Premier_League
premier_league,2008/09,Chelsea,Chelsea,Luiz Felipe Scolari,Guus Hiddink,Sacked,sacked,2009-02-09,2009-02-11,2,caretaker,manual,outside manager hired as interim until end of season while remaining Russia coach,wikipedia,25,4,1.3333333333333333,-2.0,6,13,3.0,2.4,2.375,True,False,True,https://en.wikipedia.org/wiki/2008%E2%80%9309_Premier_League
premier_league,2008/09,Portsmouth,Portsmouth,Tony Adams,Paul Hart,Sacked,sacked,2009-02-09,2009-02-09,0,caretaker,manual,"youth director asked to take over as caretaker, initially for one game; made permanent only in July",wikipedia,24,16,0.1666666666666666,-8.0,6,14,1.3333333333333333,1.6,1.625,True,False,True,https://en.wikipedia.org/wiki/2008%E2%80%9309_Premier_League
premier_league,2008/09,Tottenham Hotspur,Tottenham,Juande Ramos,Harry Redknapp,Sacked,sacked,2008-10-25,2008-10-26,1,external,high,arrived_from_other_club_in_sample,wikipedia,8,20,0.3333333333333333,-5.0,6,29,2.333333333333333,2.0,1.75,True,False,True,https://en.wikipedia.org/wiki/2008%E2%80%9309_Premier_League
premier_league,2009/10,Bolton Wanderers,Bolton,Gary Megson,Owen Coyle,Sacked,sacked,2009-12-30,2010-01-08,9,external,high,arrived_from_other_club_in_sample,wikipedia,18,18,1.1666666666666667,1.0,6,20,1.0,0.8,0.625,True,False,True,https://en.wikipedia.org/wiki/2009%E2%80%9310_Premier_League
premier_league,2009/10,Manchester City,Man City,Mark Hughes,Roberto Mancini,Sacked,sacked,2009-12-19,2009-12-19,0,external,manual,hired from outside on a 3.5-year contract as new manager,wikipedia,17,6,1.5,-1.0,6,21,3.0,2.4,2.0,True,False,True,https://en.wikipedia.org/wiki/2009%E2%80%9310_Premier_League
premier_league,2009/10,Portsmouth,Portsmouth,Paul Hart,Avram Grant,Sacked,sacked,2009-11-24,2009-11-26,2,external,manual,"hired from outside as new manager, not then on Portsmouth staff",wikipedia,13,20,1.1666666666666667,1.0,6,25,1.3333333333333333,1.4,1.0,True,False,True,https://en.wikipedia.org/wiki/2009%E2%80%9310_Premier_League
premier_league,2010/11,Blackburn Rovers,Blackburn,Sam Allardyce,Steve Kean,Sacked,sacked,2010-12-13,2010-12-22,9,caretaker,manual,first-team coach named caretaker for the immediate future at Allardyce sacking,wikipedia,17,13,1.5,-3.0,6,20,1.0,1.2,1.125,True,False,True,https://en.wikipedia.org/wiki/2010%E2%80%9311_Premier_League
premier_league,2010/11,Liverpool,Liverpool,Roy Hodgson,Kenny Dalglish,Mutual consent,mutual_consent,2011-01-08,2011-01-08,0,caretaker,manual,Club placed ambassador Dalglish in charge until the end of the season after Hodgson left.,wikipedia,20,12,1.0,-2.0,6,18,1.3333333333333333,2.0,1.75,False,True,True,https://en.wikipedia.org/wiki/2010%E2%80%9311_Premier_League
premier_league,2010/11,Newcastle United,Newcastle,Chris Hughton,Alan Pardew,Sacked,sacked,2010-12-06,2010-12-09,3,external,manual,"hired from Southampton as new Newcastle manager, not then on staff",wikipedia,16,10,0.8333333333333334,-6.0,6,22,1.0,1.8,1.375,True,False,True,https://en.wikipedia.org/wiki/2010%E2%80%9311_Premier_League
premier_league,2010/11,West Bromwich Albion,West Brom,Roberto Di Matteo,Roy Hodgson,Sacked,sacked,2011-02-06,2011-02-11,5,external,high,arrived_from_other_club_in_sample,wikipedia,25,16,0.6666666666666666,-8.0,6,13,1.0,1.4,1.625,True,False,True,https://en.wikipedia.org/wiki/2010%E2%80%9311_Premier_League
premier_league,2010/11,West Ham United,West Ham,Avram Grant,Kevin Keen (caretaker),Sacked,sacked,2011-05-15,2011-05-15,0,caretaker,high,caretaker_flag_or_short_spell,wikipedia,37,20,0.1666666666666666,-9.0,6,1,,,,False,False,True,https://en.wikipedia.org/wiki/2010%E2%80%9311_Premier_League
premier_league,2011/12,Chelsea,Chelsea,André Villas-Boas,Roberto Di Matteo,Sacked,sacked,2012-03-04,2012-03-04,0,caretaker,high,caretaker_flag_or_short_spell,wikipedia,27,5,1.0,0.0,6,11,1.3333333333333333,2.0,1.875,True,False,True,https://en.wikipedia.org/wiki/2011%E2%80%9312_Premier_League
premier_league,2011/12,Queens Park Rangers,QPR,Neil Warnock,Mark Hughes,Sacked,sacked,2012-01-08,2012-01-10,2,external,manual,"hired from outside as new QPR manager, not then on staff",wikipedia,20,17,0.1666666666666666,-6.0,6,18,1.3333333333333333,0.8,0.625,True,False,True,https://en.wikipedia.org/wiki/2011%E2%80%9312_Premier_League
premier_league,2011/12,Sunderland,Sunderland,Steve Bruce,Martin O'Neill,Sacked,sacked,2011-11-30,2011-12-03,3,external,manual,hired from outside as new Sunderland manager,wikipedia,13,16,0.8333333333333334,-1.0,6,25,1.0,1.4,1.625,True,False,True,https://en.wikipedia.org/wiki/2011%E2%80%9312_Premier_League
premier_league,2011/12,Wolverhampton Wanderers,Wolves,Mick McCarthy,Terry Connor,Sacked,sacked,2012-02-13,2012-02-24,11,caretaker,high,caretaker_flag_or_short_spell,wikipedia,25,18,0.6666666666666666,-8.0,6,13,0.3333333333333333,0.2,0.125,True,False,True,https://en.wikipedia.org/wiki/2011%E2%80%9312_Premier_League
premier_league,2012/13,Chelsea,Chelsea,Roberto Di Matteo,Rafael Benítez,Sacked,sacked,2012-11-21,2012-11-21,0,caretaker,manual,club labelled him interim manager until end of season,wikipedia,12,3,1.3333333333333333,3.0,6,26,0.6666666666666666,1.6,1.75,True,False,True,https://en.wikipedia.org/wiki/2012%E2%80%9313_Premier_League
premier_league,2012/13,Manchester City,Man City,Roberto Mancini,Brian Kidd (caretaker),Sacked,sacked,2013-05-13,2013-05-13,0,caretaker,high,caretaker_flag_or_short_spell,wikipedia,36,2,2.1666666666666665,2.0,6,2,,,,False,False,True,https://en.wikipedia.org/wiki/2012%E2%80%9313_Premier_League
premier_league,2012/13,Queens Park Rangers,QPR,Mark Hughes,Harry Redknapp,Sacked,sacked,2012-11-23,2012-11-24,1,external,high,arrived_from_other_club_in_sample,wikipedia,12,20,0.3333333333333333,-5.0,6,25,1.0,1.2,1.125,True,False,True,https://en.wikipedia.org/wiki/2012%E2%80%9313_Premier_League
premier_league,2012/13,Reading,Reading,Brian McDermott,Nigel Adkins,Sacked,sacked,2013-03-11,2013-03-26,15,caretaker,high,caretaker_flag_or_short_spell,wikipedia,29,19,0.6666666666666666,-6.0,6,8,0.3333333333333333,0.4,0.625,True,False,True,https://en.wikipedia.org/wiki/2012%E2%80%9313_Premier_League
premier_league,2012/13,Southampton,Southampton,Nigel Adkins,Mauricio Pochettino,Sacked,sacked,2013-01-18,2013-01-18,0,external,high,arrived_from_other_club_in_sample,wikipedia,22,15,1.1666666666666667,0.0,6,16,0.6666666666666666,1.0,1.125,True,False,True,https://en.wikipedia.org/wiki/2012%E2%80%9313_Premier_League
premier_league,2012/13,Sunderland,Sunderland,Martin O'Neill,Paolo Di Canio,Sacked,sacked,2013-03-30,2013-03-31,1,external,manual,hired from Swindon as new Sunderland manager,wikipedia,31,16,0.3333333333333333,-5.0,6,7,2.0,1.4,,True,False,True,https://en.wikipedia.org/wiki/2012%E2%80%9313_Premier_League
premier_league,2013/14,Cardiff City,Cardiff,Malky Mackay,Ole Gunnar Solskjær,Sacked,sacked,2013-12-27,2014-01-02,6,external,manual,hired from Molde as new Cardiff manager,wikipedia,18,15,0.6666666666666666,-9.0,6,18,0.0,0.6,0.5,True,False,True,https://en.wikipedia.org/wiki/2013%E2%80%9314_Premier_League
premier_league,2013/14,Crystal Palace,Crystal Palace,Ian Holloway,Tony Pulis,Mutual consent,mutual_consent,2013-10-23,2013-11-23,31,caretaker,high,caretaker_flag_or_short_spell,wikipedia,8,19,0.5,-9.0,6,26,2.0,1.2,1.25,False,True,True,https://en.wikipedia.org/wiki/2013%E2%80%9314_Premier_League
premier_league,2013/14,Fulham,Fulham,Martin Jol,René Meulensteen,Sacked,sacked,2013-12-01,2013-12-01,0,internal,manual,"already Fulham head coach, appointed to run first team as manager, not labelled caretaker",wikipedia,13,18,0.5,-9.0,6,25,1.0,1.2,1.125,True,False,True,https://en.wikipedia.org/wiki/2013%E2%80%9314_Premier_League
premier_league,2013/14,Fulham,Fulham,René Meulensteen,Felix Magath,Sacked,sacked,2014-02-14,2014-02-14,0,external,manual,hired from outside on an 18-month contract as new manager,wikipedia,26,20,0.1666666666666666,-11.0,6,12,0.3333333333333333,0.8,1.25,True,False,True,https://en.wikipedia.org/wiki/2013%E2%80%9314_Premier_League
premier_league,2013/14,Manchester United,Man United,David Moyes,Ryan Giggs (interim player-manager),Sacked,sacked,2014-04-22,2014-04-22,0,caretaker,high,caretaker_flag_or_short_spell,wikipedia,34,7,1.5,1.0,6,4,2.0,,,False,False,True,https://en.wikipedia.org/wiki/2013%E2%80%9314_Premier_League
premier_league,2013/14,Norwich City,Norwich,Chris Hughton,Neil Adams,Sacked,sacked,2014-04-06,2014-04-06,0,internal,manual,"U18 coach promoted and appointed first-team manager, not labelled caretaker",wikipedia,33,16,0.6666666666666666,-7.0,6,5,0.0,0.2,,True,False,True,https://en.wikipedia.org/wiki/2013%E2%80%9314_Premier_League
premier_league,2013/14,Sunderland,Sunderland,Paolo Di Canio,Gus Poyet,Sacked,sacked,2013-09-22,2013-10-08,16,caretaker,high,caretaker_flag_or_short_spell,wikipedia,5,20,0.2,-8.0,5,31,1.0,1.2,0.875,True,False,True,https://en.wikipedia.org/wiki/2013%E2%80%9314_Premier_League
premier_league,2013/14,Swansea City,Swansea,Michael Laudrup,Garry Monk,Sacked,sacked,2014-02-04,2014-02-04,0,caretaker,manual,club captain put in charge as caretaker after Laudrup sacking,wikipedia,24,12,0.6666666666666666,-5.0,6,14,1.3333333333333333,1.0,1.125,True,False,True,https://en.wikipedia.org/wiki/2013%E2%80%9314_Premier_League
premier_league,2013/14,Tottenham Hotspur,Tottenham,André Villas-Boas,Tim Sherwood,Mutual consent,mutual_consent,2013-12-16,2013-12-16,0,caretaker,manual,Technical coordinator named head coach initially on a caretaker basis; given until season end a week later.,wikipedia,16,7,1.1666666666666667,-10.0,6,22,2.333333333333333,2.6,2.125,False,True,True,https://en.wikipedia.org/wiki/2013%E2%80%9314_Premier_League
premier_league,2013/14,West Bromwich Albion,West Brom,Steve Clarke,Pepe Mel,Sacked,sacked,2013-12-14,2014-01-09,26,caretaker,high,caretaker_flag_or_short_spell,wikipedia,16,16,0.3333333333333333,-5.0,6,18,0.3333333333333333,0.4,0.5,True,False,True,https://en.wikipedia.org/wiki/2013%E2%80%9314_Premier_League
premier_league,2014/15,Aston Villa,Aston Villa,Paul Lambert,Tim Sherwood,Sacked,sacked,2015-02-11,2015-02-14,3,external,manual,"hired from outside as new Villa manager, not then on staff",wikipedia,25,16,0.1666666666666666,-11.0,6,13,1.0,1.2,1.25,True,False,True,https://en.wikipedia.org/wiki/2014%E2%80%9315_Premier_League
premier_league,2014/15,Crystal Palace,Crystal Palace,Neil Warnock,Alan Pardew,Sacked,sacked,2014-12-27,2015-01-02,6,external,high,arrived_from_other_club_in_sample,wikipedia,18,17,0.5,-6.0,6,18,2.0,2.0,1.625,True,False,True,https://en.wikipedia.org/wiki/2014%E2%80%9315_Premier_League
premier_league,2014/15,Sunderland,Sunderland,Gus Poyet,Dick Advocaat,Sacked,sacked,2015-03-16,2015-03-17,1,external,manual,"hired from outside as new manager until end of season, not labelled caretaker",wikipedia,29,17,0.5,-8.0,6,9,1.0,1.4,1.5,True,False,True,https://en.wikipedia.org/wiki/2014%E2%80%9315_Premier_League
premier_league,2014/15,West Bromwich Albion,West Brom,Alan Irvine,Tony Pulis,Sacked,sacked,2014-12-29,2015-01-01,3,external,high,arrived_from_other_club_in_sample,wikipedia,19,16,0.6666666666666666,-5.0,6,18,1.3333333333333333,1.6,1.5,True,False,True,https://en.wikipedia.org/wiki/2014%E2%80%9315_Premier_League
premier_league,2015/16,Aston Villa,Aston Villa,Tim Sherwood,Rémi Garde,Sacked,sacked,2015-10-25,2015-11-02,8,external,manual,hired from outside as new Villa manager,wikipedia,10,19,0.0,-7.0,6,27,0.3333333333333333,0.4,0.5,True,False,True,https://en.wikipedia.org/wiki/2015%E2%80%9316_Premier_League
premier_league,2015/16,Aston Villa,Aston Villa,Rémi Garde,Eric Black,Mutual consent,mutual_consent,2016-03-29,2016-03-29,0,caretaker,high,caretaker_flag_or_short_spell,wikipedia,31,20,0.0,-16.0,6,7,0.0,0.0,,False,True,True,https://en.wikipedia.org/wiki/2015%E2%80%9316_Premier_League
premier_league,2015/16,Chelsea,Chelsea,José Mourinho,Guus Hiddink,Sacked,sacked,2015-12-17,2015-12-19,2,caretaker,high,caretaker_flag_or_short_spell,wikipedia,16,16,0.6666666666666666,-4.0,6,21,1.6666666666666667,1.4,1.5,True,False,True,https://en.wikipedia.org/wiki/2015%E2%80%9316_Premier_League
premier_league,2015/16,Everton,Everton,Roberto Martínez,David Unsworth Joe Royle (caretakers),Sacked,sacked,2016-05-12,2016-05-12,0,caretaker,high,caretaker_flag_or_short_spell,wikipedia,37,12,0.8333333333333334,-8.0,6,1,,,,False,False,True,https://en.wikipedia.org/wiki/2015%E2%80%9316_Premier_League
premier_league,2015/16,Liverpool,Liverpool,Brendan Rodgers,Jürgen Klopp,Sacked,sacked,2015-10-04,2015-10-08,4,external,high,arrived_from_other_club_in_sample,wikipedia,8,10,1.0,-4.0,6,30,1.6666666666666667,1.6,1.5,True,False,True,https://en.wikipedia.org/wiki/2015%E2%80%9316_Premier_League
premier_league,2015/16,Newcastle United,Newcastle,Steve McClaren,Rafael Benítez,Sacked,sacked,2016-03-11,2016-03-11,0,external,high,arrived_from_other_club_in_sample,wikipedia,28,19,0.5,-10.0,6,10,0.3333333333333333,0.8,1.125,True,False,True,https://en.wikipedia.org/wiki/2015%E2%80%9316_Premier_League
premier_league,2015/16,Swansea City,Swansea,Garry Monk,Alan Curtis,Sacked,sacked,2015-12-09,2016-01-07,29,caretaker,high,caretaker_flag_or_short_spell,wikipedia,15,15,0.6666666666666666,-7.0,6,18,2.0,1.6,1.375,True,False,True,https://en.wikipedia.org/wiki/2015%E2%80%9316_Premier_League
premier_league,2016/17,Crystal Palace,Crystal Palace,Alan Pardew,Sam Allardyce,Sacked,sacked,2016-12-22,2016-12-23,1,external,high,arrived_from_other_club_in_sample,wikipedia,17,16,0.6666666666666666,-1.0,6,21,0.3333333333333333,0.2,0.5,True,False,True,https://en.wikipedia.org/wiki/2016%E2%80%9317_Premier_League
premier_league,2016/17,Hull City,Hull,Mike Phelan,Marco Silva,Sacked,sacked,2017-01-03,2017-01-05,2,external,manual,hired from Olympiacos as new Hull manager,wikipedia,20,19,0.3333333333333333,-9.0,6,18,1.3333333333333333,1.4,1.375,True,False,True,https://en.wikipedia.org/wiki/2016%E2%80%9317_Premier_League
premier_league,2016/17,Leicester City,Leicester,Claudio Ranieri,Craig Shakespeare,Sacked,sacked,2017-02-23,2017-03-12,17,caretaker,high,caretaker_flag_or_short_spell,wikipedia,25,16,0.1666666666666666,-12.0,6,11,3.0,2.0,2.0,True,False,True,https://en.wikipedia.org/wiki/2016%E2%80%9317_Premier_League
premier_league,2016/17,Middlesbrough,Middlesbrough,Aitor Karanka,Steve Agnew (caretaker),Mutual consent,mutual_consent,2017-03-16,2017-03-16,0,caretaker,high,caretaker_flag_or_short_spell,wikipedia,27,18,0.3333333333333333,-6.0,6,11,0.3333333333333333,0.4,0.75,False,True,True,https://en.wikipedia.org/wiki/2016%E2%80%9317_Premier_League
premier_league,2016/17,Swansea City,Swansea,Francesco Guidolin,Bob Bradley,Sacked,sacked,2016-10-03,2016-10-03,0,external,manual,"hired from Le Havre as long-term new manager, not a caretaker appointment",wikipedia,7,17,0.1666666666666666,-7.0,6,31,0.3333333333333333,0.4,1.0,True,False,True,https://en.wikipedia.org/wiki/2016%E2%80%9317_Premier_League
premier_league,2016/17,Swansea City,Swansea,Bob Bradley,Paul Clement,Sacked,sacked,2016-12-27,2017-01-02,6,external,manual,hired from Bayern Munich staff as new Swansea manager,wikipedia,18,19,1.0,-9.0,6,19,2.0,1.8,1.875,True,False,True,https://en.wikipedia.org/wiki/2016%E2%80%9317_Premier_League
premier_league,2017/18,Crystal Palace,Crystal Palace,Frank de Boer,Roy Hodgson,Sacked,sacked,2017-09-11,2017-09-12,1,external,manual,hired from outside as new Palace manager,wikipedia,4,19,0.0,-7.0,4,34,0.0,0.6,0.625,True,False,True,https://en.wikipedia.org/wiki/2017%E2%80%9318_Premier_League
premier_league,2017/18,Everton,Everton,Ronald Koeman,Sam Allardyce,Sacked,sacked,2017-10-23,2017-11-30,38,caretaker,high,caretaker_flag_or_short_spell,wikipedia,9,18,0.6666666666666666,-10.0,6,24,2.333333333333333,2.2,1.5,True,False,True,https://en.wikipedia.org/wiki/2017%E2%80%9318_Premier_League
premier_league,2017/18,Leicester City,Leicester,Craig Shakespeare,Claude Puel,Sacked,sacked,2017-10-17,2017-10-25,8,external,high,arrived_from_other_club_in_sample,wikipedia,8,18,0.5,-4.0,6,29,1.3333333333333333,1.6,2.125,True,False,True,https://en.wikipedia.org/wiki/2017%E2%80%9318_Premier_League
premier_league,2017/18,Southampton,Southampton,Mauricio Pellegrino,Mark Hughes,Sacked,sacked,2018-03-12,2018-03-14,2,external,high,arrived_from_other_club_in_sample,wikipedia,30,17,1.0,-4.0,6,8,0.0,0.8,1.0,True,False,True,https://en.wikipedia.org/wiki/2017%E2%80%9318_Premier_League
premier_league,2017/18,Stoke City,Stoke,Mark Hughes,Paul Lambert,Sacked,sacked,2018-01-06,2018-01-15,9,external,manual,hired from outside as new Stoke manager,wikipedia,22,16,0.6666666666666666,-8.0,6,15,1.3333333333333333,1.2,0.875,True,False,True,https://en.wikipedia.org/wiki/2017%E2%80%9318_Premier_League
premier_league,2017/18,Swansea City,Swansea,Paul Clement,Carlos Carvalhal,Sacked,sacked,2017-12-20,2017-12-28,8,external,manual,hired from outside as new Swansea manager,wikipedia,18,20,0.6666666666666666,-7.0,6,18,1.3333333333333333,2.0,1.75,True,False,True,https://en.wikipedia.org/wiki/2017%E2%80%9318_Premier_League
premier_league,2017/18,Watford,Watford,Marco Silva,Javi Gracia,Sacked,sacked,2018-01-21,2018-01-21,0,external,manual,hired from outside as new Watford manager,wikipedia,24,10,0.6666666666666666,-5.0,6,14,1.3333333333333333,2.0,1.375,True,False,True,https://en.wikipedia.org/wiki/2017%E2%80%9318_Premier_League
premier_league,2017/18,West Bromwich Albion,West Brom,Tony Pulis,Alan Pardew,Sacked,sacked,2017-11-20,2017-11-29,9,external,manual,hired from outside as new West Brom manager,wikipedia,12,17,0.3333333333333333,-7.0,6,24,0.6666666666666666,0.4,0.5,True,False,True,https://en.wikipedia.org/wiki/2017%E2%80%9318_Premier_League
premier_league,2017/18,West Bromwich Albion,West Brom,Alan Pardew,Darren Moore (caretaker),Mutual consent,mutual_consent,2018-04-02,2018-04-02,0,caretaker,high,caretaker_flag_or_short_spell,wikipedia,32,20,0.0,-10.0,6,6,1.6666666666666667,2.2,,False,True,True,https://en.wikipedia.org/wiki/2017%E2%80%9318_Premier_League
premier_league,2017/18,West Ham United,West Ham,Slaven Bilić,David Moyes,Sacked,sacked,2017-11-06,2017-11-07,1,external,manual,"hired from outside as new manager until end of season, not labelled caretaker",wikipedia,11,17,0.8333333333333334,-6.0,6,27,0.3333333333333333,0.8,1.0,True,False,True,https://en.wikipedia.org/wiki/2017%E2%80%9318_Premier_League
premier_league,2018/19,Fulham,Fulham,Slaviša Jokanović,Claudio Ranieri,Sacked,sacked,2018-11-14,2018-11-14,0,external,high,arrived_from_other_club_in_sample,wikipedia,12,20,0.0,-15.0,6,26,1.3333333333333333,0.8,1.125,True,False,True,https://en.wikipedia.org/wiki/2018%E2%80%9319_Premier_League
premier_league,2018/19,Fulham,Fulham,Claudio Ranieri,Scott Parker,Sacked,sacked,2019-02-28,2019-02-28,0,caretaker,manual,first-team coach named caretaker/temporary charge at Ranieri sacking,wikipedia,28,19,0.5,-8.0,6,10,0.0,0.0,1.125,True,False,True,https://en.wikipedia.org/wiki/2018%E2%80%9319_Premier_League
premier_league,2018/19,Huddersfield Town,Huddersfield,David Wagner,Jan Siewert,Mutual consent,mutual_consent,2019-01-14,2019-01-21,7,external,manual,Hired from Borussia Dortmund II as Huddersfield's new manager.,wikipedia,22,20,0.1666666666666666,-7.0,6,15,0.0,0.6,0.375,False,True,True,https://en.wikipedia.org/wiki/2018%E2%80%9319_Premier_League
premier_league,2018/19,Leicester City,Leicester,Claude Puel,Brendan Rodgers,Sacked,sacked,2019-02-24,2019-02-26,2,external,manual,hired from Celtic as new Leicester manager,wikipedia,27,12,0.1666666666666666,-8.0,6,10,2.0,2.4,2.0,True,False,True,https://en.wikipedia.org/wiki/2018%E2%80%9319_Premier_League
premier_league,2018/19,Manchester United,Man United,José Mourinho,Ole Gunnar Solskjær,Sacked,sacked,2018-12-18,2018-12-19,1,caretaker,high,caretaker_flag_or_short_spell,wikipedia,17,6,1.0,-1.0,6,21,3.0,3.0,2.75,True,False,True,https://en.wikipedia.org/wiki/2018%E2%80%9319_Premier_League
premier_league,2018/19,Southampton,Southampton,Mark Hughes,Ralph Hasenhüttl,Sacked,sacked,2018-12-03,2018-12-05,2,external,manual,hired from RB Leipzig as new Southampton manager,wikipedia,14,18,0.6666666666666666,-6.0,6,23,2.0,1.2,1.625,True,False,True,https://en.wikipedia.org/wiki/2018%E2%80%9319_Premier_League
premier_league,2019/20,Arsenal,Arsenal,Unai Emery,Mikel Arteta,Sacked,sacked,2019-11-29,2019-12-20,21,caretaker,high,caretaker_flag_or_short_spell,wikipedia,13,5,1.0,-2.0,6,21,0.6666666666666666,1.2,1.125,True,False,True,https://en.wikipedia.org/wiki/2019%E2%80%9320_Premier_League
premier_league,2019/20,Everton,Everton,Marco Silva,Carlo Ancelotti,Sacked,sacked,2019-12-05,2019-12-21,16,caretaker,high,caretaker_flag_or_short_spell,wikipedia,15,17,0.6666666666666666,-6.0,6,20,2.0,2.0,2.125,True,False,True,https://en.wikipedia.org/wiki/2019%E2%80%9320_Premier_League
premier_league,2019/20,Tottenham Hotspur,Tottenham,Mauricio Pochettino,José Mourinho,Sacked,sacked,2019-11-19,2019-11-20,1,external,manual,hired from outside as new Spurs manager,wikipedia,12,12,1.0,-3.0,6,26,2.0,2.4,2.0,True,False,True,https://en.wikipedia.org/wiki/2019%E2%80%9320_Premier_League
premier_league,2019/20,Watford,Watford,Javi Gracia,Quique Sánchez Flores,Sacked,sacked,2019-09-07,2019-09-07,0,external,manual,"reappointed from outside as new head coach, not then on Watford staff and not labelled caretaker",wikipedia,4,20,0.25,-6.0,4,34,0.3333333333333333,0.6,0.875,True,False,True,https://en.wikipedia.org/wiki/2019%E2%80%9320_Premier_League
premier_league,2019/20,Watford,Watford,Quique Sánchez Flores,Nigel Pearson,Sacked,sacked,2019-12-01,2019-12-06,5,external,manual,hired from outside as new Watford manager,wikipedia,14,20,0.8333333333333334,-3.0,6,23,1.3333333333333333,1.6,1.875,True,False,True,https://en.wikipedia.org/wiki/2019%E2%80%9320_Premier_League
premier_league,2019/20,Watford,Watford,Nigel Pearson,Hayden Mullins (interim),Sacked,sacked,2020-07-19,2020-07-19,0,caretaker,high,caretaker_flag_or_short_spell,wikipedia,36,17,1.0,-6.0,6,2,,,,False,False,True,https://en.wikipedia.org/wiki/2019%E2%80%9320_Premier_League
premier_league,2019/20,West Ham United,West Ham,Manuel Pellegrini,David Moyes,Sacked,sacked,2019-12-28,2019-12-29,1,external,manual,"returning former manager hired from outside, not then on staff",wikipedia,19,17,1.0,-4.0,6,19,1.3333333333333333,0.8,0.625,True,False,True,https://en.wikipedia.org/wiki/2019%E2%80%9320_Premier_League
premier_league,2020/21,Chelsea,Chelsea,Frank Lampard,Thomas Tuchel,Sacked,sacked,2021-01-25,2021-01-26,1,external,high,arrived_from_other_club_in_sample,wikipedia,19,7,1.1666666666666667,-2.0,6,19,2.333333333333333,2.6,2.25,True,False,True,https://en.wikipedia.org/wiki/2020%E2%80%9321_Premier_League
premier_league,2020/21,Sheffield United,Sheffield United,Chris Wilder,Paul Heckingbottom (interim),Sacked,sacked,2021-03-13,2021-03-13,0,caretaker,high,caretaker_flag_or_short_spell,wikipedia,28,20,0.5,-8.0,6,10,0.0,0.6,0.75,True,False,True,https://en.wikipedia.org/wiki/2020%E2%80%9321_Premier_League
premier_league,2020/21,Tottenham Hotspur,Tottenham,José Mourinho,Ryan Mason (interim),Sacked,sacked,2021-04-19,2021-04-19,0,caretaker,high,caretaker_flag_or_short_spell,wikipedia,32,7,1.3333333333333333,2.0,6,6,2.0,1.8,,True,False,True,https://en.wikipedia.org/wiki/2020%E2%80%9321_Premier_League
premier_league,2020/21,West Bromwich Albion,West Brom,Slaven Bilić,Sam Allardyce,Sacked,sacked,2020-12-16,2020-12-16,0,external,manual,hired from outside as new West Brom manager,wikipedia,13,19,0.6666666666666666,-6.0,6,25,0.3333333333333333,0.8,0.625,True,False,True,https://en.wikipedia.org/wiki/2020%E2%80%9321_Premier_League
premier_league,2021/22,Aston Villa,Aston Villa,Dean Smith,Steven Gerrard,Sacked,sacked,2021-11-07,2021-11-11,4,external,manual,hired from Rangers as new Villa manager,wikipedia,11,15,0.5,-7.0,6,27,2.0,1.8,1.5,True,False,True,https://en.wikipedia.org/wiki/2021%E2%80%9322_Premier_League
premier_league,2021/22,Burnley,Burnley,Sean Dyche,Mike Jackson (lead caretaker),Sacked,sacked,2022-04-15,2022-04-15,0,caretaker,high,caretaker_flag_or_short_spell,wikipedia,30,18,0.5,-11.0,6,8,2.333333333333333,2.0,1.375,True,False,True,https://en.wikipedia.org/wiki/2021%E2%80%9322_Premier_League
premier_league,2021/22,Everton,Everton,Rafael Benítez,Duncan Ferguson (caretaker),Sacked,sacked,2022-01-16,2022-01-18,2,caretaker,high,caretaker_flag_or_short_spell,wikipedia,19,15,0.6666666666666666,-6.0,6,19,1.0,0.6,0.75,True,False,True,https://en.wikipedia.org/wiki/2021%E2%80%9322_Premier_League
premier_league,2021/22,Leeds United,Leeds,Marcelo Bielsa,Jesse Marsch,Sacked,sacked,2022-02-27,2022-02-28,1,external,high,arrived_from_other_club_in_sample,wikipedia,26,15,0.1666666666666666,-16.0,6,12,1.0,1.4,1.375,True,False,True,https://en.wikipedia.org/wiki/2021%E2%80%9322_Premier_League
premier_league,2021/22,Manchester United,Man United,Ole Gunnar Solskjær,Michael Carrick (caretaker),Sacked,sacked,2021-11-21,2021-11-21,0,caretaker,high,caretaker_flag_or_short_spell,wikipedia,12,6,0.6666666666666666,-9.0,6,26,2.333333333333333,2.2,1.875,True,False,True,https://en.wikipedia.org/wiki/2021%E2%80%9322_Premier_League
premier_league,2021/22,Newcastle United,Newcastle,Steve Bruce,Graeme Jones (interim),Mutual consent,mutual_consent,2021-10-20,2021-10-20,0,caretaker,high,caretaker_flag_or_short_spell,wikipedia,8,19,0.5,-5.0,6,30,0.6666666666666666,0.6,0.875,False,True,True,https://en.wikipedia.org/wiki/2021%E2%80%9322_Premier_League
premier_league,2021/22,Norwich City,Norwich,Daniel Farke,Dean Smith,Sacked,sacked,2021-11-06,2021-11-15,9,external,high,arrived_from_other_club_in_sample,wikipedia,11,20,0.8333333333333334,-9.0,6,27,1.6666666666666667,1.0,0.625,True,False,True,https://en.wikipedia.org/wiki/2021%E2%80%9322_Premier_League
premier_league,2021/22,Tottenham Hotspur,Tottenham,Nuno Espírito Santo,Antonio Conte,Sacked,sacked,2021-11-01,2021-11-02,1,external,high,arrived_from_other_club_in_sample,wikipedia,10,8,1.0,-7.0,6,28,2.333333333333333,2.2,2.25,True,False,True,https://en.wikipedia.org/wiki/2021%E2%80%9322_Premier_League
premier_league,2021/22,Watford,Watford,Xisco Muñoz,Claudio Ranieri,Sacked,sacked,2021-10-03,2021-10-04,1,external,high,arrived_from_other_club_in_sample,wikipedia,7,13,0.6666666666666666,-4.0,6,31,1.0,1.2,0.75,True,False,True,https://en.wikipedia.org/wiki/2021%E2%80%9322_Premier_League
premier_league,2021/22,Watford,Watford,Claudio Ranieri,Roy Hodgson,Sacked,sacked,2022-01-24,2022-01-25,1,external,manual,hired from outside as new Watford manager,wikipedia,20,18,0.1666666666666666,-10.0,6,18,0.3333333333333333,0.8,0.625,True,False,True,https://en.wikipedia.org/wiki/2021%E2%80%9322_Premier_League
premier_league,2022/23,Aston Villa,Aston Villa,Steven Gerrard,Aaron Danks (interim),Sacked,sacked,2022-10-20,2022-10-21,1,caretaker,high,caretaker_flag_or_short_spell,wikipedia,11,17,1.0,-4.0,6,27,2.0,1.8,2.0,True,False,True,https://en.wikipedia.org/wiki/2022%E2%80%9323_Premier_League
premier_league,2022/23,Bournemouth,Bournemouth,Scott Parker,Gary O'Neil,Sacked,sacked,2022-08-30,2022-08-30,0,caretaker,high,caretaker_flag_or_short_spell,wikipedia,4,15,0.75,-14.0,4,34,1.6666666666666667,1.8,1.25,True,False,True,https://en.wikipedia.org/wiki/2022%E2%80%9323_Premier_League
premier_league,2022/23,Chelsea,Chelsea,Thomas Tuchel,Graham Potter,Sacked,sacked,2022-09-07,2022-09-08,1,external,high,arrived_from_other_club_in_sample,wikipedia,6,5,1.6666666666666667,-1.0,6,32,3.0,2.2,1.375,True,False,True,https://en.wikipedia.org/wiki/2022%E2%80%9323_Premier_League
premier_league,2022/23,Chelsea,Chelsea,Graham Potter,Bruno Saltor (interim),Sacked,sacked,2023-04-02,2023-04-02,0,caretaker,high,caretaker_flag_or_short_spell,wikipedia,28,11,1.1666666666666667,-2.0,6,10,0.3333333333333333,0.2,0.625,True,False,True,https://en.wikipedia.org/wiki/2022%E2%80%9323_Premier_League
premier_league,2022/23,Crystal Palace,Crystal Palace,Patrick Vieira,Paddy McCarthy (interim),Sacked,sacked,2023-03-17,2023-03-17,0,caretaker,high,caretaker_flag_or_short_spell,wikipedia,27,12,0.5,-3.0,6,11,2.0,2.0,1.625,True,False,True,https://en.wikipedia.org/wiki/2022%E2%80%9323_Premier_League
premier_league,2022/23,Everton,Everton,Frank Lampard,Sean Dyche,Sacked,sacked,2023-01-23,2023-01-30,7,external,manual,hired from outside as new Everton manager,wikipedia,20,19,0.1666666666666666,-10.0,6,18,2.0,1.2,1.375,True,False,True,https://en.wikipedia.org/wiki/2022%E2%80%9323_Premier_League
premier_league,2022/23,Leeds United,Leeds,Jesse Marsch,Michael Skubala (interim),Sacked,sacked,2023-02-06,2023-02-06,0,caretaker,high,caretaker_flag_or_short_spell,wikipedia,20,17,0.5,-4.0,6,18,0.3333333333333333,0.8,1.0,True,False,True,https://en.wikipedia.org/wiki/2022%E2%80%9323_Premier_League
premier_league,2022/23,Leeds United,Leeds,Javi Gracia,Sam Allardyce,Sacked,sacked,2023-05-03,2023-05-03,0,caretaker,manual,Outside fireman hired only until the end of the season for the remaining four games.,wikipedia,34,16,0.6666666666666666,-12.0,6,4,0.3333333333333333,,,False,False,True,https://en.wikipedia.org/wiki/2022%E2%80%9323_Premier_League
premier_league,2022/23,Leicester City,Leicester,Brendan Rodgers,Adam Sadler (interim),Mutual consent,mutual_consent,2023-04-02,2023-04-04,2,caretaker,high,caretaker_flag_or_short_spell,wikipedia,28,18,0.1666666666666666,-8.0,6,9,1.0,1.0,0.75,False,True,True,https://en.wikipedia.org/wiki/2022%E2%80%9323_Premier_League
premier_league,2022/23,Southampton,Southampton,Ralph Hasenhüttl,Nathan Jones,Sacked,sacked,2022-11-07,2022-11-10,3,external,manual,hired from Luton as new Southampton manager,wikipedia,14,18,0.8333333333333334,-7.0,6,24,0.0,0.6,0.375,True,False,True,https://en.wikipedia.org/wiki/2022%E2%80%9323_Premier_League
premier_league,2022/23,Southampton,Southampton,Nathan Jones,Rubén Sellés,Sacked,sacked,2023-02-12,2023-02-12,0,caretaker,high,caretaker_flag_or_short_spell,wikipedia,22,20,0.5,-6.0,6,16,2.0,1.4,1.0,True,False,True,https://en.wikipedia.org/wiki/2022%E2%80%9323_Premier_League
premier_league,2022/23,Tottenham Hotspur,Tottenham,Antonio Conte,Cristian Stellini (interim),Mutual consent,mutual_consent,2023-03-26,2023-03-26,0,caretaker,high,caretaker_flag_or_short_spell,wikipedia,28,4,1.6666666666666667,2.0,6,10,1.3333333333333333,1.0,1.0,False,True,True,https://en.wikipedia.org/wiki/2022%E2%80%9323_Premier_League
premier_league,2022/23,Tottenham Hotspur,Tottenham,Cristian Stellini (interim),Ryan Mason (interim),Sacked,sacked,2023-04-24,2023-04-24,0,caretaker,high,caretaker_flag_or_short_spell,wikipedia,32,5,1.3333333333333333,-3.0,6,6,1.3333333333333333,0.8,,True,False,True,https://en.wikipedia.org/wiki/2022%E2%80%9323_Premier_League
premier_league,2022/23,Wolverhampton Wanderers,Wolves,Bruno Lage,Steve Davis (interim),Sacked,sacked,2022-10-02,2022-10-02,0,caretaker,high,caretaker_flag_or_short_spell,wikipedia,8,18,0.8333333333333334,-5.0,6,30,1.0,0.8,0.875,True,False,True,https://en.wikipedia.org/wiki/2022%E2%80%9323_Premier_League
premier_league,2023/24,Nottingham Forest,Nott'm Forest,Steve Cooper,Nuno Espírito Santo,Sacked,sacked,2023-12-19,2023-12-20,1,external,manual,hired from outside as new Forest manager,wikipedia,17,17,0.1666666666666666,-10.0,6,21,2.0,1.2,1.25,True,False,True,https://en.wikipedia.org/wiki/2023%E2%80%9324_Premier_League
premier_league,2023/24,Sheffield United,Sheffield United,Paul Heckingbottom,Chris Wilder,Sacked,sacked,2023-12-05,2023-12-05,0,external,manual,"returning former manager hired from outside, not then on staff",wikipedia,14,20,0.6666666666666666,-12.0,6,24,1.0,0.8,0.625,True,False,True,https://en.wikipedia.org/wiki/2023%E2%80%9324_Premier_League
premier_league,2024/25,Everton,Everton,Sean Dyche,Leighton Baines (interim),Sacked,sacked,2025-01-09,2025-01-09,0,caretaker,high,caretaker_flag_or_short_spell,wikipedia,19,16,1.0,1.0,6,19,2.0,2.0,1.875,True,False,True,https://en.wikipedia.org/wiki/2024%E2%80%9325_Premier_League
premier_league,2024/25,Leicester City,Leicester,Steve Cooper,Ben Dawson (interim),Sacked,sacked,2024-11-24,2024-11-24,0,caretaker,high,caretaker_flag_or_short_spell,wikipedia,12,16,1.1666666666666667,-4.0,6,26,1.3333333333333333,0.8,0.5,True,False,True,https://en.wikipedia.org/wiki/2024%E2%80%9325_Premier_League
premier_league,2024/25,Manchester United,Man United,Erik ten Hag,Ruud van Nistelrooy (interim),Sacked,sacked,2024-10-28,2024-10-28,0,caretaker,high,caretaker_flag_or_short_spell,wikipedia,9,13,1.3333333333333333,0.0,6,29,1.6666666666666667,1.6,1.375,True,False,True,https://en.wikipedia.org/wiki/2024%E2%80%9325_Premier_League
premier_league,2024/25,Southampton,Southampton,Russell Martin,Simon Rusk (interim),Sacked,sacked,2024-12-15,2024-12-15,0,caretaker,high,caretaker_flag_or_short_spell,wikipedia,16,20,0.1666666666666666,-13.0,6,22,0.3333333333333333,0.2,0.5,True,False,True,https://en.wikipedia.org/wiki/2024%E2%80%9325_Premier_League
premier_league,2024/25,Southampton,Southampton,Ivan Jurić,Simon Rusk (interim),Mutual consent,mutual_consent,2025-04-07,2025-04-07,0,caretaker,high,caretaker_flag_or_short_spell,wikipedia,31,20,0.1666666666666666,-13.0,6,7,0.3333333333333333,0.4,,False,True,True,https://en.wikipedia.org/wiki/2024%E2%80%9325_Premier_League
premier_league,2024/25,West Ham United,West Ham,Julen Lopetegui,Graham Potter,Sacked,sacked,2025-01-08,2025-01-09,1,external,manual,hired from outside as new West Ham manager,wikipedia,20,13,1.3333333333333333,-6.0,6,18,1.3333333333333333,0.8,1.25,True,False,True,https://en.wikipedia.org/wiki/2024%E2%80%9325_Premier_League
premier_league,2024/25,Wolverhampton Wanderers,Wolves,Gary O'Neil,Vítor Pereira,Sacked,sacked,2024-12-15,2024-12-19,4,external,manual,hired from outside as new Wolves manager,wikipedia,16,19,1.0,-3.0,6,22,2.333333333333333,1.4,1.25,True,False,True,https://en.wikipedia.org/wiki/2024%E2%80%9325_Premier_League
serie_a,2008/09,Bologna,Bologna,Daniele Arrigoni,Siniša Mihajlović,Sacked,sacked,2008-11-03,2008-11-03,0,external,manual,hired from Inter assistant job as new Bologna manager,wikipedia,10,19,0.5,-7.0,6,28,1.0,1.0,1.25,True,False,True,https://en.wikipedia.org/wiki/2008%E2%80%9309_Serie_A
serie_a,2008/09,Bologna,Bologna,Siniša Mihajlović,Giuseppe Papadopulo,Sacked,sacked,2009-04-14,2009-04-14,0,external,manual,hired from outside as new manager for remaining seven games,wikipedia,31,17,0.5,-7.0,6,7,1.0,1.4,,True,False,True,https://en.wikipedia.org/wiki/2008%E2%80%9309_Serie_A
serie_a,2008/09,Chievo Verona,Chievo,Giuseppe Iachini,Domenico Di Carlo,Sacked,sacked,2008-11-04,2008-11-04,0,external,manual,"hired from outside as new manager on a one-year deal, not then at Chievo",wikipedia,10,18,0.1666666666666666,-9.0,6,28,0.0,0.6,0.5,True,False,True,https://en.wikipedia.org/wiki/2008%E2%80%9309_Serie_A
serie_a,2008/09,Juventus,Juventus,Claudio Ranieri,Ciro Ferrara,Sacked,sacked,2009-05-18,2009-05-18,0,caretaker,manual,Youth chief named traghettatore for the last two league games; confirmed as manager only in June.,wikipedia,36,3,0.8333333333333334,-1.0,6,2,,,,False,False,True,https://en.wikipedia.org/wiki/2008%E2%80%9309_Serie_A
serie_a,2008/09,Lecce,Lecce,Mario Beretta,Luigi De Canio,Sacked,sacked,2009-03-09,2009-03-09,0,external,manual,hired from outside as new Lecce manager,wikipedia,27,19,0.6666666666666666,-8.0,6,11,0.3333333333333333,0.2,0.75,True,False,True,https://en.wikipedia.org/wiki/2008%E2%80%9309_Serie_A
serie_a,2008/09,Napoli,Napoli,Edoardo Reja,Roberto Donadoni,Sacked,sacked,2009-03-10,2009-03-10,0,external,manual,hired from outside as new Napoli manager,wikipedia,27,11,0.3333333333333333,-5.0,6,11,1.0,0.8,1.0,True,False,True,https://en.wikipedia.org/wiki/2008%E2%80%9309_Serie_A
serie_a,2008/09,Palermo,Palermo,Stefano Colantuono,Davide Ballardini,Sacked,sacked,2008-09-04,2008-09-04,0,external,high,arrived_from_other_club_in_sample,wikipedia,1,2,0.0,-2.0,1,37,2.0,2.4,1.625,False,False,True,https://en.wikipedia.org/wiki/2008%E2%80%9309_Serie_A
serie_a,2008/09,Reggina,Reggina,Nevio Orlandi,Giuseppe Pillon,Sacked,sacked,2008-12-16,2008-12-16,0,external,manual,"hired from outside as new manager replacing Orlandi, not a caretaker appointment",wikipedia,16,19,1.1666666666666667,-7.0,6,22,0.3333333333333333,0.4,0.625,True,False,True,https://en.wikipedia.org/wiki/2008%E2%80%9309_Serie_A
serie_a,2008/09,Reggina,Reggina,Giuseppe Pillon,Nevio Orlandi,Sacked,sacked,2009-01-25,2009-01-25,0,external,manual,"sacked manager reinstated from outside, not then on staff under Pillon",wikipedia,20,20,0.3333333333333333,-5.0,6,18,1.0,0.8,0.875,True,False,True,https://en.wikipedia.org/wiki/2008%E2%80%9309_Serie_A
serie_a,2008/09,Torino,Torino,Gianni De Biasi,Walter Novellino,Sacked,sacked,2008-12-08,2008-12-08,0,external,manual,hired from outside as new Torino manager,wikipedia,15,17,0.6666666666666666,-5.0,6,23,1.0,0.8,0.875,True,False,True,https://en.wikipedia.org/wiki/2008%E2%80%9309_Serie_A
serie_a,2008/09,Torino,Torino,Walter Novellino,Giancarlo Camolese,Sacked,sacked,2009-03-24,2009-03-24,0,external,manual,hired from outside as new Torino manager,wikipedia,29,18,0.8333333333333334,-4.0,6,9,1.0,1.2,1.25,True,False,True,https://en.wikipedia.org/wiki/2008%E2%80%9309_Serie_A
serie_a,2009/10,Atalanta,Atalanta,Angelo Gregucci,Antonio Conte,Sacked,sacked,2009-09-21,2009-09-21,0,external,high,arrived_from_other_club_in_sample,wikipedia,4,20,0.0,-6.0,4,34,1.0,1.8,1.125,True,False,True,https://en.wikipedia.org/wiki/2009%E2%80%9310_Serie_A
serie_a,2009/10,Bologna,Bologna,Giuseppe Papadopulo,Franco Colomba,Sacked,sacked,2009-10-20,2009-10-20,0,external,manual,hired from outside as new Bologna manager,wikipedia,8,17,0.6666666666666666,-4.0,6,30,1.0,1.2,1.25,True,False,True,https://en.wikipedia.org/wiki/2009%E2%80%9310_Serie_A
serie_a,2009/10,Cagliari,Cagliari,Massimiliano Allegri,Giorgio Melis (caretaker),Sacked,sacked,2010-04-13,2010-04-13,0,caretaker,high,caretaker_flag_or_short_spell,wikipedia,33,12,0.1666666666666666,-8.0,6,5,1.0,0.8,,True,False,True,https://en.wikipedia.org/wiki/2009%E2%80%9310_Serie_A
serie_a,2009/10,Catania,Catania,Gianluca Atzori,Siniša Mihajlović,Sacked,sacked,2009-12-08,2009-12-08,0,external,manual,hired from outside as new Catania manager,wikipedia,15,19,0.3333333333333333,-6.0,6,23,2.0,1.4,1.75,True,False,True,https://en.wikipedia.org/wiki/2009%E2%80%9310_Serie_A
serie_a,2009/10,Juventus,Juventus,Ciro Ferrara,Alberto Zaccheroni,Sacked,sacked,2010-01-29,2010-01-29,0,external,manual,hired from outside as new Juventus manager until end of season,wikipedia,21,5,0.5,-7.0,6,17,1.6666666666666667,1.6,1.5,True,False,True,https://en.wikipedia.org/wiki/2009%E2%80%9310_Serie_A
serie_a,2009/10,Lazio,Lazio,Davide Ballardini,Edoardo Reja,Sacked,sacked,2010-02-10,2010-02-10,0,external,manual,hired from outside as new Lazio manager,wikipedia,23,17,1.0,-1.0,6,15,1.3333333333333333,0.8,1.375,True,False,True,https://en.wikipedia.org/wiki/2009%E2%80%9310_Serie_A
serie_a,2009/10,Livorno,Livorno,Vittorio Russo,Serse Cosmi,Sacked,sacked,2009-10-21,2009-10-21,0,external,manual,hired from outside as new Livorno manager,wikipedia,8,20,0.3333333333333333,-6.0,6,30,2.0,1.8,1.5,True,False,True,https://en.wikipedia.org/wiki/2009%E2%80%9310_Serie_A
serie_a,2009/10,Livorno,Livorno,Serse Cosmi,Gennaro Ruotolo,Sacked,sacked,2010-04-05,2010-04-05,0,internal,manual,"Primavera coach already at Livorno recalled as first-team manager, not labelled caretaker",wikipedia,32,20,0.5,-7.0,6,6,1.0,0.6,,True,False,True,https://en.wikipedia.org/wiki/2009%E2%80%9310_Serie_A
serie_a,2009/10,Napoli,Napoli,Roberto Donadoni,Walter Mazzarri,Sacked,sacked,2009-10-06,2009-10-06,0,external,high,arrived_from_other_club_in_sample,wikipedia,7,14,1.1666666666666667,-3.0,6,31,2.333333333333333,2.2,2.0,True,False,True,https://en.wikipedia.org/wiki/2009%E2%80%9310_Serie_A
serie_a,2009/10,Palermo,Palermo,Walter Zenga,Delio Rossi,Sacked,sacked,2009-11-23,2009-11-23,0,external,high,arrived_from_other_club_in_sample,wikipedia,13,11,1.3333333333333333,-2.0,6,25,2.0,2.0,2.125,True,False,True,https://en.wikipedia.org/wiki/2009%E2%80%9310_Serie_A
serie_a,2009/10,Siena,Siena,Marco Giampaolo,Marco Baroni,Sacked,sacked,2009-10-29,2009-10-29,0,internal,manual,Primavera coach appointed first-team manager; later returned to youth after three games,wikipedia,10,20,0.3333333333333333,-4.0,6,28,0.3333333333333333,0.8,0.875,True,False,True,https://en.wikipedia.org/wiki/2009%E2%80%9310_Serie_A
serie_a,2009/10,Siena,Siena,Marco Baroni,Alberto Malesani,Removed from managerial duties,sacked,2009-11-23,2009-11-23,0,external,manual,hired from outside as new Siena manager,wikipedia,13,20,0.1666666666666666,-7.0,6,25,2.0,1.2,0.875,True,False,True,https://en.wikipedia.org/wiki/2009%E2%80%9310_Serie_A
serie_a,2009/10,Udinese,Udinese,Pasquale Marino,Gianni De Biasi,Sacked,sacked,2009-12-22,2009-12-22,0,external,manual,"hired from outside as new manager until 30 June with option, not labelled caretaker",wikipedia,16,14,0.6666666666666666,-2.0,6,22,0.6666666666666666,0.6,0.75,True,False,True,https://en.wikipedia.org/wiki/2009%E2%80%9310_Serie_A
serie_a,2009/10,Udinese,Udinese,Gianni De Biasi,Pasquale Marino,Sacked,sacked,2010-02-21,2010-02-21,0,external,manual,"sacked manager reinstated from outside, not then on staff under De Biasi",wikipedia,24,16,0.8333333333333334,-3.0,6,14,1.3333333333333333,1.4,1.375,True,False,True,https://en.wikipedia.org/wiki/2009%E2%80%9310_Serie_A
serie_a,2010/11,Bari,Bari,Giampiero Ventura,Bortolo Mutti,Mutual consent,mutual_consent,2011-02-10,2011-02-10,0,external,manual,"Hired from outside on a contract to season end with an option, not as a caretaker.",wikipedia,24,20,0.0,-11.0,6,14,0.6666666666666666,0.6,0.875,False,True,True,https://en.wikipedia.org/wiki/2010%E2%80%9311_Serie_A
serie_a,2010/11,Brescia,Brescia,Giuseppe Iachini,Mario Beretta,Sacked,sacked,2010-12-06,2010-12-06,0,external,manual,hired from outside as new Brescia manager before Iachini was later recalled,wikipedia,15,18,0.5,-5.0,6,23,1.0,1.2,0.875,True,False,True,https://en.wikipedia.org/wiki/2010%E2%80%9311_Serie_A
serie_a,2010/11,Brescia,Brescia,Mario Beretta,Giuseppe Iachini,Sacked,sacked,2011-01-30,2011-01-30,0,external,manual,"sacked manager reinstated from outside, not then on staff under Beretta",wikipedia,22,19,0.5,-5.0,6,16,1.3333333333333333,1.2,1.0,True,False,True,https://en.wikipedia.org/wiki/2010%E2%80%9311_Serie_A
serie_a,2010/11,Cagliari,Cagliari,Pierpaolo Bisoli,Roberto Donadoni,Sacked,sacked,2010-11-15,2010-11-16,1,external,manual,hired from outside as new Cagliari manager,wikipedia,12,16,0.6666666666666666,-2.0,6,26,2.0,1.8,1.875,True,False,True,https://en.wikipedia.org/wiki/2010%E2%80%9311_Serie_A
serie_a,2010/11,Catania,Catania,Marco Giampaolo,Diego Simeone,Mutual consent,mutual_consent,2011-01-18,2011-01-19,1,external,manual,Hired from outside as Catania's new manager after Giampaolo left.,wikipedia,20,16,0.6666666666666666,-7.0,6,18,0.3333333333333333,0.8,0.875,False,True,True,https://en.wikipedia.org/wiki/2010%E2%80%9311_Serie_A
serie_a,2010/11,Genoa,Genoa,Gian Piero Gasperini,Davide Ballardini,Sacked,sacked,2010-11-08,2010-11-08,0,external,manual,hired from outside as new Genoa manager,wikipedia,10,14,1.0,-2.0,6,28,2.0,2.0,1.5,True,False,True,https://en.wikipedia.org/wiki/2010%E2%80%9311_Serie_A
serie_a,2010/11,Internazionale,Inter,Rafael Benítez,Leonardo,Sacked,sacked,2010-12-23,2010-12-24,1,external,manual,"hired from Milan as new Inter manager until 2012, not then on Inter staff",wikipedia,15,6,0.8333333333333334,-1.0,6,23,3.0,2.4,2.625,True,False,True,https://en.wikipedia.org/wiki/2010%E2%80%9311_Serie_A
serie_a,2010/11,Palermo,Palermo,Delio Rossi,Serse Cosmi,Sacked,sacked,2011-02-28,2011-02-28,0,external,manual,hired from outside as new Palermo manager before Rossi was later recalled,wikipedia,27,8,1.0,-8.0,6,11,1.0,0.8,1.25,True,False,True,https://en.wikipedia.org/wiki/2010%E2%80%9311_Serie_A
serie_a,2010/11,Palermo,Palermo,Serse Cosmi,Delio Rossi,Sacked,sacked,2011-04-03,2011-04-03,0,external,manual,"sacked manager reinstated from outside, not then on staff under Cosmi",wikipedia,31,8,0.5,-14.0,6,7,2.333333333333333,2.0,,True,False,True,https://en.wikipedia.org/wiki/2010%E2%80%9311_Serie_A
serie_a,2010/11,Parma,Parma,Pasquale Marino,Franco Colomba,Sacked,sacked,2011-04-03,2011-04-05,2,external,manual,hired from outside as new Parma manager,wikipedia,31,15,1.0,-2.0,6,7,2.0,2.0,,True,False,True,https://en.wikipedia.org/wiki/2010%E2%80%9311_Serie_A
serie_a,2010/11,Sampdoria,Sampdoria,Domenico Di Carlo,Alberto Cavasin,Sacked,sacked,2011-03-07,2011-03-07,0,external,manual,hired from outside as new Sampdoria manager,wikipedia,28,14,0.6666666666666666,-4.0,6,10,0.3333333333333333,0.2,0.625,True,False,True,https://en.wikipedia.org/wiki/2010%E2%80%9311_Serie_A
serie_a,2011/12,Bologna,Bologna,Pierpaolo Bisoli,Stefano Pioli,Sacked,sacked,2011-10-04,2011-10-04,0,external,high,arrived_from_other_club_in_sample,wikipedia,5,19,0.2,-8.0,5,33,2.0,1.8,1.625,True,False,True,https://en.wikipedia.org/wiki/2011%E2%80%9312_Serie_A
serie_a,2011/12,Cagliari,Cagliari,Massimo Ficcadenti,Davide Ballardini,Sacked,sacked,2011-11-08,2011-11-09,1,external,high,arrived_from_other_club_in_sample,wikipedia,10,11,1.0,-2.0,6,28,1.3333333333333333,1.0,1.125,True,False,True,https://en.wikipedia.org/wiki/2011%E2%80%9312_Serie_A
serie_a,2011/12,Cagliari,Cagliari,Davide Ballardini,Massimo Ficcadenti,Sacked for just cause,sacked,2012-03-11,2012-03-11,0,external,manual,"sacked manager reinstated from outside after Ballardini spell, not then on staff",wikipedia,27,15,0.8333333333333334,-6.0,6,11,2.0,1.4,1.375,True,False,True,https://en.wikipedia.org/wiki/2011%E2%80%9312_Serie_A
serie_a,2011/12,Cesena,Cesena,Marco Giampaolo,Daniele Arrigoni,Sacked,sacked,2011-10-30,2011-11-01,2,external,manual,hired from outside as new Cesena manager,wikipedia,9,20,0.5,-5.0,6,29,2.0,1.8,1.125,True,False,True,https://en.wikipedia.org/wiki/2011%E2%80%9312_Serie_A
serie_a,2011/12,Cesena,Cesena,Daniele Arrigoni,Mario Beretta,Mutual consent,mutual_consent,2012-02-20,2012-02-21,1,external,manual,Hired from outside on a contract to season end with a renewal option if Cesena stayed up.,wikipedia,23,19,0.6666666666666666,-6.0,6,15,0.3333333333333333,0.2,0.5,False,True,True,https://en.wikipedia.org/wiki/2011%E2%80%9312_Serie_A
serie_a,2011/12,Fiorentina,Fiorentina,Siniša Mihajlović,Delio Rossi,Sacked,sacked,2011-11-07,2011-11-07,0,external,high,arrived_from_other_club_in_sample,wikipedia,10,13,0.8333333333333334,-2.0,6,28,1.3333333333333333,1.0,1.125,True,False,True,https://en.wikipedia.org/wiki/2011%E2%80%9312_Serie_A
serie_a,2011/12,Fiorentina,Fiorentina,Delio Rossi,Vincenzo Guerini (caretaker),Sacked,sacked,2012-05-02,2012-05-03,1,caretaker,high,caretaker_flag_or_short_spell,wikipedia,36,15,1.5,0.0,6,2,,,,False,False,True,https://en.wikipedia.org/wiki/2011%E2%80%9312_Serie_A
serie_a,2011/12,Genoa,Genoa,Alberto Malesani,Pasquale Marino,Sacked,sacked,2011-12-22,2011-12-22,0,external,manual,hired from outside as new Genoa manager,wikipedia,16,10,1.0,-7.0,6,22,1.0,1.8,1.125,True,False,True,https://en.wikipedia.org/wiki/2011%E2%80%9312_Serie_A
serie_a,2011/12,Genoa,Genoa,Pasquale Marino,Alberto Malesani,Sacked,sacked,2012-04-02,2012-04-02,0,external,manual,"sacked manager recalled as new coach, not then on staff under Marino",wikipedia,30,15,0.6666666666666666,-2.0,6,8,0.6666666666666666,0.4,1.0,True,False,True,https://en.wikipedia.org/wiki/2011%E2%80%9312_Serie_A
serie_a,2011/12,Genoa,Genoa,Alberto Malesani,Luigi De Canio,Sacked,sacked,2012-04-22,2012-04-22,0,external,manual,hired from outside as new Genoa manager,wikipedia,33,17,0.5,-5.0,6,5,1.0,1.2,,True,False,True,https://en.wikipedia.org/wiki/2011%E2%80%9312_Serie_A
serie_a,2011/12,Internazionale,Inter,Gian Piero Gasperini,Claudio Ranieri,Sacked,sacked,2011-09-21,2011-09-21,0,external,manual,hired from outside as new Inter manager,wikipedia,3,18,0.3333333333333333,-3.0,3,35,1.0,1.4,1.625,True,False,True,https://en.wikipedia.org/wiki/2011%E2%80%9312_Serie_A
serie_a,2011/12,Lecce,Lecce,Eusebio Di Francesco,Serse Cosmi,Sacked,sacked,2011-12-04,2011-12-04,0,external,manual,hired from outside as new Lecce manager,wikipedia,13,20,0.6666666666666666,-5.0,6,25,0.3333333333333333,0.8,1.0,True,False,True,https://en.wikipedia.org/wiki/2011%E2%80%9312_Serie_A
serie_a,2011/12,Novara,Novara,Attilio Tesser,Emiliano Mondonico,Sacked,sacked,2012-01-30,2012-01-30,0,external,manual,"hired from outside as new Novara manager, not a caretaker appointment",wikipedia,20,20,0.1666666666666666,-12.0,6,18,1.3333333333333333,1.0,1.375,True,False,True,https://en.wikipedia.org/wiki/2011%E2%80%9312_Serie_A
serie_a,2011/12,Novara,Novara,Emiliano Mondonico,Attilio Tesser,Sacked,sacked,2012-03-06,2012-03-06,0,external,manual,"sacked manager reinstated from outside, not then on staff under Mondonico",wikipedia,26,19,0.8333333333333334,-3.0,6,12,2.333333333333333,1.6,1.375,True,False,True,https://en.wikipedia.org/wiki/2011%E2%80%9312_Serie_A
serie_a,2011/12,Palermo,Palermo,Devis Mangia,Bortolo Mutti,Sacked,sacked,2011-12-19,2011-12-19,0,external,manual,hired from outside as new Palermo manager,wikipedia,15,10,1.1666666666666667,-2.0,6,23,0.3333333333333333,1.4,1.375,True,False,True,https://en.wikipedia.org/wiki/2011%E2%80%9312_Serie_A
serie_a,2011/12,Parma,Parma,Franco Colomba,Roberto Donadoni,Sacked,sacked,2012-01-09,2012-01-09,0,external,high,arrived_from_other_club_in_sample,wikipedia,17,13,0.6666666666666666,-6.0,6,21,1.6666666666666667,1.8,1.25,True,False,True,https://en.wikipedia.org/wiki/2011%E2%80%9312_Serie_A
serie_a,2012/13,Cagliari,Cagliari,Massimo Ficcadenti,Ivo Pulga,Sacked,sacked,2012-10-02,2012-10-02,0,external,manual,"hired from Modena youth setup as new Cagliari coach, not then on Cagliari staff",wikipedia,6,19,0.3333333333333333,-8.0,6,32,3.0,2.4,1.75,True,False,True,https://en.wikipedia.org/wiki/2012%E2%80%9313_Serie_A
serie_a,2012/13,Chievo,Chievo,Domenico Di Carlo,Eugenio Corini,Sacked,sacked,2012-10-02,2012-10-02,0,external,manual,"hired from outside as new manager until end of season with option, not then on Chievo staff",wikipedia,6,18,0.5,-9.0,6,32,1.3333333333333333,1.4,1.125,True,False,True,https://en.wikipedia.org/wiki/2012%E2%80%9313_Serie_A
serie_a,2012/13,Genoa,Genoa,Luigi De Canio,Luigi Delneri,Sacked,sacked,2012-10-22,2012-10-22,0,external,manual,hired from outside as new Genoa manager,wikipedia,8,11,1.0,-3.0,6,30,0.0,0.0,0.375,True,False,True,https://en.wikipedia.org/wiki/2012%E2%80%9313_Serie_A
serie_a,2012/13,Genoa,Genoa,Luigi Delneri,Davide Ballardini,Sacked,sacked,2013-01-21,2013-01-21,0,external,manual,hired from outside as new Genoa manager,wikipedia,21,19,0.8333333333333334,-3.0,6,17,1.6666666666666667,1.8,1.125,True,False,True,https://en.wikipedia.org/wiki/2012%E2%80%9313_Serie_A
serie_a,2012/13,Palermo,Palermo,Giuseppe Sannino,Gian Piero Gasperini,Sacked,sacked,2012-09-16,2012-09-16,0,external,manual,hired from outside as new Palermo manager,wikipedia,3,17,0.3333333333333333,-6.0,3,35,1.0,1.0,0.875,True,False,True,https://en.wikipedia.org/wiki/2012%E2%80%9313_Serie_A
serie_a,2012/13,Palermo,Palermo,Gian Piero Gasperini,Alberto Malesani,Sacked,sacked,2013-02-04,2013-02-05,1,external,manual,hired from outside as new Palermo manager before Gasperini was later recalled,wikipedia,23,20,0.3333333333333333,-8.0,6,15,1.0,0.8,1.25,True,False,True,https://en.wikipedia.org/wiki/2012%E2%80%9313_Serie_A
serie_a,2012/13,Palermo,Palermo,Alberto Malesani,Gian Piero Gasperini,Sacked,sacked,2013-02-24,2013-02-24,0,external,manual,"sacked manager reinstated from outside, not then on staff under Malesani",wikipedia,26,20,0.8333333333333334,-1.0,6,12,0.3333333333333333,1.4,1.5,True,False,True,https://en.wikipedia.org/wiki/2012%E2%80%9313_Serie_A
serie_a,2012/13,Palermo,Palermo,Gian Piero Gasperini,Giuseppe Sannino,Mutual consent,mutual_consent,2013-03-11,2013-03-12,1,external,manual,Hired from outside as Palermo's new manager after Gasperini left.,wikipedia,28,19,0.6666666666666666,-2.0,6,10,2.0,1.6,1.375,False,True,True,https://en.wikipedia.org/wiki/2012%E2%80%9313_Serie_A
serie_a,2012/13,Pescara,Pescara,Cristiano Bergodi,Cristian Bucchi,Sacked,sacked,2013-03-03,2013-03-05,2,caretaker,manual,Primavera coach given the team as internal traghettatore after Giampaolo talks failed,wikipedia,27,20,0.1666666666666666,-12.0,6,11,0.0,0.0,0.125,True,False,True,https://en.wikipedia.org/wiki/2012%E2%80%9313_Serie_A
serie_a,2012/13,Roma,Roma,Zdeněk Zeman,Aurelio Andreazzoli,Sacked,sacked,2013-02-02,2013-02-02,0,caretaker,high,caretaker_flag_or_short_spell,wikipedia,23,8,0.8333333333333334,-4.0,6,15,2.0,2.0,1.75,True,False,True,https://en.wikipedia.org/wiki/2012%E2%80%9313_Serie_A
serie_a,2012/13,Sampdoria,Sampdoria,Ciro Ferrara,Delio Rossi,Sacked,sacked,2012-12-17,2012-12-17,0,external,manual,hired from outside as new Sampdoria manager,wikipedia,17,14,1.1666666666666667,-3.0,6,21,1.3333333333333333,1.4,1.5,True,False,True,https://en.wikipedia.org/wiki/2012%E2%80%9313_Serie_A
serie_a,2012/13,Siena,Siena,Serse Cosmi,Giuseppe Iachini,Sacked,sacked,2012-12-17,2012-12-17,0,external,high,arrived_from_other_club_in_sample,wikipedia,17,15,0.8333333333333334,-6.0,6,21,0.0,0.6,1.25,True,False,True,https://en.wikipedia.org/wiki/2012%E2%80%9313_Serie_A
serie_a,2013/14,Bologna,Bologna,Stefano Pioli,Davide Ballardini,Sacked,sacked,2014-01-07,2014-01-08,1,external,manual,hired from outside as new Bologna manager,wikipedia,18,17,0.8333333333333334,-6.0,6,20,1.0,1.2,0.875,True,False,True,https://en.wikipedia.org/wiki/2013%E2%80%9314_Serie_A
serie_a,2013/14,Cagliari,Cagliari,Diego López,Ivo Pulga,Sacked,sacked,2014-04-07,2014-04-07,0,external,manual,"former coach recalled after being sacked as Lopez's assistant in February, not then on staff",wikipedia,32,15,0.6666666666666666,-5.0,6,6,2.333333333333333,1.4,,True,False,True,https://en.wikipedia.org/wiki/2013%E2%80%9314_Serie_A
serie_a,2013/14,Catania,Catania,Rolando Maran,Luigi De Canio,Sacked,sacked,2013-10-20,2013-10-20,0,external,manual,hired from outside as new Catania manager before Maran was later recalled,wikipedia,8,16,0.8333333333333334,-3.0,6,30,0.3333333333333333,0.8,0.625,True,False,True,https://en.wikipedia.org/wiki/2013%E2%80%9314_Serie_A
serie_a,2013/14,Catania,Catania,Luigi De Canio,Rolando Maran,Sacked,sacked,2014-01-16,2014-01-16,0,external,manual,"sacked manager reinstated from outside, not then on staff under De Canio",wikipedia,19,20,0.6666666666666666,-7.0,6,19,0.6666666666666666,1.2,0.875,True,False,True,https://en.wikipedia.org/wiki/2013%E2%80%9314_Serie_A
serie_a,2013/14,Catania,Catania,Rolando Maran,Maurizio Pellegrino,Sacked,sacked,2014-04-07,2014-04-07,0,caretaker,manual,youth-sector coordinator already at Catania given first-team charge as late-season traghettatore,wikipedia,32,20,0.1666666666666666,-7.0,6,6,1.0,1.8,,True,False,True,https://en.wikipedia.org/wiki/2013%E2%80%9314_Serie_A
serie_a,2013/14,Chievo,Chievo,Giuseppe Sannino,Eugenio Corini,Sacked,sacked,2013-11-11,2013-11-11,0,external,manual,"returning former manager hired from outside on a two-year deal, not then on staff",wikipedia,12,20,0.3333333333333333,-4.0,6,26,3.0,1.8,1.375,True,False,True,https://en.wikipedia.org/wiki/2013%E2%80%9314_Serie_A
serie_a,2013/14,Genoa,Genoa,Fabio Liverani,Gian Piero Gasperini,Sacked,sacked,2013-09-29,2013-09-29,0,external,manual,hired from outside as new Genoa manager,wikipedia,6,15,0.6666666666666666,-5.0,6,32,1.3333333333333333,2.0,1.875,True,False,True,https://en.wikipedia.org/wiki/2013%E2%80%9314_Serie_A
serie_a,2013/14,Lazio,Lazio,Vladimir Petković,Edoardo Reja,Sacked,sacked,2014-01-04,2014-01-04,0,external,manual,"returning former manager hired from outside, not then on staff",wikipedia,17,9,0.8333333333333334,-4.0,6,21,2.333333333333333,2.2,1.875,True,False,True,https://en.wikipedia.org/wiki/2013%E2%80%9314_Serie_A
serie_a,2013/14,Livorno,Livorno,Davide Nicola,Attilio Perotti,Sacked,sacked,2014-01-13,2014-01-13,0,caretaker,high,caretaker_flag_or_short_spell,wikipedia,19,19,0.1666666666666666,-10.0,6,19,1.3333333333333333,1.4,1.0,True,False,True,https://en.wikipedia.org/wiki/2013%E2%80%9314_Serie_A
serie_a,2013/14,Livorno,Livorno,Domenico Di Carlo,Davide Nicola,Sacked,sacked,2014-04-21,2014-04-21,0,external,manual,Former manager recalled from outside after Di Carlo's sacking; not on the staff at the vacancy.,wikipedia,34,19,0.1666666666666666,-11.0,6,4,0.0,,,False,False,True,https://en.wikipedia.org/wiki/2013%E2%80%9314_Serie_A
serie_a,2013/14,Milan,Milan,Massimiliano Allegri,Clarence Seedorf,Sacked,sacked,2014-01-13,2014-01-16,3,external,manual,"hired from Botafogo as new manager until 2016, not then on Milan staff",wikipedia,19,11,1.3333333333333333,3.0,6,19,2.333333333333333,2.0,1.625,True,False,True,https://en.wikipedia.org/wiki/2013%E2%80%9314_Serie_A
serie_a,2013/14,Sampdoria,Sampdoria,Delio Rossi,Siniša Mihajlović,Sacked,sacked,2013-11-11,2013-11-20,9,external,manual,hired from outside as new Sampdoria manager,wikipedia,12,17,1.1666666666666667,-2.0,6,26,1.6666666666666667,1.8,1.5,True,False,True,https://en.wikipedia.org/wiki/2013%E2%80%9314_Serie_A
serie_a,2013/14,Sassuolo,Sassuolo,Eusebio Di Francesco,Alberto Malesani,Sacked,sacked,2014-01-28,2014-01-29,1,external,manual,hired from outside as new Sassuolo manager before Di Francesco was later recalled,wikipedia,21,18,0.5,-10.0,6,17,0.0,0.0,0.5,True,False,True,https://en.wikipedia.org/wiki/2013%E2%80%9314_Serie_A
serie_a,2013/14,Sassuolo,Sassuolo,Alberto Malesani,Eusebio Di Francesco,Sacked,sacked,2014-03-03,2014-03-03,0,external,manual,"sacked manager reinstated from outside, not then on staff under Malesani",wikipedia,26,20,0.0,-8.0,6,12,1.3333333333333333,0.8,1.375,True,False,True,https://en.wikipedia.org/wiki/2013%E2%80%9314_Serie_A
serie_a,2014/15,Atalanta,Atalanta,Stefano Colantuono,Edoardo Reja,Sacked,sacked,2015-03-04,2015-03-04,0,external,manual,hired from outside as new Atalanta manager,wikipedia,25,17,0.5,-6.0,6,13,1.0,1.2,1.125,True,False,True,https://en.wikipedia.org/wiki/2014%E2%80%9315_Serie_A
serie_a,2014/15,Cagliari,Cagliari,Zdeněk Zeman,Gianfranco Zola,Sacked,sacked,2014-12-23,2014-12-24,1,external,manual,hired from outside as new Cagliari manager before Zeman was later recalled,wikipedia,16,18,0.5,-8.0,6,22,1.3333333333333333,1.4,1.0,True,False,True,https://en.wikipedia.org/wiki/2014%E2%80%9315_Serie_A
serie_a,2014/15,Cagliari,Cagliari,Gianfranco Zola,Zdeněk Zeman,Sacked,sacked,2015-03-09,2015-03-09,0,external,manual,"sacked manager reinstated from outside, not then on staff under Zola",wikipedia,26,18,0.1666666666666666,-6.0,6,12,0.3333333333333333,0.2,0.875,True,False,True,https://en.wikipedia.org/wiki/2014%E2%80%9315_Serie_A
serie_a,2014/15,Cesena,Cesena,Pierpaolo Bisoli,Domenico Di Carlo,Sacked,sacked,2014-12-08,2014-12-08,0,external,manual,hired from outside as new Cesena manager,wikipedia,14,19,0.3333333333333333,-7.0,6,24,0.3333333333333333,0.2,0.875,True,False,True,https://en.wikipedia.org/wiki/2014%E2%80%9315_Serie_A
serie_a,2014/15,Chievo,Chievo,Eugenio Corini,Rolando Maran,Sacked,sacked,2014-10-19,2014-10-19,0,external,manual,hired from outside as new Chievo manager,wikipedia,7,17,0.6666666666666666,-6.0,6,31,0.3333333333333333,1.0,1.125,True,False,True,https://en.wikipedia.org/wiki/2014%E2%80%9315_Serie_A
serie_a,2014/15,Internazionale,Inter,Walter Mazzarri,Roberto Mancini,Sacked,sacked,2014-11-14,2014-11-14,0,external,manual,hired from Galatasaray as new Inter manager,wikipedia,11,8,1.3333333333333333,-3.0,6,27,0.3333333333333333,1.0,1.25,True,False,True,https://en.wikipedia.org/wiki/2014%E2%80%9315_Serie_A
serie_a,2015/16,Bologna,Bologna,Delio Rossi,Roberto Donadoni,Sacked,sacked,2015-10-28,2015-10-28,0,external,manual,hired from outside as new Bologna manager,wikipedia,10,18,0.5,-6.0,6,28,2.333333333333333,2.0,2.0,True,False,True,https://en.wikipedia.org/wiki/2015%E2%80%9316_Serie_A
serie_a,2015/16,Carpi,Carpi,Fabrizio Castori,Giuseppe Sannino,Sacked,sacked,2015-09-28,2015-09-29,1,external,manual,hired from outside as new Carpi manager before Castori was later recalled,wikipedia,6,19,0.3333333333333333,-9.0,6,32,1.0,0.8,0.875,True,False,True,https://en.wikipedia.org/wiki/2015%E2%80%9316_Serie_A
serie_a,2015/16,Carpi,Carpi,Giuseppe Sannino,Fabrizio Castori,Sacked,sacked,2015-11-03,2015-11-03,0,external,manual,"sacked manager reinstated from outside, not then on staff under Sannino",wikipedia,11,19,0.6666666666666666,-8.0,6,27,1.0,0.8,1.0,True,False,True,https://en.wikipedia.org/wiki/2015%E2%80%9316_Serie_A
serie_a,2015/16,Hellas Verona,Verona,Andrea Mandorlini,Luigi Delneri,Sacked,sacked,2015-11-30,2015-12-01,1,external,manual,hired from outside as new Verona manager,wikipedia,14,20,0.1666666666666666,-10.0,6,24,0.6666666666666666,0.4,0.625,True,False,True,https://en.wikipedia.org/wiki/2015%E2%80%9316_Serie_A
serie_a,2015/16,Lazio,Lazio,Stefano Pioli,Simone Inzaghi (caretaker),Sacked,sacked,2016-04-03,2016-04-03,0,caretaker,high,caretaker_flag_or_short_spell,wikipedia,31,8,1.0,-3.0,6,7,2.0,1.8,,True,False,True,https://en.wikipedia.org/wiki/2015%E2%80%9316_Serie_A
serie_a,2015/16,Milan,Milan,Siniša Mihajlović,Cristian Brocchi,Sacked,sacked,2016-04-12,2016-04-12,0,caretaker,high,caretaker_flag_or_short_spell,wikipedia,32,6,0.8333333333333334,-3.0,6,6,1.3333333333333333,1.6,,True,False,True,https://en.wikipedia.org/wiki/2015%E2%80%9316_Serie_A
serie_a,2015/16,Palermo,Palermo,Giuseppe Iachini,Davide Ballardini,Sacked,sacked,2015-11-10,2015-11-10,0,external,manual,"hired from outside as new manager until June 2016, not a caretaker appointment",wikipedia,12,12,1.1666666666666667,-3.0,6,26,0.3333333333333333,0.8,0.875,True,False,True,https://en.wikipedia.org/wiki/2015%E2%80%9316_Serie_A
serie_a,2015/16,Palermo,Palermo,Davide Ballardini,Fabio Viviani (caretaker),Sacked,sacked,2016-01-11,2016-01-11,0,caretaker,high,caretaker_flag_or_short_spell,wikipedia,19,16,1.0,-6.0,6,19,1.3333333333333333,1.0,0.75,True,False,True,https://en.wikipedia.org/wiki/2015%E2%80%9316_Serie_A
serie_a,2015/16,Palermo,Palermo,Giovanni Bosi,Giuseppe Iachini,Sacked,sacked,2016-02-15,2016-02-15,0,external,manual,sacked manager reinstated from outside as new first-team coach,wikipedia,25,15,0.8333333333333334,-5.0,6,13,0.3333333333333333,0.4,0.25,True,False,True,https://en.wikipedia.org/wiki/2015%E2%80%9316_Serie_A
serie_a,2015/16,Palermo,Palermo,Giuseppe Iachini,Walter Novellino,Sacked,sacked,2016-03-10,2016-03-10,0,external,manual,hired from outside as new Palermo manager,wikipedia,28,17,0.3333333333333333,-11.0,6,10,0.3333333333333333,0.2,1.0,True,False,True,https://en.wikipedia.org/wiki/2015%E2%80%9316_Serie_A
serie_a,2015/16,Palermo,Palermo,Walter Novellino,Davide Ballardini,Sacked,sacked,2016-04-11,2016-04-12,1,external,manual,"former Palermo manager recalled from outside, not then on staff under Novellino",wikipedia,32,18,0.3333333333333333,-8.0,6,6,1.3333333333333333,1.6,,True,False,True,https://en.wikipedia.org/wiki/2015%E2%80%9316_Serie_A
serie_a,2015/16,Roma,Roma,Rudi Garcia,Luciano Spalletti,Sacked,sacked,2016-01-13,2016-01-13,0,external,manual,hired from outside as new Roma manager,wikipedia,19,5,1.1666666666666667,0.0,6,19,1.3333333333333333,2.0,2.375,True,False,True,https://en.wikipedia.org/wiki/2015%E2%80%9316_Serie_A
serie_a,2015/16,Sampdoria,Sampdoria,Walter Zenga,Vincenzo Montella,Sacked,sacked,2015-11-10,2015-11-15,5,external,high,arrived_from_other_club_in_sample,wikipedia,12,10,1.0,-1.0,6,26,0.0,0.8,0.875,True,False,True,https://en.wikipedia.org/wiki/2015%E2%80%9316_Serie_A
serie_a,2015/16,Udinese,Udinese,Stefano Colantuono,Luigi De Canio,Sacked,sacked,2016-03-14,2016-03-15,1,external,manual,hired from outside as new Udinese manager,wikipedia,29,16,0.6666666666666666,-3.0,6,9,1.3333333333333333,1.6,1.125,True,False,True,https://en.wikipedia.org/wiki/2015%E2%80%9316_Serie_A
serie_a,2016/17,Genoa,Genoa,Ivan Jurić,Andrea Mandorlini,Sacked,sacked,2017-02-19,2017-02-19,0,external,manual,hired from outside as new Genoa manager before Juric was later recalled,wikipedia,25,16,0.3333333333333333,-11.0,6,13,1.3333333333333333,0.8,0.625,True,False,True,https://en.wikipedia.org/wiki/2016%E2%80%9317_Serie_A
serie_a,2016/17,Genoa,Genoa,Andrea Mandorlini,Ivan Jurić,Sacked,sacked,2017-04-10,2017-04-10,0,external,manual,"sacked manager reinstated from outside, not then on staff under Mandorlini",wikipedia,31,16,0.6666666666666666,-8.0,6,7,0.3333333333333333,0.8,,True,False,True,https://en.wikipedia.org/wiki/2016%E2%80%9317_Serie_A
serie_a,2016/17,Internazionale,Inter,Frank de Boer,Stefano Vecchi (caretaker),Sacked,sacked,2016-11-01,2016-11-01,0,caretaker,high,caretaker_flag_or_short_spell,wikipedia,11,11,0.6666666666666666,-3.0,6,27,2.333333333333333,2.0,2.375,True,False,True,https://en.wikipedia.org/wiki/2016%E2%80%9317_Serie_A
serie_a,2016/17,Internazionale,Inter,Stefano Pioli,Stefano Vecchi (caretaker),Sacked,sacked,2017-05-09,2017-05-10,1,caretaker,high,caretaker_flag_or_short_spell,wikipedia,35,7,0.1666666666666666,-5.0,6,3,2.0,,,False,False,True,https://en.wikipedia.org/wiki/2016%E2%80%9317_Serie_A
serie_a,2016/17,Palermo,Palermo,Davide Ballardini,Roberto De Zerbi,Mutual consent,mutual_consent,2016-09-06,2016-09-06,0,external,manual,"Hired from Foggia as nuovo allenatore on a two-year deal, not as a caretaker.",wikipedia,2,13,0.5,-1.0,2,36,1.3333333333333333,1.0,0.625,False,True,True,https://en.wikipedia.org/wiki/2016%E2%80%9317_Serie_A
serie_a,2016/17,Palermo,Palermo,Roberto De Zerbi,Eugenio Corini,Sacked,sacked,2016-11-30,2016-11-30,0,external,manual,hired from outside as new Palermo manager,wikipedia,14,20,0.0,-10.0,6,24,1.0,0.8,0.625,True,False,True,https://en.wikipedia.org/wiki/2016%E2%80%9317_Serie_A
serie_a,2016/17,Palermo,Palermo,Diego López,Diego Bortoluzzi (caretaker),Sacked,sacked,2017-04-11,2017-04-11,0,caretaker,high,caretaker_flag_or_short_spell,wikipedia,31,19,0.1666666666666666,-14.0,6,7,1.3333333333333333,1.6,,True,False,True,https://en.wikipedia.org/wiki/2016%E2%80%9317_Serie_A
serie_a,2016/17,Pescara,Pescara,Massimo Oddo,Luciano Zauri (interim),Sacked,sacked,2017-02-14,2017-02-14,0,caretaker,high,caretaker_flag_or_short_spell,wikipedia,24,20,0.0,-14.0,6,14,1.0,0.6,0.625,True,False,True,https://en.wikipedia.org/wiki/2016%E2%80%9317_Serie_A
serie_a,2016/17,Udinese,Udinese,Giuseppe Iachini,Luigi Delneri,Sacked,sacked,2016-10-02,2016-10-04,2,external,manual,hired from outside as new Udinese manager,wikipedia,7,14,1.1666666666666667,-2.0,6,31,2.0,1.6,1.375,True,False,True,https://en.wikipedia.org/wiki/2016%E2%80%9317_Serie_A
serie_a,2017/18,Benevento,Benevento,Marco Baroni,Roberto De Zerbi,Sacked,sacked,2017-10-23,2017-10-23,0,external,manual,hired from Foggia as new Benevento manager,wikipedia,9,20,0.0,-17.0,6,29,0.0,0.0,0.125,True,False,True,https://en.wikipedia.org/wiki/2017%E2%80%9318_Serie_A
serie_a,2017/18,Cagliari,Cagliari,Massimo Rastelli,Diego López,Sacked,sacked,2017-10-17,2017-10-18,1,external,manual,hired from outside as new Cagliari manager,wikipedia,8,14,1.0,-4.0,6,30,1.0,1.8,1.375,True,False,True,https://en.wikipedia.org/wiki/2017%E2%80%9318_Serie_A
serie_a,2017/18,Chievo,Chievo,Rolando Maran,Lorenzo D'Anna,Sacked,sacked,2018-04-29,2018-04-29,0,internal,manual,Primavera coach promoted as nuovo allenatore with no interim label.,wikipedia,35,16,0.5,-5.0,6,3,3.0,,,False,False,True,https://en.wikipedia.org/wiki/2017%E2%80%9318_Serie_A
serie_a,2017/18,Genoa,Genoa,Ivan Jurić,Davide Ballardini,Sacked,sacked,2017-11-05,2017-11-06,1,external,manual,hired from outside as new Genoa manager,wikipedia,12,18,0.6666666666666666,-4.0,6,26,2.333333333333333,1.6,1.875,True,False,True,https://en.wikipedia.org/wiki/2017%E2%80%9318_Serie_A
serie_a,2017/18,Milan,Milan,Vincenzo Montella,Gennaro Gattuso,Sacked,sacked,2017-11-27,2017-11-27,0,internal,manual,"Primavera coach already at Milan promoted to first-team manager, not labelled caretaker",wikipedia,14,7,1.3333333333333333,2.0,6,24,1.3333333333333333,1.0,1.75,True,False,True,https://en.wikipedia.org/wiki/2017%E2%80%9318_Serie_A
serie_a,2017/18,Sassuolo,Sassuolo,Cristian Bucchi,Giuseppe Iachini,Sacked,sacked,2017-11-27,2017-11-27,0,external,manual,hired from outside as new Sassuolo manager,wikipedia,14,16,1.0,-5.0,6,24,2.0,2.0,1.375,True,False,True,https://en.wikipedia.org/wiki/2017%E2%80%9318_Serie_A
serie_a,2017/18,Torino,Torino,Siniša Mihajlović,Walter Mazzarri,Sacked,sacked,2018-01-04,2018-01-04,0,external,manual,hired from outside as new Torino manager,wikipedia,19,9,1.1666666666666667,0.0,6,19,2.333333333333333,2.2,1.375,True,False,True,https://en.wikipedia.org/wiki/2017%E2%80%9318_Serie_A
serie_a,2017/18,Udinese,Udinese,Luigi Delneri,Massimo Oddo,Sacked,sacked,2017-11-21,2017-11-21,0,external,manual,hired from outside as new Udinese manager,wikipedia,12,14,1.5,0.0,6,26,2.0,2.4,2.125,True,False,True,https://en.wikipedia.org/wiki/2017%E2%80%9318_Serie_A
serie_a,2017/18,Udinese,Udinese,Massimo Oddo,Igor Tudor,Sacked,sacked,2018-04-24,2018-04-24,0,external,manual,Hired from outside as nuovo allenatore on a one-year contract.,wikipedia,34,14,0.0,-9.0,6,4,1.3333333333333333,,,False,False,True,https://en.wikipedia.org/wiki/2017%E2%80%9318_Serie_A
serie_a,2018/19,Bologna,Bologna,Filippo Inzaghi,Siniša Mihajlović,Sacked,sacked,2019-01-28,2019-01-28,0,external,manual,hired from outside as new Bologna manager,wikipedia,21,18,0.5,-7.0,6,17,1.3333333333333333,0.8,1.625,True,False,True,https://en.wikipedia.org/wiki/2018%E2%80%9319_Serie_A
serie_a,2018/19,Chievo,Chievo,Lorenzo D'Anna,Gian Piero Ventura,Sacked,sacked,2018-10-09,2018-10-10,1,external,manual,"hired from outside as new Chievo manager, not a caretaker appointment",wikipedia,8,19,0.3333333333333333,-7.0,6,30,0.0,0.4,0.625,True,False,True,https://en.wikipedia.org/wiki/2018%E2%80%9319_Serie_A
serie_a,2018/19,Empoli,Empoli,Aurelio Andreazzoli,Giuseppe Iachini,Sacked,sacked,2018-11-05,2018-11-06,1,external,high,arrived_from_other_club_in_sample,wikipedia,11,18,0.3333333333333333,-8.0,6,27,2.333333333333333,2.0,1.25,True,False,True,https://en.wikipedia.org/wiki/2018%E2%80%9319_Serie_A
serie_a,2018/19,Empoli,Empoli,Giuseppe Iachini,Aurelio Andreazzoli,Sacked,sacked,2019-03-13,2019-03-13,0,external,manual,"sacked Empoli manager recalled from outside after Iachini spell, not then on staff",wikipedia,27,17,0.8333333333333334,-2.0,6,11,2.0,1.4,1.25,True,False,True,https://en.wikipedia.org/wiki/2018%E2%80%9319_Serie_A
serie_a,2018/19,Frosinone,Frosinone,Moreno Longo,Marco Baroni,Sacked,sacked,2018-12-19,2018-12-19,0,external,manual,hired from outside as new Frosinone manager,wikipedia,16,19,0.5,-9.0,6,22,0.6666666666666666,1.0,1.0,True,False,True,https://en.wikipedia.org/wiki/2018%E2%80%9319_Serie_A
serie_a,2018/19,Genoa,Genoa,Davide Ballardini,Ivan Jurić,Sacked,sacked,2018-10-09,2018-10-09,0,external,manual,returning former Genoa manager hired from outside as new coach,wikipedia,7,9,1.5,-3.0,6,31,0.6666666666666666,0.4,0.5,True,False,True,https://en.wikipedia.org/wiki/2018%E2%80%9319_Serie_A
serie_a,2018/19,Genoa,Genoa,Ivan Jurić,Cesare Prandelli,Sacked,sacked,2018-12-07,2018-12-07,0,external,manual,hired from outside as new Genoa manager,wikipedia,14,14,0.3333333333333333,-8.0,6,24,1.3333333333333333,1.0,1.125,True,False,True,https://en.wikipedia.org/wiki/2018%E2%80%9319_Serie_A
serie_a,2018/19,Roma,Roma,Eusebio Di Francesco,Claudio Ranieri,Sacked,sacked,2019-03-07,2019-03-08,1,external,high,arrived_from_other_club_in_sample,wikipedia,26,5,1.8333333333333333,2.0,6,12,1.0,1.4,1.75,True,False,True,https://en.wikipedia.org/wiki/2018%E2%80%9319_Serie_A
serie_a,2018/19,Udinese,Udinese,Julio Velázquez,Davide Nicola,Sacked,sacked,2018-11-13,2018-11-13,0,external,manual,hired from outside as new Udinese manager,wikipedia,12,17,0.1666666666666666,-8.0,6,26,1.3333333333333333,1.0,1.125,True,False,True,https://en.wikipedia.org/wiki/2018%E2%80%9319_Serie_A
serie_a,2018/19,Udinese,Udinese,Davide Nicola,Igor Tudor,Sacked,sacked,2019-03-20,2019-03-21,1,external,manual,hired from outside as new Udinese manager,wikipedia,27,16,1.1666666666666667,-4.0,6,11,2.333333333333333,1.4,1.125,True,False,True,https://en.wikipedia.org/wiki/2018%E2%80%9319_Serie_A
serie_a,2019/20,Brescia,Brescia,Eugenio Corini,Fabio Grosso,Sacked,sacked,2019-11-03,2019-11-05,2,external,manual,hired from outside as new Brescia manager before Corini was later recalled,wikipedia,10,18,0.1666666666666666,-6.0,6,28,0.0,1.2,0.875,True,False,True,https://en.wikipedia.org/wiki/2019%E2%80%9320_Serie_A
serie_a,2019/20,Brescia,Brescia,Fabio Grosso,Eugenio Corini,Sacked,sacked,2019-12-02,2019-12-02,0,external,manual,"sacked manager reinstated from outside, not then on staff under Grosso",wikipedia,13,20,0.0,-14.0,6,25,2.0,1.4,1.0,True,False,True,https://en.wikipedia.org/wiki/2019%E2%80%9320_Serie_A
serie_a,2019/20,Brescia,Brescia,Eugenio Corini,Diego López,Sacked,sacked,2020-02-05,2020-02-05,0,external,manual,hired from outside as new Brescia manager,wikipedia,22,20,0.3333333333333333,-7.0,6,16,0.3333333333333333,0.4,0.75,True,False,True,https://en.wikipedia.org/wiki/2019%E2%80%9320_Serie_A
serie_a,2019/20,Cagliari,Cagliari,Rolando Maran,Walter Zenga,Sacked,sacked,2020-03-03,2020-03-03,0,external,manual,hired from outside as new Cagliari manager,wikipedia,25,11,0.5,-3.0,6,13,2.0,1.4,1.125,True,False,True,https://en.wikipedia.org/wiki/2019%E2%80%9320_Serie_A
serie_a,2019/20,Fiorentina,Fiorentina,Vincenzo Montella,Giuseppe Iachini,Sacked,sacked,2019-12-21,2019-12-23,2,external,manual,hired from outside as new Fiorentina manager,wikipedia,17,14,0.1666666666666666,-9.0,6,21,2.333333333333333,1.6,1.5,True,False,True,https://en.wikipedia.org/wiki/2019%E2%80%9320_Serie_A
serie_a,2019/20,Genoa,Genoa,Aurelio Andreazzoli,Thiago Motta,Sacked,sacked,2019-10-22,2019-10-22,0,external,manual,"hired from PSG U19 as new manager until 2020 with option, not then on Genoa staff",wikipedia,8,19,0.1666666666666666,-12.0,6,30,1.0,1.0,0.75,True,False,True,https://en.wikipedia.org/wiki/2019%E2%80%9320_Serie_A
serie_a,2019/20,Genoa,Genoa,Thiago Motta,Davide Nicola,Sacked,sacked,2019-12-28,2019-12-28,0,external,manual,hired from outside as new Genoa manager,wikipedia,17,19,0.5,-6.0,6,21,1.0,1.0,1.375,True,False,True,https://en.wikipedia.org/wiki/2019%E2%80%9320_Serie_A
serie_a,2019/20,Milan,Milan,Marco Giampaolo,Stefano Pioli,Sacked,sacked,2019-10-08,2019-10-09,1,external,manual,hired from outside as new Milan manager,wikipedia,7,10,1.5,-2.0,6,31,1.3333333333333333,0.8,1.375,True,False,True,https://en.wikipedia.org/wiki/2019%E2%80%9320_Serie_A
serie_a,2019/20,Napoli,Napoli,Carlo Ancelotti,Gennaro Gattuso,Sacked,sacked,2019-12-10,2019-12-11,1,external,manual,"hired from outside after leaving Milan, not then on Napoli staff",wikipedia,15,7,0.6666666666666666,-2.0,6,23,1.0,0.6,1.125,True,False,True,https://en.wikipedia.org/wiki/2019%E2%80%9320_Serie_A
serie_a,2019/20,Sampdoria,Sampdoria,Eusebio Di Francesco,Claudio Ranieri,Mutual consent,mutual_consent,2019-10-07,2019-10-12,5,external,high,arrived_from_other_club_in_sample,wikipedia,7,20,0.5,-9.0,6,31,0.6666666666666666,1.2,1.125,False,True,True,https://en.wikipedia.org/wiki/2019%E2%80%9320_Serie_A
serie_a,2019/20,SPAL,Spal,Leonardo Semplici,Luigi Di Biagio,Sacked,sacked,2020-02-10,2020-02-10,0,external,manual,hired from outside as new SPAL manager,wikipedia,23,20,0.5,-9.0,6,15,1.0,0.6,0.5,True,False,True,https://en.wikipedia.org/wiki/2019%E2%80%9320_Serie_A
serie_a,2019/20,Torino,Torino,Walter Mazzarri,Moreno Longo,Mutual consent,mutual_consent,2020-02-04,2020-02-04,0,external,manual,Former Primavera coach hired back from outside after leaving Frosinone; not on Torino staff at the vacancy.,wikipedia,22,12,1.0,-10.0,6,16,0.0,0.8,0.5,False,True,True,https://en.wikipedia.org/wiki/2019%E2%80%9320_Serie_A
serie_a,2019/20,Udinese,Udinese,Igor Tudor,Luca Gotti,Sacked,sacked,2019-11-01,2019-11-01,0,caretaker,manual,assistant named temporarily in charge while club searched for a new manager,wikipedia,10,14,1.1666666666666667,-9.0,6,28,1.3333333333333333,1.0,1.375,True,False,True,https://en.wikipedia.org/wiki/2019%E2%80%9320_Serie_A
serie_a,2020/21,Cagliari,Cagliari,Eusebio Di Francesco,Leonardo Semplici,Sacked,sacked,2021-02-22,2021-02-22,0,external,manual,hired from outside as new Cagliari manager,wikipedia,23,18,0.1666666666666666,-6.0,6,15,2.333333333333333,1.4,1.25,True,False,True,https://en.wikipedia.org/wiki/2020%E2%80%9321_Serie_A
serie_a,2020/21,Crotone,Crotone,Giovanni Stroppa,Serse Cosmi,Sacked,sacked,2021-03-01,2021-03-01,0,external,manual,hired from outside as new Crotone manager,wikipedia,24,20,0.0,-14.0,6,14,1.0,0.6,0.375,True,False,True,https://en.wikipedia.org/wiki/2020%E2%80%9321_Serie_A
serie_a,2020/21,Fiorentina,Fiorentina,Giuseppe Iachini,Cesare Prandelli,Sacked,sacked,2020-11-09,2020-11-09,0,external,manual,"returning former manager hired from outside, not then on staff",wikipedia,7,12,0.8333333333333334,-3.0,6,31,0.3333333333333333,0.4,0.875,True,False,True,https://en.wikipedia.org/wiki/2020%E2%80%9321_Serie_A
serie_a,2020/21,Genoa,Genoa,Rolando Maran,Davide Ballardini,Sacked,sacked,2020-12-21,2020-12-21,0,external,manual,hired from outside as new Genoa manager,wikipedia,13,18,0.3333333333333333,-6.0,6,25,1.3333333333333333,1.6,2.125,True,False,True,https://en.wikipedia.org/wiki/2020%E2%80%9321_Serie_A
serie_a,2020/21,Parma,Parma,Fabio Liverani,Roberto D'Aversa,Sacked,sacked,2021-01-07,2021-01-07,0,external,manual,"returning former Parma manager hired from outside, not then on staff",wikipedia,16,16,0.3333333333333333,-11.0,6,22,0.3333333333333333,0.2,0.375,True,False,True,https://en.wikipedia.org/wiki/2020%E2%80%9321_Serie_A
serie_a,2020/21,Torino,Torino,Marco Giampaolo,Davide Nicola,Sacked,sacked,2021-01-18,2021-01-19,1,external,high,arrived_from_other_club_in_sample,wikipedia,18,18,1.1666666666666667,1.0,6,20,1.0,1.4,1.25,True,False,True,https://en.wikipedia.org/wiki/2020%E2%80%9321_Serie_A
serie_a,2021/22,Cagliari,Cagliari,Leonardo Semplici,Walter Mazzarri,Sacked,sacked,2021-09-14,2021-09-15,1,external,manual,hired from outside as new Cagliari manager,wikipedia,3,15,0.3333333333333333,-4.0,3,35,0.3333333333333333,1.0,0.625,True,False,True,https://en.wikipedia.org/wiki/2021%E2%80%9322_Serie_A
serie_a,2021/22,Cagliari,Cagliari,Walter Mazzarri,Alessandro Agostini (caretaker),Sacked,sacked,2022-05-02,2022-05-02,0,caretaker,high,caretaker_flag_or_short_spell,wikipedia,35,17,0.5,-7.0,6,3,0.6666666666666666,,,False,False,True,https://en.wikipedia.org/wiki/2021%E2%80%9322_Serie_A
serie_a,2021/22,Genoa,Genoa,Davide Ballardini,Andriy Shevchenko,Sacked,sacked,2021-11-06,2021-11-07,1,external,manual,"hired from outside as new Genoa manager, not a caretaker appointment",wikipedia,12,15,0.6666666666666666,-2.0,6,26,0.3333333333333333,0.2,0.375,True,False,True,https://en.wikipedia.org/wiki/2021%E2%80%9322_Serie_A
serie_a,2021/22,Genoa,Genoa,Andriy Shevchenko,Abdoulay Konko (caretaker),Sacked,sacked,2022-01-15,2022-01-15,0,caretaker,high,caretaker_flag_or_short_spell,wikipedia,21,19,0.3333333333333333,-7.0,6,17,0.6666666666666666,0.8,0.875,True,False,True,https://en.wikipedia.org/wiki/2021%E2%80%9322_Serie_A
serie_a,2021/22,Hellas Verona,Verona,Eusebio Di Francesco,Igor Tudor,Sacked,sacked,2021-09-14,2021-09-14,0,external,manual,hired from outside as new Verona manager,wikipedia,3,19,0.0,-4.0,3,35,1.6666666666666667,1.6,1.875,True,False,True,https://en.wikipedia.org/wiki/2021%E2%80%9322_Serie_A
serie_a,2021/22,Salernitana,Salernitana,Fabrizio Castori,Stefano Colantuono,Sacked,sacked,2021-10-17,2021-10-17,0,external,manual,hired from outside as new Salernitana manager,wikipedia,8,19,0.6666666666666666,-6.0,6,30,1.0,0.6,0.5,True,False,True,https://en.wikipedia.org/wiki/2021%E2%80%9322_Serie_A
serie_a,2021/22,Salernitana,Salernitana,Stefano Colantuono,Davide Nicola,Sacked,sacked,2022-02-15,2022-02-15,0,external,manual,hired from outside as new Salernitana manager,wikipedia,23,20,0.8333333333333334,-10.0,6,15,0.6666666666666666,0.6,0.75,True,False,True,https://en.wikipedia.org/wiki/2021%E2%80%9322_Serie_A
serie_a,2021/22,Sampdoria,Sampdoria,Roberto D'Aversa,Marco Giampaolo,Sacked,sacked,2022-01-17,2022-01-19,2,external,manual,hired from outside as new Sampdoria manager,wikipedia,22,15,0.8333333333333334,-1.0,6,16,1.0,1.2,1.125,True,False,True,https://en.wikipedia.org/wiki/2021%E2%80%9322_Serie_A
serie_a,2021/22,Udinese,Udinese,Luca Gotti,Gabriele Cioffi (caretaker),Sacked,sacked,2021-12-07,2021-12-07,0,caretaker,high,caretaker_flag_or_short_spell,wikipedia,16,14,0.8333333333333334,-4.0,6,22,1.3333333333333333,1.0,1.125,True,False,True,https://en.wikipedia.org/wiki/2021%E2%80%9322_Serie_A
serie_a,2021/22,Venezia,Venezia,Paolo Zanetti,Andrea Soncin (caretaker),Sacked,sacked,2022-04-27,2022-04-27,0,caretaker,high,caretaker_flag_or_short_spell,wikipedia,33,19,0.0,-8.0,6,5,1.0,1.0,,True,False,True,https://en.wikipedia.org/wiki/2021%E2%80%9322_Serie_A
serie_a,2022/23,Bologna,Bologna,Siniša Mihajlović,Luca Vigiani (caretaker),Sacked,sacked,2022-09-06,2022-09-07,1,caretaker,high,caretaker_flag_or_short_spell,wikipedia,5,15,0.6,-3.0,5,33,1.0,0.8,1.625,True,False,True,https://en.wikipedia.org/wiki/2022%E2%80%9323_Serie_A
serie_a,2022/23,Cremonese,Cremonese,Massimiliano Alvini,Davide Ballardini,Sacked,sacked,2023-01-14,2023-01-15,1,external,manual,hired from outside as new Cremonese manager,wikipedia,18,20,0.3333333333333333,-6.0,6,20,0.3333333333333333,0.4,0.625,True,False,True,https://en.wikipedia.org/wiki/2022%E2%80%9323_Serie_A
serie_a,2022/23,Hellas Verona,Verona,Gabriele Cioffi,Salvatore Bocchetti,Sacked,sacked,2022-10-11,2022-10-13,2,internal,manual,"Primavera coach already at Verona appointed new head coach, not labelled caretaker",wikipedia,9,18,0.6666666666666666,-5.0,6,29,0.0,0.0,0.5,True,False,True,https://en.wikipedia.org/wiki/2022%E2%80%9323_Serie_A
serie_a,2022/23,Monza,Monza,Giovanni Stroppa,Raffaele Palladino,Sacked,sacked,2022-09-13,2022-09-13,0,internal,manual,"Primavera coach already at Monza appointed first-team manager as a permanent choice, not interim",wikipedia,6,20,0.1666666666666666,-11.0,6,32,3.0,1.8,1.5,True,False,True,https://en.wikipedia.org/wiki/2022%E2%80%9323_Serie_A
serie_a,2022/23,Salernitana,Salernitana,Davide Nicola,Paulo Sousa,Sacked,sacked,2023-02-15,2023-02-15,0,external,manual,hired from outside as new Salernitana manager,wikipedia,22,16,0.6666666666666666,-11.0,6,16,1.3333333333333333,1.2,1.125,True,False,True,https://en.wikipedia.org/wiki/2022%E2%80%9323_Serie_A
serie_a,2022/23,Sampdoria,Sampdoria,Marco Giampaolo,Dejan Stanković,Sacked,sacked,2022-10-02,2022-10-06,4,external,manual,hired from outside as new Sampdoria manager,wikipedia,8,20,0.1666666666666666,-10.0,6,30,1.3333333333333333,0.8,0.875,True,False,True,https://en.wikipedia.org/wiki/2022%E2%80%9323_Serie_A
serie_a,2022/23,Spezia,Spezia,Luca Gotti,Fabrizio Lorieri (caretaker),Sacked,sacked,2023-02-15,2023-02-15,0,caretaker,high,caretaker_flag_or_short_spell,wikipedia,22,17,0.8333333333333334,-6.0,6,16,0.6666666666666666,1.0,0.875,True,False,True,https://en.wikipedia.org/wiki/2022%E2%80%9323_Serie_A
serie_a,2023/24,Empoli,Empoli,Paolo Zanetti,Aurelio Andreazzoli,Sacked,sacked,2023-09-19,2023-09-19,0,external,manual,"returning former Empoli manager hired from outside, not then on staff",wikipedia,4,20,0.0,-12.0,4,34,1.0,1.4,1.25,True,False,True,https://en.wikipedia.org/wiki/2023%E2%80%9324_Serie_A
serie_a,2023/24,Empoli,Empoli,Aurelio Andreazzoli,Davide Nicola,Sacked,sacked,2024-01-15,2024-01-15,0,external,manual,hired from outside as new Empoli manager,wikipedia,20,19,0.3333333333333333,-7.0,6,18,1.6666666666666667,1.8,1.5,True,False,True,https://en.wikipedia.org/wiki/2023%E2%80%9324_Serie_A
serie_a,2023/24,Juventus,Juventus,Massimiliano Allegri,Paolo Montero (caretaker),Sacked,sacked,2024-05-17,2024-05-18,1,caretaker,high,caretaker_flag_or_short_spell,wikipedia,36,4,1.3333333333333333,1.0,6,2,,,,False,False,True,https://en.wikipedia.org/wiki/2023%E2%80%9324_Serie_A
serie_a,2023/24,Lecce,Lecce,Roberto D'Aversa,Luca Gotti,Sacked,sacked,2024-03-11,2024-03-12,1,external,manual,hired from outside as new Lecce manager,wikipedia,28,14,0.6666666666666666,-10.0,6,10,1.3333333333333333,2.0,1.5,True,False,True,https://en.wikipedia.org/wiki/2023%E2%80%9324_Serie_A
serie_a,2023/24,Napoli,Napoli,Rudi Garcia,Walter Mazzarri,Sacked,sacked,2023-11-14,2023-11-14,0,external,manual,"returning former Napoli manager hired from outside, not then on staff",wikipedia,12,4,1.6666666666666667,5.0,6,26,1.0,1.2,1.25,True,False,True,https://en.wikipedia.org/wiki/2023%E2%80%9324_Serie_A
serie_a,2023/24,Napoli,Napoli,Walter Mazzarri,Francesco Calzona,Sacked,sacked,2024-02-19,2024-02-19,0,external,manual,"hired from Slovakia job as new Napoli manager until end of season, not then on staff",wikipedia,24,9,1.3333333333333333,-2.0,6,14,2.333333333333333,1.8,1.625,True,False,True,https://en.wikipedia.org/wiki/2023%E2%80%9324_Serie_A
serie_a,2023/24,Roma,Roma,José Mourinho,Daniele De Rossi,Sacked,sacked,2024-01-16,2024-01-16,0,external,manual,"hired from outside as new Roma manager, not then on club staff",wikipedia,20,9,0.8333333333333334,-3.0,6,18,3.0,2.4,2.375,True,False,True,https://en.wikipedia.org/wiki/2023%E2%80%9324_Serie_A
serie_a,2023/24,Salernitana,Salernitana,Paulo Sousa,Filippo Inzaghi,Sacked,sacked,2023-10-10,2023-10-10,0,external,manual,hired from outside as new Salernitana manager,wikipedia,8,19,0.1666666666666666,-13.0,6,30,0.3333333333333333,1.0,0.625,True,False,True,https://en.wikipedia.org/wiki/2023%E2%80%9324_Serie_A
serie_a,2023/24,Salernitana,Salernitana,Filippo Inzaghi,Fabio Liverani,Sacked,sacked,2024-02-11,2024-02-11,0,external,manual,"hired from outside as new Salernitana manager, not a caretaker appointment",wikipedia,24,20,0.1666666666666666,-6.0,6,14,0.3333333333333333,0.2,0.25,True,False,True,https://en.wikipedia.org/wiki/2023%E2%80%9324_Serie_A
serie_a,2023/24,Salernitana,Salernitana,Fabio Liverani,Stefano Colantuono,Sacked,sacked,2024-03-19,2024-03-19,0,external,manual,hired from outside as new Salernitana manager,wikipedia,29,20,0.1666666666666666,-11.0,6,9,0.3333333333333333,0.2,0.25,True,False,True,https://en.wikipedia.org/wiki/2023%E2%80%9324_Serie_A
serie_a,2023/24,Sassuolo,Sassuolo,Alessio Dionisi,Emiliano Bigica (caretaker),Sacked,sacked,2024-02-25,2024-02-25,0,caretaker,high,caretaker_flag_or_short_spell,wikipedia,25,18,0.1666666666666666,-10.0,6,13,1.0,0.8,0.75,True,False,True,https://en.wikipedia.org/wiki/2023%E2%80%9324_Serie_A
serie_a,2023/24,Udinese,Udinese,Andrea Sottil,Gabriele Cioffi,Sacked,sacked,2023-10-24,2023-10-25,1,external,manual,hired from outside as new Udinese manager,wikipedia,9,18,0.6666666666666666,-5.0,6,29,1.6666666666666667,1.2,1.0,True,False,True,https://en.wikipedia.org/wiki/2023%E2%80%9324_Serie_A
serie_a,2023/24,Udinese,Udinese,Gabriele Cioffi,Fabio Cannavaro,Sacked,sacked,2024-04-22,2024-04-22,0,external,manual,hired from outside as new Udinese manager,wikipedia,32,17,0.8333333333333334,-3.0,6,6,0.6666666666666666,1.2,,True,False,True,https://en.wikipedia.org/wiki/2023%E2%80%9324_Serie_A
serie_a,2024/25,Genoa,Genoa,Alberto Gilardino,Patrick Vieira,Sacked,sacked,2024-11-19,2024-11-20,1,external,high,arrived_from_other_club_in_sample,wikipedia,12,15,0.8333333333333334,-7.0,6,26,1.6666666666666667,1.2,1.625,True,False,True,https://en.wikipedia.org/wiki/2024%E2%80%9325_Serie_A
serie_a,2024/25,Juventus,Juventus,Thiago Motta,Igor Tudor,Sacked,sacked,2025-03-23,2025-03-23,0,external,manual,hired from outside as new Juventus manager,wikipedia,29,5,2.0,-2.0,6,9,2.333333333333333,2.0,1.875,True,False,True,https://en.wikipedia.org/wiki/2024%E2%80%9325_Serie_A
serie_a,2024/25,Lecce,Lecce,Luca Gotti,Marco Giampaolo,Sacked,sacked,2024-11-09,2024-11-11,2,external,manual,hired from outside as new Lecce manager,wikipedia,12,18,0.6666666666666666,-8.0,6,26,1.3333333333333333,1.4,1.375,True,False,True,https://en.wikipedia.org/wiki/2024%E2%80%9325_Serie_A
serie_a,2024/25,AC Milan,Milan,Paulo Fonseca,Sérgio Conceição,Sacked,sacked,2024-12-30,2024-12-30,0,external,manual,hired from Porto as new Milan manager,wikipedia,17,8,1.5,3.0,6,21,1.3333333333333333,1.6,1.75,True,False,True,https://en.wikipedia.org/wiki/2024%E2%80%9325_Serie_A
serie_a,2024/25,Monza,Monza,Alessandro Nesta,Salvatore Bocchetti,Sacked,sacked,2024-12-23,2024-12-23,0,external,manual,"hired from outside as new manager until 2027, not then on Monza staff",wikipedia,17,19,0.3333333333333333,-4.0,6,21,1.0,0.6,0.5,True,False,True,https://en.wikipedia.org/wiki/2024%E2%80%9325_Serie_A
serie_a,2024/25,Monza,Monza,Salvatore Bocchetti,Alessandro Nesta,Sacked,sacked,2025-02-10,2025-02-10,0,external,manual,"sacked manager reinstated from outside, not then on staff under Bocchetti",wikipedia,24,20,0.5,-9.0,6,14,0.3333333333333333,0.4,0.25,True,False,True,https://en.wikipedia.org/wiki/2024%E2%80%9325_Serie_A
serie_a,2024/25,Parma,Parma,Fabio Pecchia,Cristian Chivu,Sacked,sacked,2025-02-17,2025-02-18,1,external,manual,hired from Inter youth setup as new Parma manager,wikipedia,25,18,0.1666666666666666,-6.0,6,13,1.3333333333333333,1.2,1.375,True,False,True,https://en.wikipedia.org/wiki/2024%E2%80%9325_Serie_A
serie_a,2024/25,Roma,Roma,Daniele De Rossi,Ivan Jurić,Sacked,sacked,2024-09-18,2024-09-18,0,external,manual,"hired from outside as new Roma manager, not a caretaker appointment",wikipedia,4,16,0.75,-1.0,4,34,2.333333333333333,1.4,1.25,True,False,True,https://en.wikipedia.org/wiki/2024%E2%80%9325_Serie_A
serie_a,2024/25,Roma,Roma,Ivan Jurić,Claudio Ranieri,Sacked,sacked,2024-11-10,2024-11-14,4,external,high,arrived_from_other_club_in_sample,wikipedia,12,12,0.6666666666666666,-6.0,6,26,1.0,1.2,1.375,True,False,True,https://en.wikipedia.org/wiki/2024%E2%80%9325_Serie_A
