team,outgoing_manager,manner,date_vacancy,position_table,incoming_manager,date_appointment,league,season,wiki_title,wiki_url,source,date_vacancy_parsed,date_appointment_parsed,incoming_caretaker_flag,outgoing_was_caretaker,departure_type,person_in,person_out,team_key,next_manner,next_outgoing,next_vacancy,prev_incoming,prev_incoming_caretaker,next_is_end_caretaker,next_outgoing_is_self,tm_successor_caretaker,tm_matched,successor_from_other_club,successor_type_auto,coding_confidence,coding_reason,panel_club,club_matched,season_first_match,season_last_match,club_matches,in_season_window,is_preseason,include_primary,include_robustness_mutual
Arminia Bielefeld,Uwe Rapolder,,11/05/2005,12,Frank Geideck (caretaker),11/05/2005,bundesliga,2004/05,,https://www.transfermarkt.com/bundesliga/trainerwechsel/wettbewerb/L1/saison_id/2004,transfermarkt_gap,2005-05-11,2005-05-11,True,False,review,frank geideck,uwe rapolder,arminiabielefeld,,,,,,False,False,True,True,False,caretaker,high,caretaker_flag_or_short_spell,Bielefeld,True,2004-08-08,2005-05-21,34.0,True,False,False,False
Borussia Mönchengladbach,Holger Fach,,27/10/2004,16,Horst Köppel (caretaker),27/10/2004,bundesliga,2004/05,,https://www.transfermarkt.com/bundesliga/trainerwechsel/wettbewerb/L1/saison_id/2004,transfermarkt_gap,2004-10-27,2004-10-27,True,False,review,horst k ppel,holger fach,borussiamonchengladbach,,horst k ppel,2004-11-01,,,False,True,False,True,False,caretaker,high,caretaker_flag_or_short_spell,M'gladbach,True,2004-08-08,2005-05-21,34.0,True,False,False,False
Borussia Mönchengladbach,Horst Köppel,,01/11/2004,14,Dick Advocaat,01/11/2004,bundesliga,2004/05,,https://www.transfermarkt.com/bundesliga/trainerwechsel/wettbewerb/L1/saison_id/2004,transfermarkt_gap,2004-11-01,2004-11-01,False,False,review,dick advocaat,horst k ppel,borussiamonchengladbach,,dick advocaat,2005-04-18,horst k ppel,True,False,True,False,True,False,external,review,default_external_needs_review,M'gladbach,True,2004-08-08,2005-05-21,34.0,True,False,False,False
Borussia Mönchengladbach,Dick Advocaat,,18/04/2005,15,Horst Köppel (caretaker),18/04/2005,bundesliga,2004/05,,https://www.transfermarkt.com/bundesliga/trainerwechsel/wettbewerb/L1/saison_id/2004,transfermarkt_gap,2005-04-18,2005-04-18,True,False,review,horst k ppel,dick advocaat,borussiamonchengladbach,,horst k ppel,2005-05-17,dick advocaat,False,False,True,True,True,False,caretaker,high,caretaker_flag_or_short_spell,M'gladbach,True,2004-08-08,2005-05-21,34.0,True,False,False,False
Borussia Mönchengladbach,Horst Köppel,,17/05/2005,15,Horst Köppel,17/05/2005,bundesliga,2004/05,,https://www.transfermarkt.com/bundesliga/trainerwechsel/wettbewerb/L1/saison_id/2004,transfermarkt_gap,2005-05-17,2005-05-17,False,False,exclude_same_person,horst k ppel,horst k ppel,borussiamonchengladbach,,,,horst k ppel,True,False,False,False,True,False,internal,high,promoted_from_prior_spell_at_club,M'gladbach,True,2004-08-08,2005-05-21,34.0,True,False,False,False
Hamburger SV,Klaus Toppmöller,,17/10/2004,18,Thomas Doll,17/10/2004,bundesliga,2004/05,,https://www.transfermarkt.com/bundesliga/trainerwechsel/wettbewerb/L1/saison_id/2004,transfermarkt_gap,2004-10-17,2004-10-17,False,False,review,thomas doll,klaus toppm ller,hamburger,,,,,,False,False,False,True,False,external,review,default_external_needs_review,Hamburg,True,2004-08-07,2005-05-21,34.0,True,False,False,False
FC Hansa Rostock,Juri Schlünz,,14/11/2004,18,Jörg Berger,14/11/2004,bundesliga,2004/05,,https://www.transfermarkt.com/bundesliga/trainerwechsel/wettbewerb/L1/saison_id/2004,transfermarkt_gap,2004-11-14,2004-11-14,False,False,review,j rg berger,juri schl nz,hansarostock,,,,,,False,False,False,True,False,external,review,default_external_needs_review,Hansa Rostock,True,2004-08-07,2005-05-21,34.0,True,False,False,False
1.FC Kaiserslautern,Kurt Jara,,05/04/2005,11,Hans Werner Moser (caretaker),05/04/2005,bundesliga,2004/05,,https://www.transfermarkt.com/bundesliga/trainerwechsel/wettbewerb/L1/saison_id/2004,transfermarkt_gap,2005-04-05,2005-04-05,True,False,review,hans werner moser,kurt jara,kaiserslautern,,,,,,False,False,True,True,False,caretaker,high,caretaker_flag_or_short_spell,Kaiserslautern,True,2004-08-07,2005-05-21,34.0,True,False,False,False
FC Schalke 04,Jupp Heynckes,,15/09/2004,17,Eddy Achterberg (caretaker),15/09/2004,bundesliga,2004/05,,https://www.transfermarkt.com/bundesliga/trainerwechsel/wettbewerb/L1/saison_id/2004,transfermarkt_gap,2004-09-15,2004-09-15,True,False,review,eddy achterberg,jupp heynckes,schalke04,,eddy achterberg,2004-09-28,,,False,True,True,True,False,caretaker,high,caretaker_flag_or_short_spell,Schalke 04,True,2004-08-06,2005-05-21,34.0,True,False,False,False
FC Schalke 04,Eddy Achterberg,,28/09/2004,15,Ralf Rangnick,28/09/2004,bundesliga,2004/05,,https://www.transfermarkt.com/bundesliga/trainerwechsel/wettbewerb/L1/saison_id/2004,transfermarkt_gap,2004-09-28,2004-09-28,False,False,review,ralf rangnick,eddy achterberg,schalke04,,,,eddy achterberg,True,False,False,False,True,False,external,review,default_external_needs_review,Schalke 04,True,2004-08-06,2005-05-21,34.0,True,False,False,False
Bayer 04 Leverkusen,Klaus Augenthaler,,16/09/2005,12,Rudi Völler (caretaker),16/09/2005,bundesliga,2005/06,,https://www.transfermarkt.com/bundesliga/trainerwechsel/wettbewerb/L1/saison_id/2005,transfermarkt_gap,2005-09-16,2005-09-16,True,False,review,rudi v ller,klaus augenthaler,bayer04leverkusen,,rudi v ller,2005-10-08,,,False,True,True,True,False,caretaker,high,caretaker_flag_or_short_spell,Leverkusen,True,2005-08-07,2006-05-13,34.0,True,False,False,False
Bayer 04 Leverkusen,Rudi Völler,,08/10/2005,8,Michael Skibbe,08/10/2005,bundesliga,2005/06,,https://www.transfermarkt.com/bundesliga/trainerwechsel/wettbewerb/L1/saison_id/2005,transfermarkt_gap,2005-10-08,2005-10-08,False,False,review,michael skibbe,rudi v ller,bayer04leverkusen,,,,rudi v ller,True,False,False,False,True,False,external,review,default_external_needs_review,Leverkusen,True,2005-08-07,2006-05-13,34.0,True,False,False,False
Hannover 96,Ewald Lienen,,09/11/2005,13,Peter Neururer,09/11/2005,bundesliga,2005/06,,https://www.transfermarkt.com/bundesliga/trainerwechsel/wettbewerb/L1/saison_id/2005,transfermarkt_gap,2005-11-09,2005-11-09,False,False,review,peter neururer,ewald lienen,hannover96,,,,,,False,False,False,True,False,external,review,default_external_needs_review,Hannover,True,2005-08-06,2006-05-13,34.0,True,False,False,False
1.FC Kaiserslautern,Michael Henke,,19/11/2005,18,Wolfgang Wolf,19/11/2005,bundesliga,2005/06,,https://www.transfermarkt.com/bundesliga/trainerwechsel/wettbewerb/L1/saison_id/2005,transfermarkt_gap,2005-11-19,2005-11-19,False,False,review,wolfgang wolf,michael henke,kaiserslautern,,,,,,False,False,False,True,True,external,high,arrived_from_other_club_in_sample,Kaiserslautern,True,2005-08-07,2006-05-13,34.0,True,False,False,False
1.FC Köln,Uwe Rapolder,,18/12/2005,16,Hanspeter Latour,18/12/2005,bundesliga,2005/06,,https://www.transfermarkt.com/bundesliga/trainerwechsel/wettbewerb/L1/saison_id/2005,transfermarkt_gap,2005-12-18,2005-12-18,False,False,review,hanspeter latour,uwe rapolder,koln,,,,,,False,False,False,True,False,external,review,default_external_needs_review,FC Koln,True,2005-08-06,2006-05-13,34.0,True,False,False,False
MSV Duisburg,Norbert Meier,,08/12/2005,16,Heiko Scholz (caretaker),08/12/2005,bundesliga,2005/06,,https://www.transfermarkt.com/bundesliga/trainerwechsel/wettbewerb/L1/saison_id/2005,transfermarkt_gap,2005-12-08,2005-12-08,True,False,review,heiko scholz,norbert meier,msvduisburg,,heiko scholz,2005-12-16,,,False,True,False,True,False,caretaker,high,caretaker_flag_or_short_spell,Duisburg,True,2005-08-06,2006-05-13,34.0,True,False,False,False
MSV Duisburg,Heiko Scholz,,16/12/2005,17,Jürgen Kohler,16/12/2005,bundesliga,2005/06,,https://www.transfermarkt.com/bundesliga/trainerwechsel/wettbewerb/L1/saison_id/2005,transfermarkt_gap,2005-12-16,2005-12-16,False,False,review,j rgen kohler,heiko scholz,msvduisburg,,j rgen kohler,2006-04-04,heiko scholz,True,False,True,False,True,False,external,review,default_external_needs_review,Duisburg,True,2005-08-06,2006-05-13,34.0,True,False,False,False
MSV Duisburg,Jürgen Kohler,,04/04/2006,17,Heiko Scholz (caretaker),04/04/2006,bundesliga,2005/06,,https://www.transfermarkt.com/bundesliga/trainerwechsel/wettbewerb/L1/saison_id/2005,transfermarkt_gap,2006-04-04,2006-04-04,True,False,review,heiko scholz,j rgen kohler,msvduisburg,,,,j rgen kohler,False,False,False,True,True,False,caretaker,high,caretaker_flag_or_short_spell,Duisburg,True,2005-08-06,2006-05-13,34.0,True,False,False,False
1.FC Nuremberg,Wolfgang Wolf,,31/10/2005,18,Dieter Lieberwirth (caretaker),31/10/2005,bundesliga,2005/06,,https://www.transfermarkt.com/bundesliga/trainerwechsel/wettbewerb/L1/saison_id/2005,transfermarkt_gap,2005-10-31,2005-10-31,True,False,review,dieter lieberwirth,wolfgang wolf,nuremberg,,dieter lieberwirth,2005-11-08,,,False,True,False,True,False,caretaker,high,caretaker_flag_or_short_spell,Nurnberg,True,2005-08-06,2006-05-13,34.0,True,False,False,False
1.FC Nuremberg,Dieter Lieberwirth,,08/11/2005,18,Hans Meyer,08/11/2005,bundesliga,2005/06,,https://www.transfermarkt.com/bundesliga/trainerwechsel/wettbewerb/L1/saison_id/2005,transfermarkt_gap,2005-11-08,2005-11-08,False,False,review,hans meyer,dieter lieberwirth,nuremberg,,,,dieter lieberwirth,True,False,False,False,True,False,external,review,default_external_needs_review,Nurnberg,True,2005-08-06,2006-05-13,34.0,True,False,False,False
FC Schalke 04,Ralf Rangnick,,12/12/2005,4,Oliver Reck (caretaker),12/12/2005,bundesliga,2005/06,,https://www.transfermarkt.com/bundesliga/trainerwechsel/wettbewerb/L1/saison_id/2005,transfermarkt_gap,2005-12-12,2005-12-12,True,False,review,oliver reck,ralf rangnick,schalke04,,oliver reck,2006-01-04,,,False,True,True,True,False,caretaker,high,caretaker_flag_or_short_spell,Schalke 04,True,2005-08-07,2006-05-13,34.0,True,False,False,False
FC Schalke 04,Oliver Reck,,04/01/2006,4,Mirko Slomka,04/01/2006,bundesliga,2005/06,,https://www.transfermarkt.com/bundesliga/trainerwechsel/wettbewerb/L1/saison_id/2005,transfermarkt_gap,2006-01-04,2006-01-04,False,False,review,mirko slomka,oliver reck,schalke04,,,,oliver reck,True,False,False,False,True,False,external,review,default_external_needs_review,Schalke 04,True,2005-08-07,2006-05-13,34.0,True,False,False,False
VfB Stuttgart,Giovanni Trapattoni,,09/02/2006,7,Armin Veh,09/02/2006,bundesliga,2005/06,,https://www.transfermarkt.com/bundesliga/trainerwechsel/wettbewerb/L1/saison_id/2005,transfermarkt_gap,2006-02-09,2006-02-09,False,False,review,armin veh,giovanni trapattoni,stuttgart,,,,,,False,False,False,True,False,external,review,default_external_needs_review,Stuttgart,True,2005-08-06,2006-05-13,34.0,True,False,False,False
VfL Wolfsburg,Holger Fach,,19/12/2005,13,Klaus Augenthaler,19/12/2005,bundesliga,2005/06,,https://www.transfermarkt.com/bundesliga/trainerwechsel/wettbewerb/L1/saison_id/2005,transfermarkt_gap,2005-12-19,2005-12-19,False,False,review,klaus augenthaler,holger fach,wolfsburg,,,,,,False,False,False,True,True,external,high,arrived_from_other_club_in_sample,Wolfsburg,True,2005-08-06,2006-05-13,34.0,True,False,False,False
Alemannia Aachen,Dieter Hecking,,7 September 2006,,Michael Frontzeck,12 September 2006,bundesliga,2006/07,2006–07 Bundesliga,https://en.wikipedia.org/wiki/2006%E2%80%9307_Bundesliga,wikipedia,2006-09-07,2006-09-12,False,False,review,michael frontzeck,dieter hecking,alemanniaaachen,,,,,,False,False,False,True,False,external,review,default_external_needs_review,Aachen,True,2006-08-12,2007-05-19,34.0,True,False,False,False
Arminia Bielefeld,Thomas von Heesen,,11 February 2007,,Frank Geideck,12 February 2007,bundesliga,2006/07,2006–07 Bundesliga,https://en.wikipedia.org/wiki/2006%E2%80%9307_Bundesliga,wikipedia,2007-02-11,2007-02-12,False,False,review,frank geideck,thomas von heesen,arminiabielefeld,,frank geideck,2007-03-13,,,False,True,True,True,False,caretaker,high,caretaker_flag_or_short_spell,Bielefeld,True,2006-08-12,2007-05-19,34.0,True,False,False,False
Arminia Bielefeld,Frank Geideck,,13 March 2007,,Ernst Middendorp,14 March 2007,bundesliga,2006/07,2006–07 Bundesliga,https://en.wikipedia.org/wiki/2006%E2%80%9307_Bundesliga,wikipedia,2007-03-13,2007-03-14,False,False,review,ernst middendorp,frank geideck,arminiabielefeld,,,,frank geideck,False,False,False,False,True,False,external,review,default_external_needs_review,Bielefeld,True,2006-08-12,2007-05-19,34.0,True,False,False,False
Bayern Munich,Felix Magath,,31 January 2007,,Ottmar Hitzfeld,1 February 2007,bundesliga,2006/07,2006–07 Bundesliga,https://en.wikipedia.org/wiki/2006%E2%80%9307_Bundesliga,wikipedia,2007-01-31,2007-02-01,False,False,review,ottmar hitzfeld,felix magath,bayernmunich,,,,,,False,False,False,True,False,external,review,default_external_needs_review,Bayern Munich,True,2006-08-11,2007-05-19,34.0,True,False,False,False
Borussia Dortmund,Bert van Marwijk,,18 December 2006,,Jürgen Röber,19 December 2006,bundesliga,2006/07,2006–07 Bundesliga,https://en.wikipedia.org/wiki/2006%E2%80%9307_Bundesliga,wikipedia,2006-12-18,2006-12-19,False,False,review,j rgen r ber,bert van marwijk,borussiadortmund,,j rgen r ber,2007-03-12,,,False,True,False,True,False,caretaker,review,caretaker_flag_or_short_spell,Dortmund,True,2006-08-11,2007-05-19,34.0,True,False,False,False
Borussia Dortmund,Jürgen Röber,,12 March 2007,,Thomas Doll,13 March 2007,bundesliga,2006/07,2006–07 Bundesliga,https://en.wikipedia.org/wiki/2006%E2%80%9307_Bundesliga,wikipedia,2007-03-12,2007-03-13,False,False,review,thomas doll,j rgen r ber,borussiadortmund,,,,j rgen r ber,False,False,False,False,True,True,external,high,arrived_from_other_club_in_sample,Dortmund,True,2006-08-11,2007-05-19,34.0,True,False,False,False
Borussia Mönchengladbach,Horst Köppel,,30 June 2006,,Jupp Heynckes,1 July 2006,bundesliga,2006/07,2006–07 Bundesliga,https://en.wikipedia.org/wiki/2006%E2%80%9307_Bundesliga,wikipedia,2006-06-30,2006-07-01,False,False,review,jupp heynckes,horst k ppel,borussiamonchengladbach,,jupp heynckes,2007-01-31,,,False,True,False,False,False,external,review,default_external_needs_review,M'gladbach,True,2006-08-12,2007-05-19,34.0,False,False,False,False
Borussia Mönchengladbach,Jupp Heynckes,,31 January 2007,,Jos Luhukay,1 February 2007,bundesliga,2006/07,2006–07 Bundesliga,https://en.wikipedia.org/wiki/2006%E2%80%9307_Bundesliga,wikipedia,2007-01-31,2007-02-01,False,False,review,jos luhukay,jupp heynckes,borussiamonchengladbach,,,,jupp heynckes,False,False,False,False,True,False,external,review,default_external_needs_review,M'gladbach,True,2006-08-12,2007-05-19,34.0,True,False,False,False
Hamburger SV,Thomas Doll,,1 February 2007,,Huub Stevens,3 February 2007,bundesliga,2006/07,2006–07 Bundesliga,https://en.wikipedia.org/wiki/2006%E2%80%9307_Bundesliga,wikipedia,2007-02-01,2007-02-03,False,False,review,huub stevens,thomas doll,hamburger,,,,,,False,False,False,True,False,external,review,default_external_needs_review,Hamburg,True,2006-08-12,2007-05-19,34.0,True,False,False,False
Hannover 96,Peter Neururer,,30 August 2006,,Dieter Hecking,10 September 2006,bundesliga,2006/07,2006–07 Bundesliga,https://en.wikipedia.org/wiki/2006%E2%80%9307_Bundesliga,wikipedia,2006-08-30,2006-09-10,False,False,review,dieter hecking,peter neururer,hannover96,,,,,,False,False,False,True,True,external,high,arrived_from_other_club_in_sample,Hannover,True,2006-08-13,2007-05-19,34.0,True,False,False,False
Hertha BSC,Falko Götz,,10 April 2007,,Karsten Heine,11 April 2007,bundesliga,2006/07,2006–07 Bundesliga,https://en.wikipedia.org/wiki/2006%E2%80%9307_Bundesliga,wikipedia,2007-04-10,2007-04-11,False,False,review,karsten heine,falko g tz,hertha,,,,,,False,False,True,True,False,caretaker,high,caretaker_flag_or_short_spell,Hertha,True,2006-08-13,2007-05-19,34.0,True,False,False,False
Arminia Bielefeld,Ernst Middendorp,,10 December 2007,,Michael Frontzeck,1 January 2008,bundesliga,2007/08,2007–08 Bundesliga,https://en.wikipedia.org/wiki/2007%E2%80%9308_Bundesliga,wikipedia,2007-12-10,2008-01-01,False,False,review,michael frontzeck,ernst middendorp,arminiabielefeld,,,,,,False,False,False,True,False,external,review,default_external_needs_review,Bielefeld,True,2007-08-11,2008-05-17,34.0,True,False,False,False
Energie Cottbus,Petrik Sander,,23 September 2007,,Bojan Prašnikar,28 September 2007,bundesliga,2007/08,2007–08 Bundesliga,https://en.wikipedia.org/wiki/2007%E2%80%9308_Bundesliga,wikipedia,2007-09-23,2007-09-28,False,False,review,bojan pra nikar,petrik sander,energiecottbus,,,,,,False,False,False,True,False,external,review,default_external_needs_review,Cottbus,True,2007-08-11,2008-05-17,34.0,True,False,False,False
Hertha BSC,Karsten Heine,,19 May 2007,,Lucien Favre,1 July 2007,bundesliga,2007/08,2007–08 Bundesliga,https://en.wikipedia.org/wiki/2007%E2%80%9308_Bundesliga,wikipedia,2007-05-19,2007-07-01,False,False,review,lucien favre,karsten heine,hertha,,,,,,False,False,False,False,False,external,review,default_external_needs_review,Hertha,True,2007-08-11,2008-05-17,34.0,False,False,False,False
FC Schalke 04,Mirko Slomka,,13 April 2008,,Mike Büskens Youri Mulder,14 April 2008,bundesliga,2007/08,2007–08 Bundesliga,https://en.wikipedia.org/wiki/2007%E2%80%9308_Bundesliga,wikipedia,2008-04-13,2008-04-14,False,False,review,mike b skens youri mulder,mirko slomka,schalke04,,,,,,False,False,True,True,False,caretaker,high,caretaker_flag_or_short_spell,Schalke 04,True,2007-08-10,2008-05-17,34.0,True,False,False,False
VfL Wolfsburg,Klaus Augenthaler,,19 May 2007,,Felix Magath,1 July 2007,bundesliga,2007/08,2007–08 Bundesliga,https://en.wikipedia.org/wiki/2007%E2%80%9308_Bundesliga,wikipedia,2007-05-19,2007-07-01,False,False,review,felix magath,klaus augenthaler,wolfsburg,,,,,,False,False,False,False,True,external,high,arrived_from_other_club_in_sample,Wolfsburg,True,2007-08-11,2008-05-17,34.0,False,False,False,False
Arminia Bielefeld,Michael Frontzeck,Sacked,17 May 2009,16th,Jörg Berger,19 May 2009,bundesliga,2008/09,2008–09 Bundesliga,https://en.wikipedia.org/wiki/2008%E2%80%9309_Bundesliga,wikipedia,2009-05-17,2009-05-19,False,False,sacked,j rg berger,michael frontzeck,arminiabielefeld,,,,,,False,False,False,True,False,caretaker,manual,Outside fireman hired with a contract only until season end for the last matchday and possible relegation play-offs; Transfermarkt lists the spell as Interimstrainer.,Bielefeld,True,2008-08-16,2009-05-23,34.0,True,False,True,False
Bayer Leverkusen,Michael Skibbe,Sacked,30 June 2008,Pre-season,Bruno Labbadia,1 July 2008,bundesliga,2008/09,2008–09 Bundesliga,https://en.wikipedia.org/wiki/2008%E2%80%9309_Bundesliga,wikipedia,2008-06-30,2008-07-01,False,False,exclude_preseason,bruno labbadia,michael skibbe,bayerleverkusen,,,,,,False,False,False,False,False,external,review,default_external_needs_review,Leverkusen,True,2008-08-16,2009-05-23,34.0,False,True,False,False
Bayern Munich,Ottmar Hitzfeld,End of contract,30 June 2008,Pre-season,Jürgen Klinsmann,1 July 2008,bundesliga,2008/09,2008–09 Bundesliga,https://en.wikipedia.org/wiki/2008%E2%80%9309_Bundesliga,wikipedia,2008-06-30,2008-07-01,False,False,exclude_preseason,j rgen klinsmann,ottmar hitzfeld,bayernmunich,Sacked,j rgen klinsmann,2009-04-27,,,False,True,False,False,False,external,review,default_external_needs_review,Bayern Munich,True,2008-08-15,2009-05-23,34.0,False,True,False,False
Bayern Munich,Jürgen Klinsmann,Sacked,27 April 2009,3rd,Jupp Heynckes,27 April 2009,bundesliga,2008/09,2008–09 Bundesliga,https://en.wikipedia.org/wiki/2008%E2%80%9309_Bundesliga,wikipedia,2009-04-27,2009-04-27,False,False,sacked,jupp heynckes,j rgen klinsmann,bayernmunich,,,,j rgen klinsmann,False,False,False,True,True,False,caretaker,high,caretaker_flag_or_short_spell,Bayern Munich,True,2008-08-15,2009-05-23,34.0,True,False,True,False
Borussia Dortmund,Thomas Doll,Resigned,30 June 2008,Pre-season,Jürgen Klopp,1 July 2008,bundesliga,2008/09,2008–09 Bundesliga,https://en.wikipedia.org/wiki/2008%E2%80%9309_Bundesliga,wikipedia,2008-06-30,2008-07-01,False,False,exclude_preseason,j rgen klopp,thomas doll,borussiadortmund,,,,,,False,False,False,False,False,external,review,default_external_needs_review,Dortmund,True,2008-08-16,2009-05-23,34.0,False,True,False,False
Borussia Mönchengladbach,Jos Luhukay,Sacked,5 October 2008,18th,Hans Meyer,18 October 2008,bundesliga,2008/09,2008–09 Bundesliga,https://en.wikipedia.org/wiki/2008%E2%80%9309_Bundesliga,wikipedia,2008-10-05,2008-10-18,False,False,sacked,hans meyer,jos luhukay,borussiamonchengladbach,,,,,,False,False,True,True,False,caretaker,high,caretaker_flag_or_short_spell,M'gladbach,True,2008-08-17,2009-05-23,34.0,True,False,True,False
Hamburger SV,Huub Stevens,End of contract,30 June 2008,Pre-season,Martin Jol,1 July 2008,bundesliga,2008/09,2008–09 Bundesliga,https://en.wikipedia.org/wiki/2008%E2%80%9309_Bundesliga,wikipedia,2008-06-30,2008-07-01,False,False,exclude_preseason,martin jol,huub stevens,hamburger,,,,,,False,False,False,False,False,external,review,default_external_needs_review,Hamburg,True,2008-08-15,2009-05-23,34.0,False,True,False,False
Schalke 04,Mike Büskens & Youri Mulder,Stepped down to assistant position,30 June 2008,Pre-season,Fred Rutten,1 July 2008,bundesliga,2008/09,2008–09 Bundesliga,https://en.wikipedia.org/wiki/2008%E2%80%9309_Bundesliga,wikipedia,2008-06-30,2008-07-01,False,False,exclude_preseason,fred rutten,mike b skens youri mulder,schalke04,Sacked,fred rutten,2009-03-26,,,False,True,False,False,False,external,review,default_external_needs_review,Schalke 04,True,2008-08-16,2009-05-23,34.0,False,True,False,False
Schalke 04,Fred Rutten,Sacked,26 March 2009,8th,"Mike Büskens, Youri Mulder and Oliver Reck",1 April 2009,bundesliga,2008/09,2008–09 Bundesliga,https://en.wikipedia.org/wiki/2008%E2%80%9309_Bundesliga,wikipedia,2009-03-26,2009-04-01,False,False,sacked,mike b skens youri mulder and oliver reck,fred rutten,schalke04,,,,fred rutten,False,False,False,True,True,False,caretaker,high,caretaker_flag_or_short_spell,Schalke 04,True,2008-08-16,2009-05-23,34.0,True,False,True,False
VfB Stuttgart,Armin Veh,Sacked,23 November 2008,11th,Markus Babbel,23 November 2008,bundesliga,2008/09,2008–09 Bundesliga,https://en.wikipedia.org/wiki/2008%E2%80%9309_Bundesliga,wikipedia,2008-11-23,2008-11-23,False,False,sacked,markus babbel,armin veh,stuttgart,,,,,,False,False,False,True,False,caretaker,manual,assistant first named Teamchef only until the winter break; formal contract came later after good results,Stuttgart,True,2008-08-17,2009-05-23,34.0,True,False,True,False
Bayer Leverkusen,Bruno Labbadia,Hamburg purchased rights,5 June 2009,off-season,Jupp Heynckes,1 July 2009,bundesliga,2009/10,2009–10 Bundesliga,https://en.wikipedia.org/wiki/2009%E2%80%9310_Bundesliga,wikipedia,2009-06-05,2009-07-01,False,False,review,jupp heynckes,bruno labbadia,bayerleverkusen,,,,,,False,False,False,False,True,external,high,arrived_from_other_club_in_sample,Leverkusen,True,2009-08-08,2010-05-08,34.0,False,False,False,False
Bayern Munich,Jupp Heynckes,End of caretaker contract,30 June 2009,off-season,Louis van Gaal,1 July 2009,bundesliga,2009/10,2009–10 Bundesliga,https://en.wikipedia.org/wiki/2009%E2%80%9310_Bundesliga,wikipedia,2009-06-30,2009-07-01,False,False,exclude_end_caretaker,louis van gaal,jupp heynckes,bayernmunich,,,,,,False,False,False,False,False,external,review,default_external_needs_review,Bayern Munich,True,2009-08-08,2010-05-08,34.0,False,False,False,False
VfL Bochum,Marcel Koller,Sacked,20 September 2009,17th,Frank Heinemann (caretaker),20 September 2009,bundesliga,2009/10,2009–10 Bundesliga,https://en.wikipedia.org/wiki/2009%E2%80%9310_Bundesliga,wikipedia,2009-09-20,2009-09-20,True,False,sacked,frank heinemann,marcel koller,bochum,End as caretaker,frank heinemann,2009-10-27,,,False,True,True,True,False,caretaker,high,caretaker_flag_or_short_spell,Bochum,True,2009-08-09,2010-05-08,34.0,True,False,True,False
VfL Bochum,Frank Heinemann (caretaker),End as caretaker,27 October 2009,17th,Heiko Herrlich,27 October 2009,bundesliga,2009/10,2009–10 Bundesliga,https://en.wikipedia.org/wiki/2009%E2%80%9310_Bundesliga,wikipedia,2009-10-27,2009-10-27,False,True,review,heiko herrlich,frank heinemann,bochum,Sacked,heiko herrlich,2010-04-29,frank heinemann,True,False,True,False,True,False,external,review,default_external_needs_review,Bochum,True,2009-08-09,2010-05-08,34.0,True,False,False,False
VfL Bochum,Heiko Herrlich,Sacked,29 April 2010,16th,Dariusz Wosz (Interim),29 April 2010,bundesliga,2009/10,2009–10 Bundesliga,https://en.wikipedia.org/wiki/2009%E2%80%9310_Bundesliga,wikipedia,2010-04-29,2010-04-29,True,False,sacked,dariusz wosz,heiko herrlich,bochum,,,,heiko herrlich,False,False,False,True,True,False,caretaker,high,caretaker_flag_or_short_spell,Bochum,True,2009-08-09,2010-05-08,34.0,True,False,True,False
Borussia Mönchengladbach,Hans Meyer,Retired,28 May 2009,off-season,Michael Frontzeck,1 July 2009,bundesliga,2009/10,2009–10 Bundesliga,https://en.wikipedia.org/wiki/2009%E2%80%9310_Bundesliga,wikipedia,2009-05-28,2009-07-01,False,False,exclude_retired,michael frontzeck,hans meyer,borussiamonchengladbach,,,,,,False,False,False,False,True,external,high,arrived_from_other_club_in_sample,M'gladbach,True,2009-08-09,2010-05-08,34.0,False,False,False,False
Eintracht Frankfurt,Friedhelm Funkel,Resigned,21 May 2009,off-season,Michael Skibbe,1 July 2009,bundesliga,2009/10,2009–10 Bundesliga,https://en.wikipedia.org/wiki/2009%E2%80%9310_Bundesliga,wikipedia,2009-05-21,2009-07-01,False,False,exclude_resigned,michael skibbe,friedhelm funkel,eintrachtfrankfurt,,,,,,False,False,False,False,False,external,review,default_external_needs_review,Ein Frankfurt,True,2009-08-08,2010-05-08,34.0,False,False,False,False
Hamburger SV,Martin Jol,Ajax purchased rights,26 May 2009,off-season,Bruno Labbadia,1 July 2009,bundesliga,2009/10,2009–10 Bundesliga,https://en.wikipedia.org/wiki/2009%E2%80%9310_Bundesliga,wikipedia,2009-05-26,2009-07-01,False,False,review,bruno labbadia,martin jol,hamburger,Sacked,bruno labbadia,2010-04-26,,,False,True,False,False,True,external,high,arrived_from_other_club_in_sample,Hamburg,True,2009-08-09,2010-05-08,34.0,False,False,False,False
Hamburger SV,Bruno Labbadia,Sacked,26 April 2010,7th,Ricardo Moniz (Interim),26 April 2010,bundesliga,2009/10,2009–10 Bundesliga,https://en.wikipedia.org/wiki/2009%E2%80%9310_Bundesliga,wikipedia,2010-04-26,2010-04-26,True,False,sacked,ricardo moniz,bruno labbadia,hamburger,,,,bruno labbadia,False,False,False,True,True,False,caretaker,high,caretaker_flag_or_short_spell,Hamburg,True,2009-08-09,2010-05-08,34.0,True,False,True,False
Hannover 96,Dieter Hecking,Resigned,19 August 2009,14th,Andreas Bergmann,30 August 2009,bundesliga,2009/10,2009–10 Bundesliga,https://en.wikipedia.org/wiki/2009%E2%80%9310_Bundesliga,wikipedia,2009-08-19,2009-08-30,False,False,exclude_resigned,andreas bergmann,dieter hecking,hannover96,Sacked,andreas bergmann,2010-01-19,,,False,True,True,True,False,caretaker,high,caretaker_flag_or_short_spell,Hannover,True,2009-08-08,2010-05-08,34.0,True,False,False,False
Hannover 96,Andreas Bergmann,Sacked,19 January 2010,16th,Mirko Slomka,19 January 2010,bundesliga,2009/10,2009–10 Bundesliga,https://en.wikipedia.org/wiki/2009%E2%80%9310_Bundesliga,wikipedia,2010-01-19,2010-01-19,False,False,sacked,mirko slomka,andreas bergmann,hannover96,,,,andreas bergmann,False,False,False,False,True,False,external,manual,"unemployed since Schalke 2008 sacking; hired as new coach on a contract to 2011, not on club staff",Hannover,True,2009-08-08,2010-05-08,34.0,True,False,True,False
Hertha BSC,Lucien Favre,Sacked,28 September 2009,18th,Friedhelm Funkel,3 October 2009,bundesliga,2009/10,2009–10 Bundesliga,https://en.wikipedia.org/wiki/2009%E2%80%9310_Bundesliga,wikipedia,2009-09-28,2009-10-03,False,False,sacked,friedhelm funkel,lucien favre,hertha,,,,,,False,False,False,True,True,external,high,arrived_from_other_club_in_sample,Hertha,True,2009-08-08,2010-05-08,34.0,True,False,True,False
1. FC Köln,Christoph Daum,Contract terminated,2 June 2009,off-season,Zvonimir Soldo,1 July 2009,bundesliga,2009/10,2009–10 Bundesliga,https://en.wikipedia.org/wiki/2009%E2%80%9310_Bundesliga,wikipedia,2009-06-02,2009-07-01,False,False,review,zvonimir soldo,christoph daum,koln,,,,,,False,False,False,False,False,external,review,default_external_needs_review,FC Koln,True,2009-08-08,2010-05-08,34.0,False,False,False,False
Mainz 05,Jørn Andersen,Sacked,3 August 2009,pre-season,Thomas Tuchel,3 August 2009,bundesliga,2009/10,2009–10 Bundesliga,https://en.wikipedia.org/wiki/2009%E2%80%9310_Bundesliga,wikipedia,2009-08-03,2009-08-03,False,False,exclude_preseason,thomas tuchel,j rn andersen,mainz05,,,,,,False,False,False,False,False,external,review,default_external_needs_review,Mainz,True,2009-08-08,2010-05-08,34.0,False,True,False,False
1. FC Nürnberg,Michael Oenning,Sacked,21 December 2009,17th,Dieter Hecking,22 December 2009,bundesliga,2009/10,2009–10 Bundesliga,https://en.wikipedia.org/wiki/2009%E2%80%9310_Bundesliga,wikipedia,2009-12-21,2009-12-22,False,False,sacked,dieter hecking,michael oenning,nurnberg,,,,,,False,False,False,False,True,external,high,arrived_from_other_club_in_sample,Nurnberg,True,2009-08-08,2010-05-08,34.0,True,False,True,False
Schalke 04,"Mike Büskens, Youri Mulder & Oliver Reck",End of tenure as caretakers,30 June 2009,off-season,Felix Magath,1 July 2009,bundesliga,2009/10,2009–10 Bundesliga,https://en.wikipedia.org/wiki/2009%E2%80%9310_Bundesliga,wikipedia,2009-06-30,2009-07-01,False,False,review,felix magath,mike b skens youri mulder oliver reck,schalke04,,,,,,False,False,False,False,True,external,high,arrived_from_other_club_in_sample,Schalke 04,True,2009-08-08,2010-05-08,34.0,False,False,False,False
VfB Stuttgart,Markus Babbel,Sacked,6 December 2009,16th,Christian Gross,6 December 2009,bundesliga,2009/10,2009–10 Bundesliga,https://en.wikipedia.org/wiki/2009%E2%80%9310_Bundesliga,wikipedia,2009-12-06,2009-12-06,False,False,sacked,christian gross,markus babbel,stuttgart,,,,,,False,False,False,True,False,external,manual,former Basel/Tottenham coach hired from outside as new manager on a contract to 2011,Stuttgart,True,2009-08-07,2010-05-08,34.0,True,False,True,False
VfL Wolfsburg,Felix Magath,End of contract,30 June 2009,off-season,Armin Veh,1 July 2009,bundesliga,2009/10,2009–10 Bundesliga,https://en.wikipedia.org/wiki/2009%E2%80%9310_Bundesliga,wikipedia,2009-06-30,2009-07-01,False,False,exclude_end_of_contract,armin veh,felix magath,wolfsburg,Sacked,armin veh,2010-01-25,,,False,True,False,False,False,external,review,default_external_needs_review,Wolfsburg,True,2009-08-07,2010-05-08,34.0,False,False,False,False
VfL Wolfsburg,Armin Veh,Sacked,25 January 2010,10th,Lorenz-Günther Köstner,25 January 2010,bundesliga,2009/10,2009–10 Bundesliga,https://en.wikipedia.org/wiki/2009%E2%80%9310_Bundesliga,wikipedia,2010-01-25,2010-01-25,False,False,sacked,lorenz g nther k stner,armin veh,wolfsburg,,,,armin veh,False,False,False,True,True,False,caretaker,high,caretaker_flag_or_short_spell,Wolfsburg,True,2009-08-07,2010-05-08,34.0,True,False,True,False
1899 Hoffenheim,Ralf Rangnick,Mutual consent,2 January 2011,8th,Marco Pezzaiuoli,2 January 2011,bundesliga,2010/11,2010–11 Bundesliga,https://en.wikipedia.org/wiki/2010%E2%80%9311_Bundesliga,wikipedia,2011-01-02,2011-01-02,False,False,mutual_consent,marco pezzaiuoli,ralf rangnick,1899hoffenheim,,,,,,False,False,False,True,False,internal,manual,"Club assistant promoted as Nachfolger/new head coach on a contract to 2014, not named caretaker.",Hoffenheim,True,2010-08-21,2011-05-14,34.0,True,False,False,True
Bayern Munich,Louis van Gaal,Sacked,9 April 2011,4th,Andries Jonker (caretaker),9 April 2011,bundesliga,2010/11,2010–11 Bundesliga,https://en.wikipedia.org/wiki/2010%E2%80%9311_Bundesliga,wikipedia,2011-04-09,2011-04-09,True,False,sacked,andries jonker,louis van gaal,bayernmunich,,,,,,False,False,True,True,False,caretaker,high,caretaker_flag_or_short_spell,Bayern Munich,True,2010-08-20,2011-05-14,34.0,True,False,True,False
Borussia Mönchengladbach,Michael Frontzeck,Sacked,13 February 2011,18th,Lucien Favre,14 February 2011,bundesliga,2010/11,2010–11 Bundesliga,https://en.wikipedia.org/wiki/2010%E2%80%9311_Bundesliga,wikipedia,2011-02-13,2011-02-14,False,False,sacked,lucien favre,michael frontzeck,borussiamonchengladbach,,,,,,False,False,False,True,False,external,manual,unemployed ex-Hertha coach hired from outside on a contract to 2013,M'gladbach,True,2010-08-21,2011-05-14,34.0,True,False,True,False
Eintracht Frankfurt,Michael Skibbe,Sacked,22 March 2011,14th,Christoph Daum,22 March 2011,bundesliga,2010/11,2010–11 Bundesliga,https://en.wikipedia.org/wiki/2010%E2%80%9311_Bundesliga,wikipedia,2011-03-22,2011-03-22,False,False,sacked,christoph daum,michael skibbe,eintrachtfrankfurt,,,,,,False,False,False,True,False,external,manual,"outsider named new coach, not interim; deal until summer with stated aim to continue and two-year extension if they stayed up",Ein Frankfurt,True,2010-08-21,2011-05-14,34.0,True,False,True,False
Hamburger SV,Ricardo Moniz,End of tenure as caretaker,30 June 2010,Off-season,Armin Veh,1 July 2010,bundesliga,2010/11,2010–11 Bundesliga,https://en.wikipedia.org/wiki/2010%E2%80%9311_Bundesliga,wikipedia,2010-06-30,2010-07-01,False,False,review,armin veh,ricardo moniz,hamburger,Sacked,armin veh,2011-03-13,,,False,True,False,False,True,external,high,arrived_from_other_club_in_sample,Hamburg,True,2010-08-21,2011-05-14,34.0,False,False,False,False
Hamburger SV,Armin Veh,Sacked,13 March 2011,8th,Michael Oenning,13 March 2011,bundesliga,2010/11,2010–11 Bundesliga,https://en.wikipedia.org/wiki/2010%E2%80%9311_Bundesliga,wikipedia,2011-03-13,2011-03-13,False,False,sacked,michael oenning,armin veh,hamburger,,,,armin veh,False,False,False,False,True,False,internal,manual,"Veh assistant presented as new head coach, not interim, even though the club later said the role ran to season's end",Hamburg,True,2010-08-21,2011-05-14,34.0,True,False,True,False
1. FC Köln,Zvonimir Soldo,Sacked,24 October 2010,18th,Frank Schaefer,24 October 2010,bundesliga,2010/11,2010–11 Bundesliga,https://en.wikipedia.org/wiki/2010%E2%80%9311_Bundesliga,wikipedia,2010-10-24,2010-10-24,False,False,sacked,frank schaefer,zvonimir soldo,koln,Resigned,frank schaefer,2011-04-27,,,False,True,False,True,False,caretaker,manual,U23 coach took over interimsweise / only temporarily after Soldo sacking,FC Koln,True,2010-08-21,2011-05-14,34.0,True,False,True,False
1. FC Köln,Frank Schaefer,Resigned,27 April 2011,14th,Volker Finke,27 April 2011,bundesliga,2010/11,2010–11 Bundesliga,https://en.wikipedia.org/wiki/2010%E2%80%9311_Bundesliga,wikipedia,2011-04-27,2011-04-27,False,False,exclude_resigned,volker finke,frank schaefer,koln,,,,frank schaefer,False,False,False,True,True,False,caretaker,high,caretaker_flag_or_short_spell,FC Koln,True,2010-08-21,2011-05-14,34.0,True,False,False,False
Schalke 04,Felix Magath,Sacked,16 March 2011,10th,Ralf Rangnick,17 March 2011,bundesliga,2010/11,2010–11 Bundesliga,https://en.wikipedia.org/wiki/2010%E2%80%9311_Bundesliga,wikipedia,2011-03-16,2011-03-17,False,False,sacked,ralf rangnick,felix magath,schalke04,,,,,,False,False,False,True,True,external,high,arrived_from_other_club_in_sample,Schalke 04,True,2010-08-21,2011-05-14,34.0,True,False,True,False
VfB Stuttgart,Christian Gross,Sacked,13 October 2010,18th,Jens Keller,13 October 2010,bundesliga,2010/11,2010–11 Bundesliga,https://en.wikipedia.org/wiki/2010%E2%80%9311_Bundesliga,wikipedia,2010-10-13,2010-10-13,False,False,sacked,jens keller,christian gross,stuttgart,Sacked,jens keller,2010-12-11,,,False,True,False,True,False,caretaker,manual,assistant appointed interim manager on a trial basis until a permanent coach was found,Stuttgart,True,2010-08-22,2011-05-14,34.0,True,False,True,False
VfB Stuttgart,Jens Keller,Sacked,11 December 2010,16th,Bruno Labbadia,12 December 2010,bundesliga,2010/11,2010–11 Bundesliga,https://en.wikipedia.org/wiki/2010%E2%80%9311_Bundesliga,wikipedia,2010-12-11,2010-12-12,False,False,sacked,bruno labbadia,jens keller,stuttgart,,,,jens keller,False,False,False,False,True,False,external,manual,unemployed ex-HSV/Leverkusen coach hired from outside on a 2.5-year Bundesliga contract,Stuttgart,True,2010-08-22,2011-05-14,34.0,True,False,True,False
VfL Wolfsburg,Lorenz-Günther Köstner,End of tenure as caretaker,30 June 2010,Off-season,Steve McClaren,1 July 2010,bundesliga,2010/11,2010–11 Bundesliga,https://en.wikipedia.org/wiki/2010%E2%80%9311_Bundesliga,wikipedia,2010-06-30,2010-07-01,False,False,review,steve mcclaren,lorenz g nther k stner,wolfsburg,Sacked,steve mcclaren,2011-02-07,,,False,True,False,False,False,external,review,default_external_needs_review,Wolfsburg,True,2010-08-20,2011-05-14,34.0,False,False,False,False
VfL Wolfsburg,Steve McClaren,Sacked,7 February 2011,12th,Pierre Littbarski,7 February 2011,bundesliga,2010/11,2010–11 Bundesliga,https://en.wikipedia.org/wiki/2010%E2%80%9311_Bundesliga,wikipedia,2011-02-07,2011-02-07,False,False,sacked,pierre littbarski,steve mcclaren,wolfsburg,End of tenure as caretaker,pierre littbarski,2011-03-18,steve mcclaren,False,False,True,True,True,False,caretaker,high,caretaker_flag_or_short_spell,Wolfsburg,True,2010-08-20,2011-05-14,34.0,True,False,True,False
VfL Wolfsburg,Pierre Littbarski,End of tenure as caretaker,18 March 2011,17th,Felix Magath,18 March 2011,bundesliga,2010/11,2010–11 Bundesliga,https://en.wikipedia.org/wiki/2010%E2%80%9311_Bundesliga,wikipedia,2011-03-18,2011-03-18,False,False,review,felix magath,pierre littbarski,wolfsburg,,,,pierre littbarski,False,False,False,False,True,True,external,high,arrived_from_other_club_in_sample,Wolfsburg,True,2010-08-20,2011-05-14,34.0,True,False,False,False
1899 Hoffenheim,Marco Pezzaiuoli,Mutual consent,30 June 2011,Off-season,Holger Stanislawski,1 July 2011,bundesliga,2011/12,2011–12 Bundesliga,https://en.wikipedia.org/wiki/2011%E2%80%9312_Bundesliga,wikipedia,2011-06-30,2011-07-01,False,False,mutual_consent,holger stanislawski,marco pezzaiuoli,1899hoffenheim,Sacked,holger stanislawski,2012-02-09,,,False,True,False,False,False,external,review,default_external_needs_review,Hoffenheim,True,2011-08-06,2012-05-05,34.0,False,False,False,False
1899 Hoffenheim,Holger Stanislawski,Sacked,9 February 2012,8th,Markus Babbel,10 February 2012,bundesliga,2011/12,2011–12 Bundesliga,https://en.wikipedia.org/wiki/2011%E2%80%9312_Bundesliga,wikipedia,2012-02-09,2012-02-10,False,False,sacked,markus babbel,holger stanislawski,1899hoffenheim,,,,holger stanislawski,False,False,False,False,True,True,external,high,arrived_from_other_club_in_sample,Hoffenheim,True,2011-08-06,2012-05-05,34.0,True,False,True,False
Bayer Leverkusen,Jupp Heynckes,End of contract,30 June 2011,Off-season,Robin Dutt,1 July 2011,bundesliga,2011/12,2011–12 Bundesliga,https://en.wikipedia.org/wiki/2011%E2%80%9312_Bundesliga,wikipedia,2011-06-30,2011-07-01,False,False,exclude_end_of_contract,robin dutt,jupp heynckes,bayerleverkusen,Sacked,robin dutt,2012-04-01,,,False,True,False,False,True,external,high,arrived_from_other_club_in_sample,Leverkusen,True,2011-08-07,2012-05-05,34.0,False,False,False,False
Bayer Leverkusen,Robin Dutt,Sacked,1 April 2012,6th,Sami Hyypiä (caretaker),1 April 2012,bundesliga,2011/12,2011–12 Bundesliga,https://en.wikipedia.org/wiki/2011%E2%80%9312_Bundesliga,wikipedia,2012-04-01,2012-04-01,True,False,sacked,sami hyypi,robin dutt,bayerleverkusen,,,,robin dutt,False,False,False,False,False,False,caretaker,high,caretaker_flag_or_short_spell,Leverkusen,True,2011-08-07,2012-05-05,34.0,True,False,True,False
Bayern Munich,Andries Jonker,End of tenure as caretaker,30 June 2011,Off-season,Jupp Heynckes,1 July 2011,bundesliga,2011/12,2011–12 Bundesliga,https://en.wikipedia.org/wiki/2011%E2%80%9312_Bundesliga,wikipedia,2011-06-30,2011-07-01,False,False,review,jupp heynckes,andries jonker,bayernmunich,,,,,,False,False,False,False,True,external,high,arrived_from_other_club_in_sample,Bayern Munich,True,2011-08-07,2012-05-05,34.0,False,False,False,False
SC Freiburg,Robin Dutt,Bayer Leverkusen purchased rights,30 June 2011,Off-season,Marcus Sorg,1 July 2011,bundesliga,2011/12,2011–12 Bundesliga,https://en.wikipedia.org/wiki/2011%E2%80%9312_Bundesliga,wikipedia,2011-06-30,2011-07-01,False,False,review,marcus sorg,robin dutt,freiburg,Sacked,marcus sorg,2011-12-29,,,False,True,False,False,False,external,review,default_external_needs_review,Freiburg,True,2011-08-06,2012-05-05,34.0,False,False,False,False
SC Freiburg,Marcus Sorg,Sacked,29 December 2011,18th,Christian Streich,29 December 2011,bundesliga,2011/12,2011–12 Bundesliga,https://en.wikipedia.org/wiki/2011%E2%80%9312_Bundesliga,wikipedia,2011-12-29,2011-12-29,False,False,sacked,christian streich,marcus sorg,freiburg,,,,marcus sorg,False,False,False,False,True,False,internal,manual,assistant/youth coach promoted as permanent head coach on a long-term contract to 2014,Freiburg,True,2011-08-06,2012-05-05,34.0,True,False,True,False
Hamburger SV,Michael Oenning,Sacked,19 September 2011,18th,Rodolfo Cardoso (caretaker),19 September 2011,bundesliga,2011/12,2011–12 Bundesliga,https://en.wikipedia.org/wiki/2011%E2%80%9312_Bundesliga,wikipedia,2011-09-19,2011-09-19,True,False,sacked,rodolfo cardoso,michael oenning,hamburger,End of tenure as caretaker,rodolfo cardoso,2011-10-10,,,False,True,True,True,False,caretaker,high,caretaker_flag_or_short_spell,Hamburg,True,2011-08-05,2012-05-05,34.0,True,False,True,False
Hamburger SV,Rodolfo Cardoso (caretaker),End of tenure as caretaker,10 October 2011,18th,Thorsten Fink,13 October 2011,bundesliga,2011/12,2011–12 Bundesliga,https://en.wikipedia.org/wiki/2011%E2%80%9312_Bundesliga,wikipedia,2011-10-10,2011-10-13,False,True,review,thorsten fink,rodolfo cardoso,hamburger,,,,rodolfo cardoso,True,False,False,False,True,False,external,review,default_external_needs_review,Hamburg,True,2011-08-05,2012-05-05,34.0,True,False,False,False
Hertha BSC,Markus Babbel,Sacked,18 December 2011,11th,Michael Skibbe,22 December 2011,bundesliga,2011/12,2011–12 Bundesliga,https://en.wikipedia.org/wiki/2011%E2%80%9312_Bundesliga,wikipedia,2011-12-18,2011-12-22,False,False,sacked,michael skibbe,markus babbel,hertha,Sacked,michael skibbe,2012-02-12,,,False,True,False,True,False,external,manual,hired from Eskisehirspor on a 2.5-year deal as permanent head coach; Widmayer was the one-match caretaker,Hertha,True,2011-08-06,2012-05-05,34.0,True,False,True,False
Hertha BSC,Michael Skibbe,Sacked,12 February 2012,15th,Otto Rehhagel,18 February 2012,bundesliga,2011/12,2011–12 Bundesliga,https://en.wikipedia.org/wiki/2011%E2%80%9312_Bundesliga,wikipedia,2012-02-12,2012-02-18,False,False,sacked,otto rehhagel,michael skibbe,hertha,,,,michael skibbe,False,False,False,False,True,False,caretaker,manual,outsider hired on a short-term deal only until the end of the season as a relegation rescue,Hertha,True,2011-08-06,2012-05-05,34.0,True,False,True,False
1. FC Kaiserslautern,Marco Kurz,Sacked,20 March 2012,18th,Krasimir Balakov,22 March 2012,bundesliga,2011/12,2011–12 Bundesliga,https://en.wikipedia.org/wiki/2011%E2%80%9312_Bundesliga,wikipedia,2012-03-20,2012-03-22,False,False,sacked,krasimir balakov,marco kurz,kaiserslautern,,,,,,False,False,False,True,False,external,manual,hired from Hajduk Split on a contract to June 2013 covering Bundesliga and 2. Bundesliga,Kaiserslautern,True,2011-08-06,2012-05-05,34.0,True,False,True,False
1. FC Köln,Volker Finke,End of tenure as caretaker,30 June 2011,Off-season,Ståle Solbakken,1 July 2011,bundesliga,2011/12,2011–12 Bundesliga,https://en.wikipedia.org/wiki/2011%E2%80%9312_Bundesliga,wikipedia,2011-06-30,2011-07-01,False,False,review,st le solbakken,volker finke,koln,Sacked,st le solbakken,2012-04-12,,,False,True,False,False,False,external,review,default_external_needs_review,FC Koln,True,2011-08-06,2012-05-05,34.0,False,False,False,False
1. FC Köln,Ståle Solbakken,Sacked,12 April 2012,16th,Frank Schaefer,12 April 2012,bundesliga,2011/12,2011–12 Bundesliga,https://en.wikipedia.org/wiki/2011%E2%80%9312_Bundesliga,wikipedia,2012-04-12,2012-04-12,False,False,sacked,frank schaefer,st le solbakken,koln,,,,st le solbakken,False,False,False,True,True,False,caretaker,high,caretaker_flag_or_short_spell,FC Koln,True,2011-08-06,2012-05-05,34.0,True,False,True,False
FC Schalke 04,Ralf Rangnick,Resigned,22 September 2011,9th,Huub Stevens,27 September 2011,bundesliga,2011/12,2011–12 Bundesliga,https://en.wikipedia.org/wiki/2011%E2%80%9312_Bundesliga,wikipedia,2011-09-22,2011-09-27,False,False,exclude_resigned,huub stevens,ralf rangnick,schalke04,,,,,,False,False,False,True,False,external,review,default_external_needs_review,Schalke 04,True,2011-08-06,2012-05-05,34.0,True,False,False,False
TSG 1899 Hoffenheim,Markus Babbel,Sacked,3 December 2012,16th,Marco Kurz,1 January 2013,bundesliga,2012/13,2012–13 Bundesliga,https://en.wikipedia.org/wiki/2012%E2%80%9313_Bundesliga,wikipedia,2012-12-03,2013-01-01,False,False,sacked,marco kurz,markus babbel,1899hoffenheim,Sacked,marco kurz,2013-04-02,,,False,True,True,True,False,caretaker,high,caretaker_flag_or_short_spell,Hoffenheim,True,2012-08-25,2013-05-18,34.0,True,False,True,False
TSG 1899 Hoffenheim,Marco Kurz,Sacked,2 April 2013,17th,Markus Gisdol,2 April 2013,bundesliga,2012/13,2012–13 Bundesliga,https://en.wikipedia.org/wiki/2012%E2%80%9313_Bundesliga,wikipedia,2013-04-02,2013-04-02,False,False,sacked,markus gisdol,marco kurz,1899hoffenheim,,,,marco kurz,False,False,False,False,True,False,external,manual,named new manager for this season and beyond; contacted while outside the club after leaving Schalke staff,Hoffenheim,True,2012-08-25,2013-05-18,34.0,True,False,True,False
FC Augsburg,Jos Luhukay,Resigned,5 May 2012,Pre-season,Markus Weinzierl,17 May 2012,bundesliga,2012/13,2012–13 Bundesliga,https://en.wikipedia.org/wiki/2012%E2%80%9313_Bundesliga,wikipedia,2012-05-05,2012-05-17,False,False,exclude_preseason,markus weinzierl,jos luhukay,augsburg,,,,,,False,False,False,False,False,external,review,default_external_needs_review,Augsburg,True,2012-08-25,2013-05-18,34.0,False,True,False,False
Greuther Fürth,Mike Büskens,Sacked,20 February 2013,18th,Frank Kramer,11 March 2013,bundesliga,2012/13,2012–13 Bundesliga,https://en.wikipedia.org/wiki/2012%E2%80%9313_Bundesliga,wikipedia,2013-02-20,2013-03-11,False,False,sacked,frank kramer,mike b skens,greutherfurth,,,,,,False,False,False,False,False,external,manual,hired from Hoffenheim U23 on a contract to 2015 as permanent successor; Preis was the interim,Greuther Furth,True,2012-08-25,2013-05-18,34.0,True,False,True,False
1. FC Nürnberg,Dieter Hecking,Signed by VfL Wolfsburg,22 December 2012,14th,Michael Wiesinger,24 December 2012,bundesliga,2012/13,2012–13 Bundesliga,https://en.wikipedia.org/wiki/2012%E2%80%9313_Bundesliga,wikipedia,2012-12-22,2012-12-24,False,False,exclude_signed_by,michael wiesinger,dieter hecking,nurnberg,,,,,,False,False,False,False,False,external,review,default_external_needs_review,Nurnberg,True,2012-08-25,2013-05-18,34.0,True,False,False,False
Schalke 04,Huub Stevens,Sacked,16 December 2012,7th,Jens Keller,16 December 2012,bundesliga,2012/13,2012–13 Bundesliga,https://en.wikipedia.org/wiki/2012%E2%80%9313_Bundesliga,wikipedia,2012-12-16,2012-12-16,False,False,sacked,jens keller,huub stevens,schalke04,,,,,,False,False,False,True,False,internal,manual,U17 coach promoted as new head coach until season end; club said he was expressly not an interim,Schalke 04,True,2012-08-26,2013-05-18,34.0,True,False,True,False
Werder Bremen,Thomas Schaaf,Mutual consent,15 May 2013,14th,Wolfgang Rolff,15 May 2013,bundesliga,2012/13,2012–13 Bundesliga,https://en.wikipedia.org/wiki/2012%E2%80%9313_Bundesliga,wikipedia,2013-05-15,2013-05-15,False,False,mutual_consent,wolfgang rolff,thomas schaaf,werderbremen,,,,,,False,False,False,True,False,caretaker,manual,Assistants Rolff and Hönerbach took the last matchday while the club said it would search for an external successor.,Werder Bremen,True,2012-08-24,2013-05-18,34.0,True,False,False,True
VfL Wolfsburg,Felix Magath,Mutual consent,25 October 2012,18th,Dieter Hecking,22 December 2012,bundesliga,2012/13,2012–13 Bundesliga,https://en.wikipedia.org/wiki/2012%E2%80%9313_Bundesliga,wikipedia,2012-10-25,2012-12-22,False,False,mutual_consent,dieter hecking,felix magath,wolfsburg,,,,,,False,False,True,True,True,caretaker,high,caretaker_flag_or_short_spell,Wolfsburg,True,2012-08-25,2013-05-18,34.0,True,False,False,True
Bayer Leverkusen,Sami Hyypiä & Sascha Lewandowski,Lewandowski stepped down,30 June 2013,Pre-season,Sami Hyypiä,30 June 2013,bundesliga,2013/14,2013–14 Bundesliga,https://en.wikipedia.org/wiki/2013%E2%80%9314_Bundesliga,wikipedia,2013-06-30,2013-06-30,False,False,exclude_preseason,sami hyypi,sami hyypi sascha lewandowski,bayerleverkusen,Sacked,sami hyypi,2014-04-05,,,False,True,False,False,False,external,review,default_external_needs_review,Leverkusen,True,2013-08-10,2014-05-10,34.0,False,True,False,False
Bayer Leverkusen,Sami Hyypiä,Sacked,5 April 2014,4th,Sascha Lewandowski (caretaker),5 April 2014,bundesliga,2013/14,2013–14 Bundesliga,https://en.wikipedia.org/wiki/2013%E2%80%9314_Bundesliga,wikipedia,2014-04-05,2014-04-05,True,False,sacked,sascha lewandowski,sami hyypi,bayerleverkusen,,,,sami hyypi,False,False,False,False,False,False,caretaker,high,caretaker_flag_or_short_spell,Leverkusen,True,2013-08-10,2014-05-10,34.0,True,False,True,False
Bayern Munich,Jupp Heynckes,Retirement,26 June 2013,Pre-season,Pep Guardiola,26 June 2013,bundesliga,2013/14,2013–14 Bundesliga,https://en.wikipedia.org/wiki/2013%E2%80%9314_Bundesliga,wikipedia,2013-06-26,2013-06-26,False,False,exclude_preseason,pep guardiola,jupp heynckes,bayernmunich,,,,,,False,False,False,False,False,external,review,default_external_needs_review,Bayern Munich,True,2013-08-09,2014-05-10,34.0,False,True,False,False
Hamburger SV,Thorsten Fink,Sacked,17 September 2013,15th,Bert van Marwijk,22 September 2013,bundesliga,2013/14,2013–14 Bundesliga,https://en.wikipedia.org/wiki/2013%E2%80%9314_Bundesliga,wikipedia,2013-09-17,2013-09-22,False,False,sacked,bert van marwijk,thorsten fink,hamburger,Sacked,bert van marwijk,2014-02-15,,,False,True,False,True,False,external,manual,former Netherlands coach signed a two-year deal as Fink's permanent successor,Hamburg,True,2013-08-11,2014-05-10,34.0,True,False,True,False
Hamburger SV,Bert van Marwijk,Sacked,15 February 2014,17th,Mirko Slomka,17 February 2014,bundesliga,2013/14,2013–14 Bundesliga,https://en.wikipedia.org/wiki/2013%E2%80%9314_Bundesliga,wikipedia,2014-02-15,2014-02-17,False,False,sacked,mirko slomka,bert van marwijk,hamburger,,,,bert van marwijk,False,False,False,False,True,True,external,high,arrived_from_other_club_in_sample,Hamburg,True,2013-08-11,2014-05-10,34.0,True,False,True,False
Hannover 96,Mirko Slomka,Sacked,27 December 2013,13th,Tayfun Korkut,31 December 2013,bundesliga,2013/14,2013–14 Bundesliga,https://en.wikipedia.org/wiki/2013%E2%80%9314_Bundesliga,wikipedia,2013-12-27,2013-12-31,False,False,sacked,tayfun korkut,mirko slomka,hannover96,,,,,,False,False,False,True,False,external,manual,left Turkey assistant role to sign as head coach until June 2016,Hannover,True,2013-08-10,2014-05-10,34.0,True,False,True,False
1. FC Nürnberg,Michael Wiesinger,Sacked,7 October 2013,16th,Gertjan Verbeek,22 October 2013,bundesliga,2013/14,2013–14 Bundesliga,https://en.wikipedia.org/wiki/2013%E2%80%9314_Bundesliga,wikipedia,2013-10-07,2013-10-22,False,False,sacked,gertjan verbeek,michael wiesinger,nurnberg,Sacked,gertjan verbeek,2014-04-23,,,False,True,False,False,False,external,manual,hired from AZ Alkmaar on a deal through June 2015 after a two-week search; Prinzen was interim,Nurnberg,True,2013-08-10,2014-05-10,34.0,True,False,True,False
1. FC Nürnberg,Gertjan Verbeek,Sacked,23 April 2014,17th,Roger Prinzen,23 April 2014,bundesliga,2013/14,2013–14 Bundesliga,https://en.wikipedia.org/wiki/2013%E2%80%9314_Bundesliga,wikipedia,2014-04-23,2014-04-23,False,False,sacked,roger prinzen,gertjan verbeek,nurnberg,,,,gertjan verbeek,False,False,False,False,False,False,caretaker,manual,U23 coach named Interimscoach for the remaining matchdays after Verbeek's sacking.,Nurnberg,True,2013-08-10,2014-05-10,34.0,True,False,True,False
VfB Stuttgart,Bruno Labbadia,Sacked,26 August 2013,17th,Thomas Schneider,26 August 2013,bundesliga,2013/14,2013–14 Bundesliga,https://en.wikipedia.org/wiki/2013%E2%80%9314_Bundesliga,wikipedia,2013-08-26,2013-08-26,False,False,sacked,thomas schneider,bruno labbadia,stuttgart,Sacked,thomas schneider,2014-03-09,,,False,True,False,True,False,internal,manual,U17 coach promoted to first-team head coach on a two-year contract,Stuttgart,True,2013-08-11,2014-05-10,34.0,True,False,True,False
VfB Stuttgart,Thomas Schneider,Sacked,9 March 2014,15th,Huub Stevens,9 March 2014,bundesliga,2013/14,2013–14 Bundesliga,https://en.wikipedia.org/wiki/2013%E2%80%9314_Bundesliga,wikipedia,2014-03-09,2014-03-09,False,False,sacked,huub stevens,thomas schneider,stuttgart,,,,thomas schneider,False,False,False,True,True,False,caretaker,high,caretaker_flag_or_short_spell,Stuttgart,True,2013-08-11,2014-05-10,34.0,True,False,True,False
Werder Bremen,Thomas Schaaf,Mutual consent,15 May 2013,14th (2012–13),Robin Dutt,27 May 2013,bundesliga,2013/14,2013–14 Bundesliga,https://en.wikipedia.org/wiki/2013%E2%80%9314_Bundesliga,wikipedia,2013-05-15,2013-05-27,False,False,mutual_consent,robin dutt,thomas schaaf,werderbremen,,,,,,False,False,False,False,False,external,review,default_external_needs_review,Werder Bremen,True,2013-08-10,2014-05-10,34.0,False,False,False,False
Bayer Leverkusen,Sascha Lewandowski,End of caretaker assignment,,Pre–season,Roger Schmidt,,bundesliga,2014/15,2014–15 Bundesliga,https://en.wikipedia.org/wiki/2014%E2%80%9315_Bundesliga,wikipedia,,,False,False,exclude_end_caretaker,roger schmidt,sascha lewandowski,bayerleverkusen,,,,,,False,False,False,False,False,external,review,default_external_needs_review,Leverkusen,True,2014-08-23,2015-05-23,34.0,False,False,False,False
Eintracht Frankfurt,Armin Veh,End of contract,,Pre–season,Thomas Schaaf,,bundesliga,2014/15,2014–15 Bundesliga,https://en.wikipedia.org/wiki/2014%E2%80%9315_Bundesliga,wikipedia,,,False,False,exclude_end_of_contract,thomas schaaf,armin veh,eintrachtfrankfurt,,,,,,False,False,False,False,False,external,review,default_external_needs_review,Ein Frankfurt,True,2014-08-23,2015-05-23,34.0,False,False,False,False
Hamburger SV,Mirko Slomka,Sacked,,18th,Josef Zinnbauer,,bundesliga,2014/15,2014–15 Bundesliga,https://en.wikipedia.org/wiki/2014%E2%80%9315_Bundesliga,wikipedia,,,False,False,sacked,josef zinnbauer,mirko slomka,hamburger,Sacked,josef zinnbauer,,,,False,True,False,True,False,external,review,default_external_needs_review,Hamburg,True,2014-08-23,2015-05-23,34.0,False,False,False,False
Hamburger SV,Josef Zinnbauer,Sacked,,16th,Bruno Labbadia,,bundesliga,2014/15,2014–15 Bundesliga,https://en.wikipedia.org/wiki/2014%E2%80%9315_Bundesliga,wikipedia,,,False,False,sacked,bruno labbadia,josef zinnbauer,hamburger,,,,josef zinnbauer,False,False,False,True,True,False,caretaker,high,caretaker_flag_or_short_spell,Hamburg,True,2014-08-23,2015-05-23,34.0,False,False,False,False
Hannover 96,Tayfun Korkut,Sacked,,15th,Michael Frontzeck,,bundesliga,2014/15,2014–15 Bundesliga,https://en.wikipedia.org/wiki/2014%E2%80%9315_Bundesliga,wikipedia,,,False,False,sacked,michael frontzeck,tayfun korkut,hannover96,,,,,,False,False,False,True,False,external,review,default_external_needs_review,Hannover,True,2014-08-23,2015-05-23,34.0,False,False,False,False
Hertha BSC,Jos Luhukay,Sacked,,17th,Pál Dárdai,,bundesliga,2014/15,2014–15 Bundesliga,https://en.wikipedia.org/wiki/2014%E2%80%9315_Bundesliga,wikipedia,,,False,False,sacked,p l d rdai,jos luhukay,hertha,,,,,,False,False,False,True,False,external,review,default_external_needs_review,Hertha,True,2014-08-23,2015-05-23,34.0,False,False,False,False
Mainz 05,Thomas Tuchel,Stepped down,,Pre–season,Kasper Hjulmand,,bundesliga,2014/15,2014–15 Bundesliga,https://en.wikipedia.org/wiki/2014%E2%80%9315_Bundesliga,wikipedia,,,False,False,review,kasper hjulmand,thomas tuchel,mainz05,Sacked,kasper hjulmand,,,,False,True,False,False,False,external,review,default_external_needs_review,Mainz,True,2014-08-24,2015-05-23,34.0,False,False,False,False
Mainz 05,Kasper Hjulmand,Sacked,,14th,Martin Schmidt,,bundesliga,2014/15,2014–15 Bundesliga,https://en.wikipedia.org/wiki/2014%E2%80%9315_Bundesliga,wikipedia,,,False,False,sacked,martin schmidt,kasper hjulmand,mainz05,,,,kasper hjulmand,False,False,False,False,False,False,external,review,default_external_needs_review,Mainz,True,2014-08-24,2015-05-23,34.0,False,False,False,False
Schalke 04,Jens Keller,Sacked,,11th,Roberto Di Matteo,,bundesliga,2014/15,2014–15 Bundesliga,https://en.wikipedia.org/wiki/2014%E2%80%9315_Bundesliga,wikipedia,,,False,False,sacked,roberto di matteo,jens keller,schalke04,,,,,,False,False,False,True,False,external,review,default_external_needs_review,Schalke 04,True,2014-08-23,2015-05-23,34.0,False,False,False,False
VfB Stuttgart,Huub Stevens,End of contract,,Pre–season,Armin Veh,,bundesliga,2014/15,2014–15 Bundesliga,https://en.wikipedia.org/wiki/2014%E2%80%9315_Bundesliga,wikipedia,,,False,False,exclude_end_of_contract,armin veh,huub stevens,stuttgart,Resigned,armin veh,,,,False,True,False,True,False,external,review,default_external_needs_review,Stuttgart,True,2014-08-24,2015-05-23,34.0,False,False,False,False
VfB Stuttgart,Armin Veh,Resigned,,18th,Huub Stevens,,bundesliga,2014/15,2014–15 Bundesliga,https://en.wikipedia.org/wiki/2014%E2%80%9315_Bundesliga,wikipedia,,,False,False,exclude_resigned,huub stevens,armin veh,stuttgart,,,,armin veh,False,False,False,True,True,False,caretaker,high,caretaker_flag_or_short_spell,Stuttgart,True,2014-08-24,2015-05-23,34.0,False,False,False,False
Werder Bremen,Robin Dutt,Sacked,,18th,Viktor Skrypnyk,,bundesliga,2014/15,2014–15 Bundesliga,https://en.wikipedia.org/wiki/2014%E2%80%9315_Bundesliga,wikipedia,,,False,False,sacked,viktor skrypnyk,robin dutt,werderbremen,,,,,,False,False,False,True,False,external,review,default_external_needs_review,Werder Bremen,True,2014-08-23,2015-05-23,34.0,False,False,False,False
1899 Hoffenheim,Markus Gisdol,Sacked,26 October 2015,17th,Huub Stevens,26 October 2015,bundesliga,2015/16,2015–16 Bundesliga,https://en.wikipedia.org/wiki/2015%E2%80%9316_Bundesliga,wikipedia,2015-10-26,2015-10-26,False,False,sacked,huub stevens,markus gisdol,1899hoffenheim,Resigned,huub stevens,2016-02-10,,,False,True,True,True,True,caretaker,high,caretaker_flag_or_short_spell,Hoffenheim,True,2015-08-15,2016-05-14,34.0,True,False,True,False
1899 Hoffenheim,Huub Stevens,Resigned,10 February 2016,17th,Julian Nagelsmann,11 February 2016,bundesliga,2015/16,2015–16 Bundesliga,https://en.wikipedia.org/wiki/2015%E2%80%9316_Bundesliga,wikipedia,2016-02-10,2016-02-11,False,False,exclude_resigned,julian nagelsmann,huub stevens,1899hoffenheim,,,,huub stevens,False,False,False,False,True,False,external,review,default_external_needs_review,Hoffenheim,True,2015-08-15,2016-05-14,34.0,True,False,False,False
Borussia Dortmund,Jürgen Klopp,Resigned,15 April 2015,Pre-season,Thomas Tuchel,19 April 2015,bundesliga,2015/16,2015–16 Bundesliga,https://en.wikipedia.org/wiki/2015%E2%80%9316_Bundesliga,wikipedia,2015-04-15,2015-04-19,False,False,exclude_preseason,thomas tuchel,j rgen klopp,borussiadortmund,,,,,,False,False,False,False,False,external,review,default_external_needs_review,Dortmund,True,2015-08-15,2016-05-14,34.0,False,True,False,False
Borussia Mönchengladbach,Lucien Favre,Resigned,20 September 2015,18th,André Schubert,21 September 2015,bundesliga,2015/16,2015–16 Bundesliga,https://en.wikipedia.org/wiki/2015%E2%80%9316_Bundesliga,wikipedia,2015-09-20,2015-09-21,False,False,exclude_resigned,andr schubert,lucien favre,borussiamonchengladbach,,,,,,False,False,True,True,False,caretaker,high,caretaker_flag_or_short_spell,M'gladbach,True,2015-08-15,2016-05-14,34.0,True,False,False,False
Eintracht Frankfurt,Thomas Schaaf,Resigned,26 May 2015,Pre-season,Armin Veh,14 June 2015,bundesliga,2015/16,2015–16 Bundesliga,https://en.wikipedia.org/wiki/2015%E2%80%9316_Bundesliga,wikipedia,2015-05-26,2015-06-14,False,False,exclude_preseason,armin veh,thomas schaaf,eintrachtfrankfurt,Sacked,armin veh,2016-03-06,,,False,True,False,False,False,external,review,default_external_needs_review,Ein Frankfurt,True,2015-08-16,2016-05-14,34.0,False,True,False,False
Eintracht Frankfurt,Armin Veh,Sacked,6 March 2016,16th,Niko Kovač,8 March 2016,bundesliga,2015/16,2015–16 Bundesliga,https://en.wikipedia.org/wiki/2015%E2%80%9316_Bundesliga,wikipedia,2016-03-06,2016-03-08,False,False,sacked,niko kova,armin veh,eintrachtfrankfurt,,,,armin veh,False,False,False,False,True,False,external,manual,"Former Croatia manager hired as new head coach on a deal through 2017, not labelled interim.",Ein Frankfurt,True,2015-08-16,2016-05-14,34.0,True,False,True,False
Hannover 96,Michael Frontzeck,Resigned,21 December 2015,17th,Thomas Schaaf,28 December 2015,bundesliga,2015/16,2015–16 Bundesliga,https://en.wikipedia.org/wiki/2015%E2%80%9316_Bundesliga,wikipedia,2015-12-21,2015-12-28,False,False,exclude_resigned,thomas schaaf,michael frontzeck,hannover96,Sacked,thomas schaaf,2016-04-03,,,False,True,False,True,False,external,review,default_external_needs_review,Hannover,True,2015-08-15,2016-05-14,34.0,True,False,False,False
Hannover 96,Thomas Schaaf,Sacked,3 April 2016,18th,Daniel Stendel,3 April 2016,bundesliga,2015/16,2015–16 Bundesliga,https://en.wikipedia.org/wiki/2015%E2%80%9316_Bundesliga,wikipedia,2016-04-03,2016-04-03,False,False,sacked,daniel stendel,thomas schaaf,hannover96,,,,thomas schaaf,False,False,False,True,True,False,caretaker,high,caretaker_flag_or_short_spell,Hannover,True,2015-08-15,2016-05-14,34.0,True,False,True,False
Schalke 04,Roberto Di Matteo,Resigned,26 May 2015,Pre-season,André Breitenreiter,12 June 2015,bundesliga,2015/16,2015–16 Bundesliga,https://en.wikipedia.org/wiki/2015%E2%80%9316_Bundesliga,wikipedia,2015-05-26,2015-06-12,False,False,exclude_preseason,andr breitenreiter,roberto di matteo,schalke04,,,,,,False,False,False,False,False,external,review,default_external_needs_review,Schalke 04,True,2015-08-15,2016-05-14,34.0,False,True,False,False
VfB Stuttgart,Huub Stevens,End of contract,24 May 2015,Pre-season,Alexander Zorniger,25 May 2015,bundesliga,2015/16,2015–16 Bundesliga,https://en.wikipedia.org/wiki/2015%E2%80%9316_Bundesliga,wikipedia,2015-05-24,2015-05-25,False,False,exclude_preseason,alexander zorniger,huub stevens,stuttgart,Sacked,alexander zorniger,2015-11-24,,,False,True,False,False,False,external,review,default_external_needs_review,Stuttgart,True,2015-08-16,2016-05-14,34.0,False,True,False,False
VfB Stuttgart,Alexander Zorniger,Sacked,24 November 2015,16th,Jürgen Kramny,24 November 2015,bundesliga,2015/16,2015–16 Bundesliga,https://en.wikipedia.org/wiki/2015%E2%80%9316_Bundesliga,wikipedia,2015-11-24,2015-11-24,False,False,sacked,j rgen kramny,alexander zorniger,stuttgart,,,,alexander zorniger,False,False,False,True,True,False,caretaker,high,caretaker_flag_or_short_spell,Stuttgart,True,2015-08-16,2016-05-14,34.0,True,False,True,False
FC Augsburg,Markus Weinzierl,Signed for Schalke 04,24 May 2016,Pre-season,Dirk Schuster,2 June 2016,bundesliga,2016/17,2016–17 Bundesliga,https://en.wikipedia.org/wiki/2016%E2%80%9317_Bundesliga,wikipedia,2016-05-24,2016-06-02,False,False,exclude_preseason,dirk schuster,markus weinzierl,augsburg,Sacked,dirk schuster,2016-12-14,,,False,True,False,False,True,external,high,arrived_from_other_club_in_sample,Augsburg,True,2016-08-27,2017-05-20,34.0,False,True,False,False
FC Augsburg,Dirk Schuster,Sacked,14 December 2016,13th,Manuel Baum,14 December 2016,bundesliga,2016/17,2016–17 Bundesliga,https://en.wikipedia.org/wiki/2016%E2%80%9317_Bundesliga,wikipedia,2016-12-14,2016-12-14,False,False,sacked,manuel baum,dirk schuster,augsburg,,,,dirk schuster,False,False,False,True,True,False,caretaker,high,caretaker_flag_or_short_spell,Augsburg,True,2016-08-27,2017-05-20,34.0,True,False,True,False
Bayer Leverkusen,Roger Schmidt,Sacked,5 March 2017,9th,Tayfun Korkut,6 March 2017,bundesliga,2016/17,2016–17 Bundesliga,https://en.wikipedia.org/wiki/2016%E2%80%9317_Bundesliga,wikipedia,2017-03-05,2017-03-06,False,False,sacked,tayfun korkut,roger schmidt,bayerleverkusen,,,,,,False,False,False,False,False,caretaker,manual,Outsider signed only to season end as an interim solution; club planned a new coach for July.,Leverkusen,True,2016-08-27,2017-05-20,34.0,True,False,True,False
Bayern Munich,Pep Guardiola,End of contract,20 December 2015,Pre-season,Carlo Ancelotti,20 December 2015,bundesliga,2016/17,2016–17 Bundesliga,https://en.wikipedia.org/wiki/2016%E2%80%9317_Bundesliga,wikipedia,2015-12-20,2015-12-20,False,False,exclude_preseason,carlo ancelotti,pep guardiola,bayernmunich,,,,,,False,False,False,False,False,external,review,default_external_needs_review,Bayern Munich,True,2016-08-26,2017-05-20,34.0,False,True,False,False
Borussia Mönchengladbach,André Schubert,Sacked,21 December 2016,14th,Dieter Hecking,21 December 2016,bundesliga,2016/17,2016–17 Bundesliga,https://en.wikipedia.org/wiki/2016%E2%80%9317_Bundesliga,wikipedia,2016-12-21,2016-12-21,False,False,sacked,dieter hecking,andr schubert,borussiamonchengladbach,,,,,,False,False,False,True,True,external,high,arrived_from_other_club_in_sample,M'gladbach,True,2016-08-27,2017-05-20,34.0,True,False,True,False
Darmstadt 98,Dirk Schuster,Signed for FC Augsburg,2 June 2016,Pre-season,Norbert Meier,10 June 2016,bundesliga,2016/17,2016–17 Bundesliga,https://en.wikipedia.org/wiki/2016%E2%80%9317_Bundesliga,wikipedia,2016-06-02,2016-06-10,False,False,exclude_preseason,norbert meier,dirk schuster,darmstadt98,Sacked,norbert meier,2016-12-05,,,False,True,False,False,False,external,review,default_external_needs_review,Darmstadt,True,2016-08-27,2017-05-20,34.0,False,True,False,False
Darmstadt 98,Norbert Meier,Sacked,5 December 2016,16th,Torsten Frings,27 December 2016,bundesliga,2016/17,2016–17 Bundesliga,https://en.wikipedia.org/wiki/2016%E2%80%9317_Bundesliga,wikipedia,2016-12-05,2016-12-27,False,False,sacked,torsten frings,norbert meier,darmstadt98,,,,norbert meier,False,False,False,True,True,False,caretaker,high,caretaker_flag_or_short_spell,Darmstadt,True,2016-08-27,2017-05-20,34.0,True,False,True,False
Hamburger SV,Bruno Labbadia,Sacked,25 September 2016,16th,Markus Gisdol,25 September 2016,bundesliga,2016/17,2016–17 Bundesliga,https://en.wikipedia.org/wiki/2016%E2%80%9317_Bundesliga,wikipedia,2016-09-25,2016-09-25,False,False,sacked,markus gisdol,bruno labbadia,hamburger,,,,,,False,False,False,True,False,external,manual,Hired from outside as new head coach; short deal to June 2017 was at his own wish.,Hamburg,True,2016-08-27,2017-05-20,34.0,True,False,True,False
FC Ingolstadt,Ralph Hasenhüttl,Signed for RB Leipzig,6 May 2016,Pre-season,Markus Kauczinski,6 May 2016,bundesliga,2016/17,2016–17 Bundesliga,https://en.wikipedia.org/wiki/2016%E2%80%9317_Bundesliga,wikipedia,2016-05-06,2016-05-06,False,False,exclude_preseason,markus kauczinski,ralph hasenh ttl,ingolstadt,Sacked,markus kauczinski,2016-11-06,,,False,True,False,False,False,external,review,default_external_needs_review,Ingolstadt,True,2016-08-27,2017-05-20,34.0,False,True,False,False
FC Ingolstadt,Markus Kauczinski,Sacked,6 November 2016,17th,Maik Walpurgis,12 November 2016,bundesliga,2016/17,2016–17 Bundesliga,https://en.wikipedia.org/wiki/2016%E2%80%9317_Bundesliga,wikipedia,2016-11-06,2016-11-12,False,False,sacked,maik walpurgis,markus kauczinski,ingolstadt,,,,markus kauczinski,False,False,False,False,False,False,external,manual,Former Osnabruck coach hired as permanent Cheftrainer on a contract to summer 2018.,Ingolstadt,True,2016-08-27,2017-05-20,34.0,True,False,True,False
RB Leipzig,Ralf Rangnick,Appointed as sporting director,6 May 2016,Pre-season,Ralph Hasenhüttl,6 May 2016,bundesliga,2016/17,2016–17 Bundesliga,https://en.wikipedia.org/wiki/2016%E2%80%9317_Bundesliga,wikipedia,2016-05-06,2016-05-06,False,False,exclude_preseason,ralph hasenh ttl,ralf rangnick,rbleipzig,,,,,,False,False,False,False,True,external,high,arrived_from_other_club_in_sample,RB Leipzig,True,2016-08-28,2017-05-20,34.0,False,True,False,False
Schalke 04,André Breitenreiter,Sacked,14 May 2016,Pre-season,Markus Weinzierl,2 June 2016,bundesliga,2016/17,2016–17 Bundesliga,https://en.wikipedia.org/wiki/2016%E2%80%9317_Bundesliga,wikipedia,2016-05-14,2016-06-02,False,False,exclude_preseason,markus weinzierl,andr breitenreiter,schalke04,,,,,,False,False,False,False,True,external,high,arrived_from_other_club_in_sample,Schalke 04,True,2016-08-27,2017-05-20,34.0,False,True,False,False
Werder Bremen,Viktor Skrypnyk,Sacked,18 September 2016,18th,Alexander Nouri,18 September 2016,bundesliga,2016/17,2016–17 Bundesliga,https://en.wikipedia.org/wiki/2016%E2%80%9317_Bundesliga,wikipedia,2016-09-18,2016-09-18,False,False,sacked,alexander nouri,viktor skrypnyk,werderbremen,,,,,,False,False,True,True,False,caretaker,high,caretaker_flag_or_short_spell,Werder Bremen,True,2016-08-26,2017-05-20,34.0,True,False,True,False
VfL Wolfsburg,Dieter Hecking,Sacked,17 October 2016,14th,Valérien Ismaël,17 October 2016,bundesliga,2016/17,2016–17 Bundesliga,https://en.wikipedia.org/wiki/2016%E2%80%9317_Bundesliga,wikipedia,2016-10-17,2016-10-17,False,False,sacked,val rien isma l,dieter hecking,wolfsburg,Sacked,val rien isma l,2017-02-26,,,False,True,True,True,False,caretaker,high,caretaker_flag_or_short_spell,Wolfsburg,True,2016-08-27,2017-05-20,34.0,True,False,True,False
VfL Wolfsburg,Valérien Ismaël,Sacked,26 February 2017,14th,Andries Jonker,27 February 2017,bundesliga,2016/17,2016–17 Bundesliga,https://en.wikipedia.org/wiki/2016%E2%80%9317_Bundesliga,wikipedia,2017-02-26,2017-02-27,False,False,sacked,andries jonker,val rien isma l,wolfsburg,,,,val rien isma l,False,False,False,False,True,False,external,manual,Arsenal academy manager signed as new head coach until 2018; earlier Wolfsburg assistant spell had ended.,Wolfsburg,True,2016-08-27,2017-05-20,34.0,True,False,True,False
Bayer Leverkusen,Tayfun Korkut,End of contract,13 May 2017,Pre-season,Heiko Herrlich,9 June 2017,bundesliga,2017/18,2017–18 Bundesliga,https://en.wikipedia.org/wiki/2017%E2%80%9318_Bundesliga,wikipedia,2017-05-13,2017-06-09,False,False,exclude_preseason,heiko herrlich,tayfun korkut,bayerleverkusen,,,,,,False,False,False,False,False,external,review,default_external_needs_review,Leverkusen,True,2017-08-18,2018-05-12,34.0,False,True,False,False
Bayern Munich,Carlo Ancelotti,Sacked,28 September 2017,3rd,Willy Sagnol (interim),28 September 2017,bundesliga,2017/18,2017–18 Bundesliga,https://en.wikipedia.org/wiki/2017%E2%80%9318_Bundesliga,wikipedia,2017-09-28,2017-09-28,True,False,sacked,willy sagnol,carlo ancelotti,bayernmunich,End of caretaker spell,willy sagnol,2017-10-06,,,True,True,False,True,False,caretaker,high,caretaker_flag_or_short_spell,Bayern Munich,True,2017-08-18,2018-05-12,34.0,True,False,True,False
Bayern Munich,Willy Sagnol (interim),End of caretaker spell,6 October 2017,2nd,Jupp Heynckes,6 October 2017,bundesliga,2017/18,2017–18 Bundesliga,https://en.wikipedia.org/wiki/2017%E2%80%9318_Bundesliga,wikipedia,2017-10-06,2017-10-06,False,True,exclude_end_caretaker,jupp heynckes,willy sagnol,bayernmunich,,,,willy sagnol,True,False,False,False,True,False,external,review,default_external_needs_review,Bayern Munich,True,2017-08-18,2018-05-12,34.0,True,False,False,False
Borussia Dortmund,Thomas Tuchel,Sacked,30 May 2017,Pre-season,Peter Bosz,6 June 2017,bundesliga,2017/18,2017–18 Bundesliga,https://en.wikipedia.org/wiki/2017%E2%80%9318_Bundesliga,wikipedia,2017-05-30,2017-06-06,False,False,exclude_preseason,peter bosz,thomas tuchel,borussiadortmund,Sacked,peter bosz,2017-12-10,,,False,True,False,False,False,external,review,default_external_needs_review,Dortmund,True,2017-08-19,2018-05-12,34.0,False,True,False,False
Borussia Dortmund,Peter Bosz,Sacked,10 December 2017,7th,Peter Stöger,10 December 2017,bundesliga,2017/18,2017–18 Bundesliga,https://en.wikipedia.org/wiki/2017%E2%80%9318_Bundesliga,wikipedia,2017-12-10,2017-12-10,False,False,sacked,peter st ger,peter bosz,borussiadortmund,,,,peter bosz,False,False,False,False,True,True,external,high,arrived_from_other_club_in_sample,Dortmund,True,2017-08-19,2018-05-12,34.0,True,False,True,False
Hamburger SV,Markus Gisdol,Sacked,21 January 2018,17th,Bernd Hollerbach,22 January 2018,bundesliga,2017/18,2017–18 Bundesliga,https://en.wikipedia.org/wiki/2017%E2%80%9318_Bundesliga,wikipedia,2018-01-21,2018-01-22,False,False,sacked,bernd hollerbach,markus gisdol,hamburger,Sacked,bernd hollerbach,2018-03-12,,,False,True,False,True,False,external,manual,"Hired from Wurzburg as new head coach on a contract to June 2019, not caretaker.",Hamburg,True,2017-08-19,2018-05-12,34.0,True,False,True,False
Hamburger SV,Bernd Hollerbach,Sacked,12 March 2018,17th,Christian Titz,12 March 2018,bundesliga,2017/18,2017–18 Bundesliga,https://en.wikipedia.org/wiki/2017%E2%80%9318_Bundesliga,wikipedia,2018-03-12,2018-03-12,False,False,sacked,christian titz,bernd hollerbach,hamburger,,,,bernd hollerbach,False,False,False,False,True,False,caretaker,manual,HSV U21 coach appointed to first team provisionally until season end; later made permanent.,Hamburg,True,2017-08-19,2018-05-12,34.0,True,False,True,False
1. FC Köln,Peter Stöger,Sacked,3 December 2017,18th,Stefan Ruthenbeck,3 December 2017,bundesliga,2017/18,2017–18 Bundesliga,https://en.wikipedia.org/wiki/2017%E2%80%9318_Bundesliga,wikipedia,2017-12-03,2017-12-03,False,False,sacked,stefan ruthenbeck,peter st ger,koln,,,,,,False,False,True,True,False,caretaker,high,caretaker_flag_or_short_spell,FC Koln,True,2017-08-20,2018-05-12,34.0,True,False,True,False
Mainz 05,Martin Schmidt,Sacked,22 May 2017,Pre-season,Sandro Schwarz,31 May 2017,bundesliga,2017/18,2017–18 Bundesliga,https://en.wikipedia.org/wiki/2017%E2%80%9318_Bundesliga,wikipedia,2017-05-22,2017-05-31,False,False,exclude_preseason,sandro schwarz,martin schmidt,mainz05,,,,,,False,False,False,False,False,external,review,default_external_needs_review,Mainz,True,2017-08-19,2018-05-12,34.0,False,True,False,False
Schalke 04,Markus Weinzierl,Sacked,9 June 2017,Pre-season,Domenico Tedesco,9 June 2017,bundesliga,2017/18,2017–18 Bundesliga,https://en.wikipedia.org/wiki/2017%E2%80%9318_Bundesliga,wikipedia,2017-06-09,2017-06-09,False,False,exclude_preseason,domenico tedesco,markus weinzierl,schalke04,,,,,,False,False,False,False,False,external,review,default_external_needs_review,Schalke 04,True,2017-08-19,2018-05-12,34.0,False,True,False,False
VfB Stuttgart,Hannes Wolf,Sacked,28 January 2018,15th,Tayfun Korkut,29 January 2018,bundesliga,2017/18,2017–18 Bundesliga,https://en.wikipedia.org/wiki/2017%E2%80%9318_Bundesliga,wikipedia,2018-01-28,2018-01-29,False,False,sacked,tayfun korkut,hannes wolf,stuttgart,,,,,,False,False,False,True,False,external,manual,Hired from outside as new head coach on a contract until summer 2019.,Stuttgart,True,2017-08-19,2018-05-12,34.0,True,False,True,False
Werder Bremen,Alexander Nouri,Sacked,30 October 2017,17th,Florian Kohfeldt,30 October 2017,bundesliga,2017/18,2017–18 Bundesliga,https://en.wikipedia.org/wiki/2017%E2%80%9318_Bundesliga,wikipedia,2017-10-30,2017-10-30,False,False,sacked,florian kohfeldt,alexander nouri,werderbremen,,,,,,False,False,False,True,False,caretaker,manual,Werder U23 coach named interim after Nouri sacking while club still sought a permanent.,Werder Bremen,True,2017-08-19,2018-05-12,34.0,True,False,True,False
VfL Wolfsburg,Andries Jonker,Sacked,18 September 2017,14th,Martin Schmidt,18 September 2017,bundesliga,2017/18,2017–18 Bundesliga,https://en.wikipedia.org/wiki/2017%E2%80%9318_Bundesliga,wikipedia,2017-09-18,2017-09-18,False,False,sacked,martin schmidt,andries jonker,wolfsburg,Resigned,martin schmidt,2018-02-19,,,False,True,False,True,True,external,high,arrived_from_other_club_in_sample,Wolfsburg,True,2017-08-19,2018-05-12,34.0,True,False,True,False
VfL Wolfsburg,Martin Schmidt,Resigned,19 February 2018,14th,Bruno Labbadia,20 February 2018,bundesliga,2017/18,2017–18 Bundesliga,https://en.wikipedia.org/wiki/2017%E2%80%9318_Bundesliga,wikipedia,2018-02-19,2018-02-20,False,False,exclude_resigned,bruno labbadia,martin schmidt,wolfsburg,,,,martin schmidt,False,False,False,False,True,False,external,review,default_external_needs_review,Wolfsburg,True,2017-08-19,2018-05-12,34.0,True,False,False,False
FC Augsburg,Manuel Baum,Sacked,9 April 2019,15th,Martin Schmidt,9 April 2019,bundesliga,2018/19,2018–19 Bundesliga,https://en.wikipedia.org/wiki/2018%E2%80%9319_Bundesliga,wikipedia,2019-04-09,2019-04-09,False,False,sacked,martin schmidt,manuel baum,augsburg,,,,,,False,False,False,True,False,external,manual,"Former Mainz/Wolfsburg manager hired as new head coach on a contract to 2020, not just the last six games.",Augsburg,True,2018-08-25,2019-05-18,34.0,True,False,True,False
Bayer Leverkusen,Heiko Herrlich,Sacked,23 December 2018,9th,Peter Bosz,23 December 2018,bundesliga,2018/19,2018–19 Bundesliga,https://en.wikipedia.org/wiki/2018%E2%80%9319_Bundesliga,wikipedia,2018-12-23,2018-12-23,False,False,sacked,peter bosz,heiko herrlich,bayerleverkusen,,,,,,False,False,False,False,False,external,manual,club signed unemployed Bosz as permanent head coach to June 2020 after sacking Herrlich,Leverkusen,True,2018-08-25,2019-05-18,34.0,True,False,True,False
Bayern Munich,Jupp Heynckes,End of contract,13 April 2018,Pre-season,Niko Kovač,13 April 2018,bundesliga,2018/19,2018–19 Bundesliga,https://en.wikipedia.org/wiki/2018%E2%80%9319_Bundesliga,wikipedia,2018-04-13,2018-04-13,False,False,exclude_preseason,niko kova,jupp heynckes,bayernmunich,,,,,,False,False,False,False,True,external,high,arrived_from_other_club_in_sample,Bayern Munich,True,2018-08-24,2019-05-18,34.0,False,True,False,False
Borussia Dortmund,Peter Stöger,End of contract,12 May 2018,Pre-season,Lucien Favre,22 May 2018,bundesliga,2018/19,2018–19 Bundesliga,https://en.wikipedia.org/wiki/2018%E2%80%9319_Bundesliga,wikipedia,2018-05-12,2018-05-22,False,False,exclude_preseason,lucien favre,peter st ger,borussiadortmund,,,,,,False,False,False,False,True,external,high,arrived_from_other_club_in_sample,Dortmund,True,2018-08-26,2019-05-18,34.0,False,True,False,False
Eintracht Frankfurt,Niko Kovač,Signed for Bayern Munich,13 April 2018,Pre-season,Adi Hütter,16 May 2018,bundesliga,2018/19,2018–19 Bundesliga,https://en.wikipedia.org/wiki/2018%E2%80%9319_Bundesliga,wikipedia,2018-04-13,2018-05-16,False,False,exclude_preseason,adi h tter,niko kova,eintrachtfrankfurt,,,,,,False,False,False,False,False,external,review,default_external_needs_review,Ein Frankfurt,True,2018-08-25,2019-05-18,34.0,False,True,False,False
Hannover 96,André Breitenreiter,Sacked,27 January 2019,17th,Thomas Doll,27 January 2019,bundesliga,2018/19,2018–19 Bundesliga,https://en.wikipedia.org/wiki/2018%E2%80%9319_Bundesliga,wikipedia,2019-01-27,2019-01-27,False,False,sacked,thomas doll,andr breitenreiter,hannover96,,,,,,False,False,False,True,False,external,manual,club appointed Doll from outside on a contract until June 2020 as new head coach,Hannover,True,2018-08-25,2019-05-18,34.0,True,False,True,False
1. FC Nürnberg,Michael Köllner,Sacked,12 February 2019,18th,Boris Schommers (interim),12 February 2019,bundesliga,2018/19,2018–19 Bundesliga,https://en.wikipedia.org/wiki/2018%E2%80%9319_Bundesliga,wikipedia,2019-02-12,2019-02-12,True,False,sacked,boris schommers,michael k llner,nurnberg,,,,,,False,False,False,False,False,caretaker,high,caretaker_flag_or_short_spell,Nurnberg,True,2018-08-25,2019-05-18,34.0,True,False,True,False
RB Leipzig,Ralph Hasenhüttl,Resigned,16 May 2018,Pre-season,Ralf Rangnick,9 July 2018,bundesliga,2018/19,2018–19 Bundesliga,https://en.wikipedia.org/wiki/2018%E2%80%9319_Bundesliga,wikipedia,2018-05-16,2018-07-09,False,False,exclude_preseason,ralf rangnick,ralph hasenh ttl,rbleipzig,,,,,,False,False,False,False,False,external,review,default_external_needs_review,RB Leipzig,True,2018-08-26,2019-05-18,34.0,False,True,False,False
Schalke 04,Domenico Tedesco,Sacked,14 March 2019,14th,Huub Stevens (interim),14 March 2019,bundesliga,2018/19,2018–19 Bundesliga,https://en.wikipedia.org/wiki/2018%E2%80%9319_Bundesliga,wikipedia,2019-03-14,2019-03-14,True,False,sacked,huub stevens,domenico tedesco,schalke04,,,,,,False,False,True,True,False,caretaker,high,caretaker_flag_or_short_spell,Schalke 04,True,2018-08-25,2019-05-18,34.0,True,False,True,False
VfB Stuttgart,Tayfun Korkut,Sacked,7 October 2018,18th,Markus Weinzierl,9 October 2018,bundesliga,2018/19,2018–19 Bundesliga,https://en.wikipedia.org/wiki/2018%E2%80%9319_Bundesliga,wikipedia,2018-10-07,2018-10-09,False,False,sacked,markus weinzierl,tayfun korkut,stuttgart,Sacked,markus weinzierl,2019-04-20,,,False,True,False,True,False,external,manual,club signed unemployed Weinzierl as new head coach on a contract until June 2020,Stuttgart,True,2018-08-26,2019-05-18,34.0,True,False,True,False
VfB Stuttgart,Markus Weinzierl,Sacked,20 April 2019,16th,Nico Willig (interim),20 April 2019,bundesliga,2018/19,2018–19 Bundesliga,https://en.wikipedia.org/wiki/2018%E2%80%9319_Bundesliga,wikipedia,2019-04-20,2019-04-20,True,False,sacked,nico willig,markus weinzierl,stuttgart,,,,markus weinzierl,False,False,False,True,True,False,caretaker,high,caretaker_flag_or_short_spell,Stuttgart,True,2018-08-26,2019-05-18,34.0,True,False,True,False
1899 Hoffenheim,Julian Nagelsmann,Signed for RB Leipzig,21 June 2018,Pre-season,Alfred Schreuder,19 March 2019,bundesliga,2019/20,2019–20 Bundesliga,https://en.wikipedia.org/wiki/2019%E2%80%9320_Bundesliga,wikipedia,2018-06-21,2019-03-19,False,False,exclude_preseason,alfred schreuder,julian nagelsmann,1899hoffenheim,Mutual consent,alfred schreuder,2020-06-09,,,False,True,False,False,False,external,review,default_external_needs_review,Hoffenheim,True,2019-08-18,2020-06-27,34.0,False,True,False,False
1899 Hoffenheim,Alfred Schreuder,Mutual consent,9 June 2020,7th,Matthias Kaltenbach / Marcel Rapp / Kai Herdling (interim),9 June 2020,bundesliga,2019/20,2019–20 Bundesliga,https://en.wikipedia.org/wiki/2019%E2%80%9320_Bundesliga,wikipedia,2020-06-09,2020-06-09,True,False,mutual_consent,matthias kaltenbach marcel rapp kai herdling,alfred schreuder,1899hoffenheim,,,,alfred schreuder,False,False,False,True,True,False,caretaker,high,caretaker_flag_or_short_spell,Hoffenheim,True,2019-08-18,2020-06-27,34.0,True,False,False,True
FC Augsburg,Martin Schmidt,Sacked,9 March 2020,14th,Heiko Herrlich,10 March 2020,bundesliga,2019/20,2019–20 Bundesliga,https://en.wikipedia.org/wiki/2019%E2%80%9320_Bundesliga,wikipedia,2020-03-09,2020-03-10,False,False,sacked,heiko herrlich,martin schmidt,augsburg,,,,,,False,False,False,True,False,external,manual,club appointed unemployed Herrlich as new head coach on a contract until June 2022,Augsburg,True,2019-08-17,2020-06-27,34.0,True,False,True,False
Bayern Munich,Niko Kovač,Mutual consent,3 November 2019,4th,Hansi Flick,3 November 2019,bundesliga,2019/20,2019–20 Bundesliga,https://en.wikipedia.org/wiki/2019%E2%80%9320_Bundesliga,wikipedia,2019-11-03,2019-11-03,False,False,mutual_consent,hansi flick,niko kova,bayernmunich,,,,,,False,False,False,True,False,caretaker,manual,Club said Co-Trainer Flick would take the team bis auf weiteres; later confirmed permanent after an interim spell.,Bayern Munich,True,2019-08-16,2020-06-27,34.0,True,False,False,True
Borussia Mönchengladbach,Dieter Hecking,Sacked,2 April 2019,Pre-season,Marco Rose,10 April 2019,bundesliga,2019/20,2019–20 Bundesliga,https://en.wikipedia.org/wiki/2019%E2%80%9320_Bundesliga,wikipedia,2019-04-02,2019-04-10,False,False,exclude_preseason,marco rose,dieter hecking,borussiamonchengladbach,,,,,,False,False,False,False,False,external,review,default_external_needs_review,M'gladbach,True,2019-08-17,2020-06-27,34.0,False,True,False,False
Fortuna Düsseldorf,Friedhelm Funkel,Sacked,29 January 2020,18th,Uwe Rösler,29 January 2020,bundesliga,2019/20,2019–20 Bundesliga,https://en.wikipedia.org/wiki/2019%E2%80%9320_Bundesliga,wikipedia,2020-01-29,2020-01-29,False,False,sacked,uwe r sler,friedhelm funkel,fortunadusseldorf,,,,,,False,False,False,True,False,external,manual,club hired Rösler from Malmö as new head coach on a deal through June 2021,Fortuna Dusseldorf,True,2019-08-17,2020-06-27,34.0,True,False,True,False
Hertha BSC,Pál Dárdai,Mutual consent,16 April 2019,Pre-season,Ante Čović,12 May 2019,bundesliga,2019/20,2019–20 Bundesliga,https://en.wikipedia.org/wiki/2019%E2%80%9320_Bundesliga,wikipedia,2019-04-16,2019-05-12,False,False,exclude_preseason,ante ovi,p l d rdai,hertha,Mutual consent,ante ovi,2019-11-27,,,False,True,False,False,False,external,review,default_external_needs_review,Hertha,True,2019-08-16,2020-06-27,34.0,False,True,False,False
Hertha BSC,Ante Čović,Mutual consent,27 November 2019,15th,Jürgen Klinsmann,27 November 2019,bundesliga,2019/20,2019–20 Bundesliga,https://en.wikipedia.org/wiki/2019%E2%80%9320_Bundesliga,wikipedia,2019-11-27,2019-11-27,False,False,mutual_consent,j rgen klinsmann,ante ovi,hertha,Resigned,j rgen klinsmann,2020-02-11,ante ovi,False,False,True,False,True,False,external,manual,"Appointed new head coach until the end of the season with no interim label; supervisory-board member, not existing coaching staff.",Hertha,True,2019-08-16,2020-06-27,34.0,True,False,False,True
Hertha BSC,Jürgen Klinsmann,Resigned,11 February 2020,14th,Alexander Nouri (interim),11 February 2020,bundesliga,2019/20,2019–20 Bundesliga,https://en.wikipedia.org/wiki/2019%E2%80%9320_Bundesliga,wikipedia,2020-02-11,2020-02-11,True,False,exclude_resigned,alexander nouri,j rgen klinsmann,hertha,End of caretaker spell,alexander nouri,2020-04-09,j rgen klinsmann,False,True,True,True,True,False,caretaker,high,caretaker_flag_or_short_spell,Hertha,True,2019-08-16,2020-06-27,34.0,True,False,False,False
Hertha BSC,Alexander Nouri (interim),End of caretaker spell,9 April 2020,14th,Bruno Labbadia,9 April 2020,bundesliga,2019/20,2019–20 Bundesliga,https://en.wikipedia.org/wiki/2019%E2%80%9320_Bundesliga,wikipedia,2020-04-09,2020-04-09,False,True,exclude_end_caretaker,bruno labbadia,alexander nouri,hertha,,,,alexander nouri,True,False,False,False,True,False,external,review,default_external_needs_review,Hertha,True,2019-08-16,2020-06-27,34.0,True,False,False,False
1. FC Köln,André Pawlak / Manfred Schmid (interim),End of caretaker spell,27 April 2019,Pre-season,Achim Beierlorzer,13 May 2019,bundesliga,2019/20,2019–20 Bundesliga,https://en.wikipedia.org/wiki/2019%E2%80%9320_Bundesliga,wikipedia,2019-04-27,2019-05-13,False,True,exclude_preseason,achim beierlorzer,andr pawlak manfred schmid,koln,Sacked,achim beierlorzer,2019-11-09,,,False,True,False,False,False,external,review,default_external_needs_review,FC Koln,True,2019-08-17,2020-06-27,34.0,False,True,False,False
1. FC Köln,Achim Beierlorzer,Sacked,9 November 2019,17th,Markus Gisdol,18 November 2019,bundesliga,2019/20,2019–20 Bundesliga,https://en.wikipedia.org/wiki/2019%E2%80%9320_Bundesliga,wikipedia,2019-11-09,2019-11-18,False,False,sacked,markus gisdol,achim beierlorzer,koln,,,,achim beierlorzer,False,False,False,False,True,False,external,manual,club signed unemployed Gisdol as new head coach on a contract until June 2021,FC Koln,True,2019-08-17,2020-06-27,34.0,True,False,True,False
Mainz 05,Sandro Schwarz,Mutual consent,10 November 2019,16th,Achim Beierlorzer,18 November 2019,bundesliga,2019/20,2019–20 Bundesliga,https://en.wikipedia.org/wiki/2019%E2%80%9320_Bundesliga,wikipedia,2019-11-10,2019-11-18,False,False,mutual_consent,achim beierlorzer,sandro schwarz,mainz05,,,,,,False,False,False,False,True,external,high,arrived_from_other_club_in_sample,Mainz,True,2019-08-17,2020-06-27,34.0,True,False,False,True
RB Leipzig,Ralf Rangnick,Appointed as sporting director,9 July 2018,Pre-season,Julian Nagelsmann,21 June 2018,bundesliga,2019/20,2019–20 Bundesliga,https://en.wikipedia.org/wiki/2019%E2%80%9320_Bundesliga,wikipedia,2018-07-09,2018-06-21,False,False,exclude_preseason,julian nagelsmann,ralf rangnick,rbleipzig,,,,,,False,False,False,False,True,external,high,arrived_from_other_club_in_sample,RB Leipzig,True,2019-08-18,2020-06-27,34.0,False,True,False,False
Schalke 04,Huub Stevens,End of caretaker spell,14 March 2019,Pre-season,David Wagner,9 May 2019,bundesliga,2019/20,2019–20 Bundesliga,https://en.wikipedia.org/wiki/2019%E2%80%9320_Bundesliga,wikipedia,2019-03-14,2019-05-09,False,False,exclude_preseason,david wagner,huub stevens,schalke04,,,,,,False,False,False,False,True,external,high,arrived_from_other_club_in_sample,Schalke 04,True,2019-08-17,2020-06-27,34.0,False,True,False,False
VfL Wolfsburg,Bruno Labbadia,End of contract,12 March 2019,Pre-season,Oliver Glasner,23 April 2019,bundesliga,2019/20,2019–20 Bundesliga,https://en.wikipedia.org/wiki/2019%E2%80%9320_Bundesliga,wikipedia,2019-03-12,2019-04-23,False,False,exclude_preseason,oliver glasner,bruno labbadia,wolfsburg,,,,,,False,False,False,False,False,external,review,default_external_needs_review,Wolfsburg,True,2019-08-17,2020-06-27,34.0,False,True,False,False
1899 Hoffenheim,Matthias Kaltenbach Marcel Rapp Kai Herdling (interim),End of caretaker spell,9 June 2020,Pre-season,Sebastian Hoeneß,27 July 2020,bundesliga,2020/21,2020–21 Bundesliga,https://en.wikipedia.org/wiki/2020%E2%80%9321_Bundesliga,wikipedia,2020-06-09,2020-07-27,False,True,exclude_preseason,sebastian hoene,matthias kaltenbach marcel rapp kai herdling,1899hoffenheim,,,,,,False,False,False,False,False,external,review,default_external_needs_review,Hoffenheim,True,2020-09-19,2021-05-22,34.0,False,True,False,False
Arminia Bielefeld,Uwe Neuhaus,Sacked,1 March 2021,16th,Frank Kramer,2 March 2021,bundesliga,2020/21,2020–21 Bundesliga,https://en.wikipedia.org/wiki/2020%E2%80%9321_Bundesliga,wikipedia,2021-03-01,2021-03-02,False,False,sacked,frank kramer,uwe neuhaus,arminiabielefeld,,,,,,False,False,False,True,False,external,manual,club hired Kramer from RB Salzburg academy as new head coach on a contract until 2023,Bielefeld,True,2020-09-19,2021-05-22,34.0,True,False,True,False
FC Augsburg,Heiko Herrlich,Sacked,26 April 2021,13th,Markus Weinzierl,26 April 2021,bundesliga,2020/21,2020–21 Bundesliga,https://en.wikipedia.org/wiki/2020%E2%80%9321_Bundesliga,wikipedia,2021-04-26,2021-04-26,False,False,sacked,markus weinzierl,heiko herrlich,augsburg,,,,,,False,False,False,True,False,external,manual,Former manager hired back from outside as Cheftrainer on a contract to June 2022.,Augsburg,True,2020-09-19,2021-05-22,34.0,True,False,True,False
Bayer Leverkusen,Peter Bosz,Sacked,23 March 2021,6th,Hannes Wolf (interim),23 March 2021,bundesliga,2020/21,2020–21 Bundesliga,https://en.wikipedia.org/wiki/2020%E2%80%9321_Bundesliga,wikipedia,2021-03-23,2021-03-23,True,False,sacked,hannes wolf,peter bosz,bayerleverkusen,,,,,,False,False,False,False,False,caretaker,high,caretaker_flag_or_short_spell,Leverkusen,True,2020-09-20,2021-05-22,34.0,True,False,True,False
Borussia Dortmund,Lucien Favre,Sacked,13 December 2020,5th,Edin Terzić (interim),13 December 2020,bundesliga,2020/21,2020–21 Bundesliga,https://en.wikipedia.org/wiki/2020%E2%80%9321_Bundesliga,wikipedia,2020-12-13,2020-12-13,True,False,sacked,edin terzi,lucien favre,borussiadortmund,,,,,,False,False,True,True,False,caretaker,high,caretaker_flag_or_short_spell,Dortmund,True,2020-09-19,2021-05-22,34.0,True,False,True,False
Hertha BSC,Bruno Labbadia,Sacked,24 January 2021,13th,Pál Dárdai,25 January 2021,bundesliga,2020/21,2020–21 Bundesliga,https://en.wikipedia.org/wiki/2020%E2%80%9321_Bundesliga,wikipedia,2021-01-24,2021-01-25,False,False,sacked,p l d rdai,bruno labbadia,hertha,,,,,,False,False,False,True,False,internal,manual,U16 coach already at Hertha promoted to first-team manager on a contract to summer 2022,Hertha,True,2020-09-19,2021-05-22,34.0,True,False,True,False
1. FC Köln,Markus Gisdol,Sacked,11 April 2021,17th,Friedhelm Funkel,12 April 2021,bundesliga,2020/21,2020–21 Bundesliga,https://en.wikipedia.org/wiki/2020%E2%80%9321_Bundesliga,wikipedia,2021-04-11,2021-04-12,False,False,sacked,friedhelm funkel,markus gisdol,koln,,,,,,False,False,False,True,False,caretaker,manual,outsider hired only until end of season as placeholder to try to stay up,FC Koln,True,2020-09-19,2021-05-22,34.0,True,False,True,False
Mainz 05,Achim Beierlorzer,Sacked,28 September 2020,17th,Jan-Moritz Lichte (interim),28 September 2020,bundesliga,2020/21,2020–21 Bundesliga,https://en.wikipedia.org/wiki/2020%E2%80%9321_Bundesliga,wikipedia,2020-09-28,2020-09-28,True,False,sacked,jan moritz lichte,achim beierlorzer,mainz05,Sacked,jan moritz lichte,2020-12-28,,,False,True,False,False,False,caretaker,high,caretaker_flag_or_short_spell,Mainz,True,2020-09-20,2021-05-22,34.0,True,False,True,False
Mainz 05,Jan-Moritz Lichte (interim),Sacked,28 December 2020,17th,Jan Siewert (interim),28 December 2020,bundesliga,2020/21,2020–21 Bundesliga,https://en.wikipedia.org/wiki/2020%E2%80%9321_Bundesliga,wikipedia,2020-12-28,2020-12-28,True,True,sacked,jan siewert,jan moritz lichte,mainz05,End of caretaker spell,jan siewert,2021-01-04,jan moritz lichte,True,True,True,False,False,False,caretaker,high,caretaker_flag_or_short_spell,Mainz,True,2020-09-20,2021-05-22,34.0,True,False,True,False
Mainz 05,Jan Siewert (interim),End of caretaker spell,4 January 2021,17th,Bo Svensson,4 January 2021,bundesliga,2020/21,2020–21 Bundesliga,https://en.wikipedia.org/wiki/2020%E2%80%9321_Bundesliga,wikipedia,2021-01-04,2021-01-04,False,True,exclude_end_caretaker,bo svensson,jan siewert,mainz05,,,,jan siewert,True,False,False,False,False,False,external,review,default_external_needs_review,Mainz,True,2020-09-20,2021-05-22,34.0,True,False,False,False
Schalke 04,David Wagner,Sacked,27 September 2020,18th,Manuel Baum,30 September 2020,bundesliga,2020/21,2020–21 Bundesliga,https://en.wikipedia.org/wiki/2020%E2%80%9321_Bundesliga,wikipedia,2020-09-27,2020-09-30,False,False,sacked,manuel baum,david wagner,schalke04,Sacked,manuel baum,2020-12-18,,,False,True,False,True,False,external,manual,club hired DFB U18 coach Baum as permanent head coach on a two-year contract,Schalke 04,True,2020-09-18,2021-05-22,34.0,True,False,True,False
Schalke 04,Manuel Baum,Sacked,18 December 2020,18th,Huub Stevens (interim),18 December 2020,bundesliga,2020/21,2020–21 Bundesliga,https://en.wikipedia.org/wiki/2020%E2%80%9321_Bundesliga,wikipedia,2020-12-18,2020-12-18,True,False,sacked,huub stevens,manuel baum,schalke04,End of caretaker spell,huub stevens,2020-12-22,manuel baum,False,True,True,False,True,False,caretaker,high,caretaker_flag_or_short_spell,Schalke 04,True,2020-09-18,2021-05-22,34.0,True,False,True,False
Schalke 04,Huub Stevens (interim),End of caretaker spell,22 December 2020,18th,Christian Gross,27 December 2020,bundesliga,2020/21,2020–21 Bundesliga,https://en.wikipedia.org/wiki/2020%E2%80%9321_Bundesliga,wikipedia,2020-12-22,2020-12-27,False,True,exclude_end_caretaker,christian gross,huub stevens,schalke04,Sacked,christian gross,2021-02-28,huub stevens,True,False,True,False,True,False,caretaker,review,caretaker_flag_or_short_spell,Schalke 04,True,2020-09-18,2021-05-22,34.0,True,False,False,False
Schalke 04,Christian Gross,Sacked,28 February 2021,18th,Dimitris Grammozis,2 March 2021,bundesliga,2020/21,2020–21 Bundesliga,https://en.wikipedia.org/wiki/2020%E2%80%9321_Bundesliga,wikipedia,2021-02-28,2021-03-02,False,False,sacked,dimitris grammozis,christian gross,schalke04,,,,christian gross,False,False,False,False,True,False,external,manual,Hired from Darmstadt as new head coach on a contract to June 2022,Schalke 04,True,2020-09-18,2021-05-22,34.0,True,False,True,False
Werder Bremen,Florian Kohfeldt,Sacked,16 May 2021,16th,Thomas Schaaf (interim),16 May 2021,bundesliga,2020/21,2020–21 Bundesliga,https://en.wikipedia.org/wiki/2020%E2%80%9321_Bundesliga,wikipedia,2021-05-16,2021-05-16,True,False,sacked,thomas schaaf,florian kohfeldt,werderbremen,,,,,,False,False,True,True,False,caretaker,high,caretaker_flag_or_short_spell,Werder Bremen,True,2020-09-19,2021-05-22,34.0,True,False,True,False
Arminia Bielefeld,Frank Kramer,Sacked,20 April 2022,17th,Marco Kostmann (interim),20 April 2022,bundesliga,2021/22,2021–22 Bundesliga,https://en.wikipedia.org/wiki/2021%E2%80%9322_Bundesliga,wikipedia,2022-04-20,2022-04-20,True,False,sacked,marco kostmann,frank kramer,arminiabielefeld,,,,,,False,False,True,True,False,caretaker,high,caretaker_flag_or_short_spell,Bielefeld,True,2021-08-14,2022-05-14,34.0,True,False,True,False
Bayer Leverkusen,Hannes Wolf (interim),End of caretaker spell,23 March 2021,Pre-season,Gerardo Seoane,19 May 2021,bundesliga,2021/22,2021–22 Bundesliga,https://en.wikipedia.org/wiki/2021%E2%80%9322_Bundesliga,wikipedia,2021-03-23,2021-05-19,False,True,exclude_preseason,gerardo seoane,hannes wolf,bayerleverkusen,,,,,,False,False,False,False,False,external,review,default_external_needs_review,Leverkusen,True,2021-08-14,2022-05-14,34.0,False,True,False,False
Bayern Munich,Hansi Flick,Signed for Germany,27 April 2021,Pre-season,Julian Nagelsmann,27 April 2021,bundesliga,2021/22,2021–22 Bundesliga,https://en.wikipedia.org/wiki/2021%E2%80%9322_Bundesliga,wikipedia,2021-04-27,2021-04-27,False,False,exclude_preseason,julian nagelsmann,hansi flick,bayernmunich,,,,,,False,False,False,False,True,external,high,arrived_from_other_club_in_sample,Bayern Munich,True,2021-08-13,2022-05-14,34.0,False,True,False,False
Borussia Dortmund,Edin Terzić (interim),End of caretaker spell,13 December 2020,Pre-season,Marco Rose,15 February 2021,bundesliga,2021/22,2021–22 Bundesliga,https://en.wikipedia.org/wiki/2021%E2%80%9322_Bundesliga,wikipedia,2020-12-13,2021-02-15,False,True,exclude_preseason,marco rose,edin terzi,borussiadortmund,,,,,,False,False,False,False,True,external,high,arrived_from_other_club_in_sample,Dortmund,True,2021-08-14,2022-05-14,34.0,False,True,False,False
Borussia Mönchengladbach,Marco Rose,Signed for Borussia Dortmund,15 February 2021,Pre-season,Adi Hütter,13 April 2021,bundesliga,2021/22,2021–22 Bundesliga,https://en.wikipedia.org/wiki/2021%E2%80%9322_Bundesliga,wikipedia,2021-02-15,2021-04-13,False,False,exclude_preseason,adi h tter,marco rose,borussiamonchengladbach,,,,,,False,False,False,False,True,external,high,arrived_from_other_club_in_sample,M'gladbach,True,2021-08-13,2022-05-14,34.0,False,True,False,False
Eintracht Frankfurt,Adi Hütter,Signed for Borussia Mönchengladbach,13 April 2021,Pre-season,Oliver Glasner,26 May 2021,bundesliga,2021/22,2021–22 Bundesliga,https://en.wikipedia.org/wiki/2021%E2%80%9322_Bundesliga,wikipedia,2021-04-13,2021-05-26,False,False,exclude_preseason,oliver glasner,adi h tter,eintrachtfrankfurt,,,,,,False,False,False,False,True,external,high,arrived_from_other_club_in_sample,Ein Frankfurt,True,2021-08-14,2022-05-14,34.0,False,True,False,False
Hertha BSC,Pál Dárdai,Sacked,29 November 2021,14th,Tayfun Korkut,29 November 2021,bundesliga,2021/22,2021–22 Bundesliga,https://en.wikipedia.org/wiki/2021%E2%80%9322_Bundesliga,wikipedia,2021-11-29,2021-11-29,False,False,sacked,tayfun korkut,p l d rdai,hertha,Sacked,tayfun korkut,2022-03-13,,,False,True,False,True,False,caretaker,manual,Outsider named new head coach on a deal only until the end of that season,Hertha,True,2021-08-15,2022-05-14,34.0,True,False,True,False
Hertha BSC,Tayfun Korkut,Sacked,13 March 2022,17th,Felix Magath (interim),13 March 2022,bundesliga,2021/22,2021–22 Bundesliga,https://en.wikipedia.org/wiki/2021%E2%80%9322_Bundesliga,wikipedia,2022-03-13,2022-03-13,True,False,sacked,felix magath,tayfun korkut,hertha,,,,tayfun korkut,False,False,False,False,True,False,caretaker,high,caretaker_flag_or_short_spell,Hertha,True,2021-08-15,2022-05-14,34.0,True,False,True,False
1. FC Köln,Friedhelm Funkel,End of caretaker spell,8 April 2021,Pre-season,Steffen Baumgart,11 May 2021,bundesliga,2021/22,2021–22 Bundesliga,https://en.wikipedia.org/wiki/2021%E2%80%9322_Bundesliga,wikipedia,2021-04-08,2021-05-11,False,False,exclude_preseason,steffen baumgart,friedhelm funkel,koln,,,,,,False,False,False,False,False,external,review,default_external_needs_review,FC Koln,True,2021-08-15,2022-05-14,34.0,False,True,False,False
RB Leipzig,Julian Nagelsmann,Signed for Bayern Munich,27 April 2021,Pre-season,Jesse Marsch,29 April 2021,bundesliga,2021/22,2021–22 Bundesliga,https://en.wikipedia.org/wiki/2021%E2%80%9322_Bundesliga,wikipedia,2021-04-27,2021-04-29,False,False,exclude_preseason,jesse marsch,julian nagelsmann,rbleipzig,Sacked,jesse marsch,2021-12-05,,,False,True,False,False,False,external,review,default_external_needs_review,RB Leipzig,True,2021-08-15,2022-05-14,34.0,False,True,False,False
RB Leipzig,Jesse Marsch,Sacked,5 December 2021,11th,Achim Beierlorzer (interim),5 December 2021,bundesliga,2021/22,2021–22 Bundesliga,https://en.wikipedia.org/wiki/2021%E2%80%9322_Bundesliga,wikipedia,2021-12-05,2021-12-05,True,False,sacked,achim beierlorzer,jesse marsch,rbleipzig,End of caretaker spell,achim beierlorzer,2021-12-09,jesse marsch,False,True,True,False,True,False,caretaker,high,caretaker_flag_or_short_spell,RB Leipzig,True,2021-08-15,2022-05-14,34.0,True,False,True,False
RB Leipzig,Achim Beierlorzer (interim),End of caretaker spell,9 December 2021,11th,Domenico Tedesco,9 December 2021,bundesliga,2021/22,2021–22 Bundesliga,https://en.wikipedia.org/wiki/2021%E2%80%9322_Bundesliga,wikipedia,2021-12-09,2021-12-09,False,True,exclude_end_caretaker,domenico tedesco,achim beierlorzer,rbleipzig,,,,achim beierlorzer,True,False,False,False,True,False,external,review,default_external_needs_review,RB Leipzig,True,2021-08-15,2022-05-14,34.0,True,False,False,False
VfL Wolfsburg,Oliver Glasner,Signed for Eintracht Frankfurt,26 May 2021,Pre-season,Mark van Bommel,2 June 2021,bundesliga,2021/22,2021–22 Bundesliga,https://en.wikipedia.org/wiki/2021%E2%80%9322_Bundesliga,wikipedia,2021-05-26,2021-06-02,False,False,exclude_preseason,mark van bommel,oliver glasner,wolfsburg,Sacked,mark van bommel,2021-10-24,,,False,True,False,False,False,external,review,default_external_needs_review,Wolfsburg,True,2021-08-14,2022-05-14,34.0,False,True,False,False
VfL Wolfsburg,Mark van Bommel,Sacked,24 October 2021,8th,Florian Kohfeldt,26 October 2021,bundesliga,2021/22,2021–22 Bundesliga,https://en.wikipedia.org/wiki/2021%E2%80%9322_Bundesliga,wikipedia,2021-10-24,2021-10-26,False,False,sacked,florian kohfeldt,mark van bommel,wolfsburg,,,,mark van bommel,False,False,False,False,True,True,external,high,arrived_from_other_club_in_sample,Wolfsburg,True,2021-08-14,2022-05-14,34.0,True,False,True,False
1899 Hoffenheim,Sebastian Hoeneß,Mutual consent,17 May 2022,Pre-season,André Breitenreiter,24 May 2022,bundesliga,2022/23,2022–23 Bundesliga,https://en.wikipedia.org/wiki/2022%E2%80%9323_Bundesliga,wikipedia,2022-05-17,2022-05-24,False,False,exclude_preseason,andr breitenreiter,sebastian hoene,1899hoffenheim,Sacked,andr breitenreiter,2023-02-06,,,False,True,False,False,False,external,review,default_external_needs_review,Hoffenheim,True,2022-08-06,2023-05-27,34.0,False,True,False,False
1899 Hoffenheim,André Breitenreiter,Sacked,6 February 2023,14th,Pellegrino Matarazzo,8 February 2023,bundesliga,2022/23,2022–23 Bundesliga,https://en.wikipedia.org/wiki/2022%E2%80%9323_Bundesliga,wikipedia,2023-02-06,2023-02-08,False,False,sacked,pellegrino matarazzo,andr breitenreiter,1899hoffenheim,,,,andr breitenreiter,False,False,False,False,True,True,external,high,arrived_from_other_club_in_sample,Hoffenheim,True,2022-08-06,2023-05-27,34.0,True,False,True,False
FC Augsburg,Markus Weinzierl,End of contract,14 May 2022,Pre-season,Enrico Maaßen,8 June 2022,bundesliga,2022/23,2022–23 Bundesliga,https://en.wikipedia.org/wiki/2022%E2%80%9323_Bundesliga,wikipedia,2022-05-14,2022-06-08,False,False,exclude_preseason,enrico maa en,markus weinzierl,augsburg,,,,,,False,False,False,False,False,external,review,default_external_needs_review,Augsburg,True,2022-08-06,2023-05-27,34.0,False,True,False,False
Bayer Leverkusen,Gerardo Seoane,Sacked,5 October 2022,17th,Xabi Alonso,5 October 2022,bundesliga,2022/23,2022–23 Bundesliga,https://en.wikipedia.org/wiki/2022%E2%80%9323_Bundesliga,wikipedia,2022-10-05,2022-10-05,False,False,sacked,xabi alonso,gerardo seoane,bayerleverkusen,,,,,,False,False,False,False,False,external,manual,Unemployed ex-Sociedad B coach hired as new head coach on a deal to June 2024,Leverkusen,True,2022-08-06,2023-05-27,34.0,True,False,True,False
Bayern Munich,Julian Nagelsmann,Sacked,24 March 2023,2nd,Thomas Tuchel,24 March 2023,bundesliga,2022/23,2022–23 Bundesliga,https://en.wikipedia.org/wiki/2022%E2%80%9323_Bundesliga,wikipedia,2023-03-24,2023-03-24,False,False,sacked,thomas tuchel,julian nagelsmann,bayernmunich,,,,,,False,False,False,True,False,external,manual,"Unemployed Tuchel introduced as Nagelsmann successor as new head coach, not interim",Bayern Munich,True,2022-08-05,2023-05-27,34.0,True,False,True,False
VfL Bochum,Thomas Reis,Sacked,12 September 2022,18th,Heiko Butscher (interim),12 September 2022,bundesliga,2022/23,2022–23 Bundesliga,https://en.wikipedia.org/wiki/2022%E2%80%9323_Bundesliga,wikipedia,2022-09-12,2022-09-12,True,False,sacked,heiko butscher,thomas reis,bochum,End of caretaker spell,heiko butscher,2022-09-22,,,True,True,False,True,False,caretaker,high,caretaker_flag_or_short_spell,Bochum,True,2022-08-06,2023-05-27,34.0,True,False,True,False
VfL Bochum,Heiko Butscher (interim),End of caretaker spell,22 September 2022,18th,Thomas Letsch,22 September 2022,bundesliga,2022/23,2022–23 Bundesliga,https://en.wikipedia.org/wiki/2022%E2%80%9323_Bundesliga,wikipedia,2022-09-22,2022-09-22,False,True,exclude_end_caretaker,thomas letsch,heiko butscher,bochum,,,,heiko butscher,True,False,False,False,True,False,external,review,default_external_needs_review,Bochum,True,2022-08-06,2023-05-27,34.0,True,False,False,False
Borussia Dortmund,Marco Rose,Mutual consent,20 May 2022,Pre-season,Edin Terzić,23 May 2022,bundesliga,2022/23,2022–23 Bundesliga,https://en.wikipedia.org/wiki/2022%E2%80%9323_Bundesliga,wikipedia,2022-05-20,2022-05-23,False,False,exclude_preseason,edin terzi,marco rose,borussiadortmund,,,,,,False,False,False,False,False,external,review,default_external_needs_review,Dortmund,True,2022-08-06,2023-05-27,34.0,False,True,False,False
Borussia Mönchengladbach,Adi Hütter,Mutual consent,14 May 2022,Pre-season,Daniel Farke,4 June 2022,bundesliga,2022/23,2022–23 Bundesliga,https://en.wikipedia.org/wiki/2022%E2%80%9323_Bundesliga,wikipedia,2022-05-14,2022-06-04,False,False,exclude_preseason,daniel farke,adi h tter,borussiamonchengladbach,,,,,,False,False,False,False,False,external,review,default_external_needs_review,M'gladbach,True,2022-08-06,2023-05-27,34.0,False,True,False,False
Hertha BSC,Felix Magath (interim),End of caretaker spell,13 March 2022,Pre-season,Sandro Schwarz,2 June 2022,bundesliga,2022/23,2022–23 Bundesliga,https://en.wikipedia.org/wiki/2022%E2%80%9323_Bundesliga,wikipedia,2022-03-13,2022-06-02,False,True,exclude_preseason,sandro schwarz,felix magath,hertha,Sacked,sandro schwarz,2023-04-16,,,False,True,False,False,False,external,review,default_external_needs_review,Hertha,True,2022-08-06,2023-05-27,34.0,False,True,False,False
Hertha BSC,Sandro Schwarz,Sacked,16 April 2023,18th,Pál Dárdai,16 April 2023,bundesliga,2022/23,2022–23 Bundesliga,https://en.wikipedia.org/wiki/2022%E2%80%9323_Bundesliga,wikipedia,2023-04-16,2023-04-16,False,False,sacked,p l d rdai,sandro schwarz,hertha,,,,sandro schwarz,False,False,False,False,True,False,caretaker,manual,Brought back from outside only until end of 2022/23; later made permanent in June,Hertha,True,2022-08-06,2023-05-27,34.0,True,False,True,False
RB Leipzig,Domenico Tedesco,Sacked,7 September 2022,11th,Marco Rose,8 September 2022,bundesliga,2022/23,2022–23 Bundesliga,https://en.wikipedia.org/wiki/2022%E2%80%9323_Bundesliga,wikipedia,2022-09-07,2022-09-08,False,False,sacked,marco rose,domenico tedesco,rbleipzig,,,,,,False,False,False,True,True,external,high,arrived_from_other_club_in_sample,RB Leipzig,True,2022-08-07,2023-05-27,34.0,True,False,True,False
Schalke 04,Mike Büskens (interim),End of caretaker spell,7 March 2022,Pre-season,Frank Kramer,7 June 2022,bundesliga,2022/23,2022–23 Bundesliga,https://en.wikipedia.org/wiki/2022%E2%80%9323_Bundesliga,wikipedia,2022-03-07,2022-06-07,False,True,exclude_preseason,frank kramer,mike b skens,schalke04,Sacked,frank kramer,2022-10-19,,,False,True,False,False,True,external,high,arrived_from_other_club_in_sample,Schalke 04,True,2022-08-07,2023-05-27,34.0,False,True,False,False
Schalke 04,Frank Kramer,Sacked,19 October 2022,17th,Matthias Kreutzer (interim),20 October 2022,bundesliga,2022/23,2022–23 Bundesliga,https://en.wikipedia.org/wiki/2022%E2%80%9323_Bundesliga,wikipedia,2022-10-19,2022-10-20,True,False,sacked,matthias kreutzer,frank kramer,schalke04,End of caretaker spell,matthias kreutzer,2022-10-27,frank kramer,False,True,True,False,True,False,caretaker,high,caretaker_flag_or_short_spell,Schalke 04,True,2022-08-07,2023-05-27,34.0,True,False,True,False
Schalke 04,Matthias Kreutzer (interim),End of caretaker spell,27 October 2022,18th,Thomas Reis,27 October 2022,bundesliga,2022/23,2022–23 Bundesliga,https://en.wikipedia.org/wiki/2022%E2%80%9323_Bundesliga,wikipedia,2022-10-27,2022-10-27,False,True,exclude_end_caretaker,thomas reis,matthias kreutzer,schalke04,,,,matthias kreutzer,True,False,False,False,True,True,external,high,arrived_from_other_club_in_sample,Schalke 04,True,2022-08-07,2023-05-27,34.0,True,False,False,False
VfB Stuttgart,Pellegrino Matarazzo,Sacked,10 October 2022,17th,Michael Wimmer (interim),11 October 2022,bundesliga,2022/23,2022–23 Bundesliga,https://en.wikipedia.org/wiki/2022%E2%80%9323_Bundesliga,wikipedia,2022-10-10,2022-10-11,True,False,sacked,michael wimmer,pellegrino matarazzo,stuttgart,End of caretaker spell,michael wimmer,2022-12-05,,,True,True,True,True,False,caretaker,high,caretaker_flag_or_short_spell,Stuttgart,True,2022-08-07,2023-05-27,34.0,True,False,True,False
VfB Stuttgart,Michael Wimmer (interim),End of caretaker spell,5 December 2022,16th,Bruno Labbadia,5 December 2022,bundesliga,2022/23,2022–23 Bundesliga,https://en.wikipedia.org/wiki/2022%E2%80%9323_Bundesliga,wikipedia,2022-12-05,2022-12-05,False,True,exclude_end_caretaker,bruno labbadia,michael wimmer,stuttgart,Sacked,bruno labbadia,2023-04-03,michael wimmer,True,False,True,False,True,False,external,review,default_external_needs_review,Stuttgart,True,2022-08-07,2023-05-27,34.0,True,False,False,False
VfB Stuttgart,Bruno Labbadia,Sacked,3 April 2023,18th,Sebastian Hoeneß,3 April 2023,bundesliga,2022/23,2022–23 Bundesliga,https://en.wikipedia.org/wiki/2022%E2%80%9323_Bundesliga,wikipedia,2023-04-03,2023-04-03,False,False,sacked,sebastian hoene,bruno labbadia,stuttgart,,,,bruno labbadia,False,False,False,False,True,False,external,manual,Unemployed ex-Hoffenheim coach hired as new head coach on a deal to June 2025,Stuttgart,True,2022-08-07,2023-05-27,34.0,True,False,True,False
VfL Wolfsburg,Florian Kohfeldt,Mutual consent,15 May 2022,Pre-season,Niko Kovač,24 May 2022,bundesliga,2022/23,2022–23 Bundesliga,https://en.wikipedia.org/wiki/2022%E2%80%9323_Bundesliga,wikipedia,2022-05-15,2022-05-24,False,False,exclude_preseason,niko kova,florian kohfeldt,wolfsburg,,,,,,False,False,False,False,False,external,review,default_external_needs_review,Wolfsburg,True,2022-08-06,2023-05-27,34.0,False,True,False,False
FC Augsburg,Enrico Maaßen,Sacked,9 October 2023,15th,Jess Thorup,15 October 2023,bundesliga,2023/24,2023–24 Bundesliga,https://en.wikipedia.org/wiki/2023%E2%80%9324_Bundesliga,wikipedia,2023-10-09,2023-10-15,False,False,sacked,jess thorup,enrico maa en,augsburg,,,,,,False,False,False,True,False,external,manual,Hired from outside as new head coach on a contract to June 2025,Augsburg,True,2023-08-19,2024-05-18,34.0,True,False,True,False
VfL Bochum,Thomas Letsch,Sacked,8 April 2024,15th,Heiko Butscher (interim),9 April 2024,bundesliga,2023/24,2023–24 Bundesliga,https://en.wikipedia.org/wiki/2023%E2%80%9324_Bundesliga,wikipedia,2024-04-08,2024-04-09,True,False,sacked,heiko butscher,thomas letsch,bochum,,,,,,False,False,True,True,False,caretaker,high,caretaker_flag_or_short_spell,Bochum,True,2023-08-19,2024-05-18,34.0,True,False,True,False
Borussia Mönchengladbach,Daniel Farke,Sacked,2 June 2023,Pre-season,Gerardo Seoane,6 June 2023,bundesliga,2023/24,2023–24 Bundesliga,https://en.wikipedia.org/wiki/2023%E2%80%9324_Bundesliga,wikipedia,2023-06-02,2023-06-06,False,False,exclude_preseason,gerardo seoane,daniel farke,borussiamonchengladbach,,,,,,False,False,False,False,False,external,review,default_external_needs_review,M'gladbach,True,2023-08-19,2024-05-18,34.0,False,True,False,False
Eintracht Frankfurt,Oliver Glasner,Mutual consent,9 May 2023,Pre-season,Dino Toppmöller,12 June 2023,bundesliga,2023/24,2023–24 Bundesliga,https://en.wikipedia.org/wiki/2023%E2%80%9324_Bundesliga,wikipedia,2023-05-09,2023-06-12,False,False,exclude_preseason,dino toppm ller,oliver glasner,eintrachtfrankfurt,,,,,,False,False,False,False,False,external,review,default_external_needs_review,Ein Frankfurt,True,2023-08-20,2024-05-18,34.0,False,True,False,False
1. FC Köln,Steffen Baumgart,Mutual consent,21 December 2023,17th,Timo Schultz,4 January 2024,bundesliga,2023/24,2023–24 Bundesliga,https://en.wikipedia.org/wiki/2023%E2%80%9324_Bundesliga,wikipedia,2023-12-21,2024-01-04,False,False,mutual_consent,timo schultz,steffen baumgart,koln,,,,,,False,False,False,True,False,external,manual,"Hired from FC Basel as the new Cheftrainer, not from Köln staff.",FC Koln,True,2023-08-19,2024-05-18,34.0,True,False,False,True
Mainz 05,Bo Svensson,Mutual consent,2 November 2023,18th,Jan Siewert,2 November 2023,bundesliga,2023/24,2023–24 Bundesliga,https://en.wikipedia.org/wiki/2023%E2%80%9324_Bundesliga,wikipedia,2023-11-02,2023-11-02,False,False,mutual_consent,jan siewert,bo svensson,mainz05,Sacked,jan siewert,2024-02-12,,,False,True,False,False,False,caretaker,manual,U23 coach took the first team bis auf Weiteres; only later made permanent.,Mainz,True,2023-08-20,2024-05-18,34.0,True,False,False,True
Mainz 05,Jan Siewert,Sacked,12 February 2024,17th,Bo Henriksen,13 February 2024,bundesliga,2023/24,2023–24 Bundesliga,https://en.wikipedia.org/wiki/2023%E2%80%9324_Bundesliga,wikipedia,2024-02-12,2024-02-13,False,False,sacked,bo henriksen,jan siewert,mainz05,,,,jan siewert,False,False,False,False,False,False,external,manual,Hired from FC Zurich as new head coach on a contract to 2026,Mainz,True,2023-08-20,2024-05-18,34.0,True,False,True,False
Union Berlin,Urs Fischer,Mutual consent,15 November 2023,18th,Marco Grote (interim),15 November 2023,bundesliga,2023/24,2023–24 Bundesliga,https://en.wikipedia.org/wiki/2023%E2%80%9324_Bundesliga,wikipedia,2023-11-15,2023-11-15,True,False,mutual_consent,marco grote,urs fischer,unionberlin,End of interim spell,marco grote,2023-11-26,,,True,True,True,True,False,caretaker,high,caretaker_flag_or_short_spell,Union Berlin,True,2023-08-20,2024-05-18,34.0,True,False,False,True
Union Berlin,Marco Grote,End of interim spell,26 November 2023,17th,Nenad Bjelica,26 November 2023,bundesliga,2023/24,2023–24 Bundesliga,https://en.wikipedia.org/wiki/2023%E2%80%9324_Bundesliga,wikipedia,2023-11-26,2023-11-26,False,False,exclude_end_caretaker,nenad bjelica,marco grote,unionberlin,Sacked,nenad bjelica,2024-05-06,marco grote,True,False,True,False,True,False,external,review,default_external_needs_review,Union Berlin,True,2023-08-20,2024-05-18,34.0,True,False,False,False
Union Berlin,Nenad Bjelica,Sacked,6 May 2024,15th,Marco Grote (interim),6 May 2024,bundesliga,2023/24,2023–24 Bundesliga,https://en.wikipedia.org/wiki/2023%E2%80%9324_Bundesliga,wikipedia,2024-05-06,2024-05-06,True,False,sacked,marco grote,nenad bjelica,unionberlin,,,,nenad bjelica,False,False,False,True,True,False,caretaker,high,caretaker_flag_or_short_spell,Union Berlin,True,2023-08-20,2024-05-18,34.0,True,False,True,False
VfL Wolfsburg,Niko Kovač,Sacked,17 March 2024,14th,Ralph Hasenhüttl,17 March 2024,bundesliga,2023/24,2023–24 Bundesliga,https://en.wikipedia.org/wiki/2023%E2%80%9324_Bundesliga,wikipedia,2024-03-17,2024-03-17,False,False,sacked,ralph hasenh ttl,niko kova,wolfsburg,,,,,,False,False,False,True,False,external,manual,Unemployed ex-Southampton coach hired as new head coach on a long-term deal,Wolfsburg,True,2023-08-19,2024-05-18,34.0,True,False,True,False
Bayern Munich,Thomas Tuchel,Mutual consent,21 February 2024,Pre-season,Vincent Kompany,29 May 2024,bundesliga,2024/25,2024–25 Bundesliga,https://en.wikipedia.org/wiki/2024%E2%80%9325_Bundesliga,wikipedia,2024-02-21,2024-05-29,False,False,exclude_preseason,vincent kompany,thomas tuchel,bayernmunich,,,,,,False,False,False,False,False,external,review,default_external_needs_review,Bayern Munich,True,2024-08-25,2025-05-17,34.0,False,True,False,False
VfL Bochum,Heiko Butscher (interim),End of caretaker spell,9 April 2024,Pre-season,Peter Zeidler,3 June 2024,bundesliga,2024/25,2024–25 Bundesliga,https://en.wikipedia.org/wiki/2024%E2%80%9325_Bundesliga,wikipedia,2024-04-09,2024-06-03,False,True,exclude_preseason,peter zeidler,heiko butscher,bochum,Sacked,peter zeidler,2024-10-20,,,False,True,False,False,False,external,review,default_external_needs_review,Bochum,True,2024-08-24,2025-05-17,34.0,False,True,False,False
VfL Bochum,Peter Zeidler,Sacked,20 October 2024,18th,Markus Feldhoff Murat Ural (interim),21 October 2024,bundesliga,2024/25,2024–25 Bundesliga,https://en.wikipedia.org/wiki/2024%E2%80%9325_Bundesliga,wikipedia,2024-10-20,2024-10-21,True,False,sacked,markus feldhoff murat ural,peter zeidler,bochum,End of caretaker,markus feldhoff murat ural,2024-11-04,peter zeidler,False,True,True,True,True,False,caretaker,high,caretaker_flag_or_short_spell,Bochum,True,2024-08-24,2025-05-17,34.0,True,False,True,False
VfL Bochum,Markus Feldhoff Murat Ural (interim),End of caretaker,4 November 2024,18th,Dieter Hecking,4 November 2024,bundesliga,2024/25,2024–25 Bundesliga,https://en.wikipedia.org/wiki/2024%E2%80%9325_Bundesliga,wikipedia,2024-11-04,2024-11-04,False,True,exclude_end_caretaker,dieter hecking,markus feldhoff murat ural,bochum,,,,markus feldhoff murat ural,True,False,False,False,True,False,external,review,default_external_needs_review,Bochum,True,2024-08-24,2025-05-17,34.0,True,False,False,False
Borussia Dortmund,Edin Terzić,Mutual consent,13 June 2024,Pre-season,Nuri Şahin,14 June 2024,bundesliga,2024/25,2024–25 Bundesliga,https://en.wikipedia.org/wiki/2024%E2%80%9325_Bundesliga,wikipedia,2024-06-13,2024-06-14,False,False,exclude_preseason,nuri ahin,edin terzi,borussiadortmund,Sacked,nuri ahin,2025-01-22,,,False,True,False,False,False,external,review,default_external_needs_review,Dortmund,True,2024-08-24,2025-05-17,34.0,False,True,False,False
Borussia Dortmund,Nuri Şahin,Sacked,22 January 2025,10th,Mike Tullberg (interim),22 January 2025,bundesliga,2024/25,2024–25 Bundesliga,https://en.wikipedia.org/wiki/2024%E2%80%9325_Bundesliga,wikipedia,2025-01-22,2025-01-22,True,False,sacked,mike tullberg,nuri ahin,borussiadortmund,End of caretaker spell,mike tullberg,2025-01-30,nuri ahin,False,True,True,True,True,False,caretaker,high,caretaker_flag_or_short_spell,Dortmund,True,2024-08-24,2025-05-17,34.0,True,False,True,False
Borussia Dortmund,Mike Tullberg (interim),End of caretaker spell,30 January 2025,10th,Niko Kovač,30 January 2025,bundesliga,2024/25,2024–25 Bundesliga,https://en.wikipedia.org/wiki/2024%E2%80%9325_Bundesliga,wikipedia,2025-01-30,2025-01-30,False,True,exclude_end_caretaker,niko kova,mike tullberg,borussiadortmund,,,,mike tullberg,True,False,False,False,True,False,external,review,default_external_needs_review,Dortmund,True,2024-08-24,2025-05-17,34.0,True,False,False,False
SC Freiburg,Christian Streich,Mutual consent,18 March 2024,Pre-season,Julian Schuster,22 March 2024,bundesliga,2024/25,2024–25 Bundesliga,https://en.wikipedia.org/wiki/2024%E2%80%9325_Bundesliga,wikipedia,2024-03-18,2024-03-22,False,False,exclude_preseason,julian schuster,christian streich,freiburg,,,,,,False,False,False,False,False,external,review,default_external_needs_review,Freiburg,True,2024-08-24,2025-05-17,34.0,False,True,False,False
TSG Hoffenheim,Pellegrino Matarazzo,Sacked,11 November 2024,15th,Christian Ilzer,15 November 2024,bundesliga,2024/25,2024–25 Bundesliga,https://en.wikipedia.org/wiki/2024%E2%80%9325_Bundesliga,wikipedia,2024-11-11,2024-11-15,False,False,sacked,christian ilzer,pellegrino matarazzo,hoffenheim,,,,,,False,False,False,False,False,external,manual,Hired from Sturm Graz as new head coach on a long-term contract,Hoffenheim,True,2024-08-24,2025-05-17,34.0,True,False,True,False
RB Leipzig,Marco Rose,Sacked,30 March 2025,6th,Zsolt Lőw (interim),30 March 2025,bundesliga,2024/25,2024–25 Bundesliga,https://en.wikipedia.org/wiki/2024%E2%80%9325_Bundesliga,wikipedia,2025-03-30,2025-03-30,True,False,sacked,zsolt l w,marco rose,rbleipzig,,,,,,False,False,False,True,False,caretaker,high,caretaker_flag_or_short_spell,RB Leipzig,True,2024-08-24,2025-05-17,34.0,True,False,True,False
FC St. Pauli,Fabian Hürzeler,Signed by Brighton & Hove Albion,15 June 2024,Pre-season,Alexander Blessin,27 June 2024,bundesliga,2024/25,2024–25 Bundesliga,https://en.wikipedia.org/wiki/2024%E2%80%9325_Bundesliga,wikipedia,2024-06-15,2024-06-27,False,False,exclude_preseason,alexander blessin,fabian h rzeler,stpauli,,,,,,False,False,False,False,False,external,review,default_external_needs_review,St Pauli,True,2024-08-25,2025-05-17,34.0,False,True,False,False
Union Berlin,Marco Grote (interim),End of caretaker spell,6 May 2024,Pre-season,Bo Svensson,23 May 2024,bundesliga,2024/25,2024–25 Bundesliga,https://en.wikipedia.org/wiki/2024%E2%80%9325_Bundesliga,wikipedia,2024-05-06,2024-05-23,False,True,exclude_preseason,bo svensson,marco grote,unionberlin,Sacked,bo svensson,2024-12-27,,,False,True,False,False,False,external,review,default_external_needs_review,Union Berlin,True,2024-08-24,2025-05-17,34.0,False,True,False,False
Union Berlin,Bo Svensson,Sacked,27 December 2024,12th,Steffen Baumgart,30 December 2024,bundesliga,2024/25,2024–25 Bundesliga,https://en.wikipedia.org/wiki/2024%E2%80%9325_Bundesliga,wikipedia,2024-12-27,2024-12-30,False,False,sacked,steffen baumgart,bo svensson,unionberlin,,,,bo svensson,False,False,False,False,True,False,external,manual,Hired from HSV as new head coach; former player but not then on Union staff,Union Berlin,True,2024-08-24,2025-05-17,34.0,True,False,True,False
VfL Wolfsburg,Ralph Hasenhüttl,Sacked,4 May 2025,12th,Daniel Bauer (interim),4 May 2025,bundesliga,2024/25,2024–25 Bundesliga,https://en.wikipedia.org/wiki/2024%E2%80%9325_Bundesliga,wikipedia,2025-05-04,2025-05-04,True,False,sacked,daniel bauer,ralph hasenh ttl,wolfsburg,,,,,,False,False,True,True,False,caretaker,high,caretaker_flag_or_short_spell,Wolfsburg,True,2024-08-25,2025-05-17,34.0,True,False,True,False
Albacete Balompié,José González,,19/02/2005,17,Martín Monteagudo,19/02/2005,la_liga,2004/05,,https://www.transfermarkt.com/laliga/trainerwechsel/wettbewerb/ES1/saison_id/2004,transfermarkt_gap,2005-02-19,2005-02-19,False,False,review,mart n monteagudo,jos gonz lez,albacetebalompie,,,,,,False,False,False,True,False,external,review,default_external_needs_review,,False,,,,False,False,False,False
Levante UD,Bernd Schuster,,01/05/2005,17,José Luis Oltra,01/05/2005,la_liga,2004/05,,https://www.transfermarkt.com/laliga/trainerwechsel/wettbewerb/ES1/saison_id/2004,transfermarkt_gap,2005-05-01,2005-05-01,False,False,review,jos luis oltra,bernd schuster,levante,,,,,,False,False,False,True,False,external,review,default_external_needs_review,Levante,True,2004-08-29,2005-05-29,29.0,True,False,False,False
Málaga CF,Gregorio Manzano,,11/01/2005,18,Antonio Tapia,11/01/2005,la_liga,2004/05,,https://www.transfermarkt.com/laliga/trainerwechsel/wettbewerb/ES1/saison_id/2004,transfermarkt_gap,2005-01-11,2005-01-11,False,False,review,antonio tapia,gregorio manzano,malaga,,,,,,False,False,False,True,False,external,review,default_external_needs_review,Malaga,True,2004-08-28,2005-05-29,25.0,True,False,False,False
RCD Mallorca,Benito Floro,,24/10/2004,19,Tomeu Llompart,24/10/2004,la_liga,2004/05,,https://www.transfermarkt.com/laliga/trainerwechsel/wettbewerb/ES1/saison_id/2004,transfermarkt_gap,2004-10-24,2004-10-24,False,False,review,tomeu llompart,benito floro,mallorca,,tomeu llompart,2004-11-02,,,False,True,False,True,False,caretaker,review,caretaker_flag_or_short_spell,Mallorca,True,2004-08-29,2005-05-29,27.0,True,False,False,False
RCD Mallorca,Tomeu Llompart,,02/11/2004,-,Héctor Cúper,02/11/2004,la_liga,2004/05,,https://www.transfermarkt.com/laliga/trainerwechsel/wettbewerb/ES1/saison_id/2004,transfermarkt_gap,2004-11-02,2004-11-02,False,False,review,h ctor c per,tomeu llompart,mallorca,,,,tomeu llompart,False,False,False,False,True,False,external,review,default_external_needs_review,Mallorca,True,2004-08-29,2005-05-29,27.0,True,False,False,False
CD Numancia,Francisco,,08/11/2004,20,Máximo Hernández,08/11/2004,la_liga,2004/05,,https://www.transfermarkt.com/laliga/trainerwechsel/wettbewerb/ES1/saison_id/2004,transfermarkt_gap,2004-11-08,2004-11-08,False,False,review,m ximo hern ndez,francisco,numancia,,,,,,False,False,False,True,False,external,review,default_external_needs_review,Numancia,True,2004-08-28,2005-05-29,27.0,True,False,False,False
Racing Santander,Lucas Alcaraz,,08/02/2005,18,Nando Yosu,08/02/2005,la_liga,2004/05,,https://www.transfermarkt.com/laliga/trainerwechsel/wettbewerb/ES1/saison_id/2004,transfermarkt_gap,2005-02-08,2005-02-08,False,False,review,nando yosu,lucas alcaraz,racingsantander,,,,,,False,False,False,True,False,external,review,default_external_needs_review,Santander,True,2004-08-29,2005-05-29,26.0,True,False,False,False
Real Madrid,José Antonio Camacho,,19/09/2004,8,Mariano García Remón,19/09/2004,la_liga,2004/05,,https://www.transfermarkt.com/laliga/trainerwechsel/wettbewerb/ES1/saison_id/2004,transfermarkt_gap,2004-09-19,2004-09-19,False,False,review,mariano garc a rem n,jos antonio camacho,realmadrid,,mariano garc a rem n,2004-12-30,,,False,True,False,True,False,external,review,default_external_needs_review,Real Madrid,True,2004-08-29,2005-05-29,28.0,True,False,False,False
Real Madrid,Mariano García Remón,,30/12/2004,2,Vanderlei Luxemburgo,30/12/2004,la_liga,2004/05,,https://www.transfermarkt.com/laliga/trainerwechsel/wettbewerb/ES1/saison_id/2004,transfermarkt_gap,2004-12-30,2004-12-30,False,False,review,vanderlei luxemburgo,mariano garc a rem n,realmadrid,,,,mariano garc a rem n,False,False,False,False,True,False,external,review,default_external_needs_review,Real Madrid,True,2004-08-29,2005-05-29,28.0,True,False,False,False
Valencia CF,Claudio Ranieri,,25/02/2005,6,Antonio López,25/02/2005,la_liga,2004/05,,https://www.transfermarkt.com/laliga/trainerwechsel/wettbewerb/ES1/saison_id/2004,transfermarkt_gap,2005-02-25,2005-02-25,False,False,review,antonio l pez,claudio ranieri,valencia,,,,,,False,False,False,True,False,external,review,default_external_needs_review,Valencia,True,2004-08-30,2005-05-29,26.0,True,False,False,False
Athletic Bilbao,José Luis Mendilibar,,31/10/2005,19,Javier Clemente,31/10/2005,la_liga,2005/06,,https://www.transfermarkt.com/laliga/trainerwechsel/wettbewerb/ES1/saison_id/2005,transfermarkt_gap,2005-10-31,2005-10-31,False,False,review,javier clemente,jos luis mendilibar,athleticbilbao,,,,,,False,False,False,True,False,external,review,default_external_needs_review,Ath Bilbao,True,2005-08-27,2006-05-20,38.0,True,False,False,False
Atlético de Madrid,Carlos Bianchi,,12/01/2006,12,Pepe Murcia,12/01/2006,la_liga,2005/06,,https://www.transfermarkt.com/laliga/trainerwechsel/wettbewerb/ES1/saison_id/2005,transfermarkt_gap,2006-01-12,2006-01-12,False,False,review,pepe murcia,carlos bianchi,atleticodemadrid,,,,,,False,False,False,True,False,external,review,default_external_needs_review,Ath Madrid,True,2005-08-28,2006-05-13,38.0,True,False,False,False
Deportivo Alavés,Chuchi Cos,,10/01/2006,20,Juan Carlos Oliva,10/01/2006,la_liga,2005/06,,https://www.transfermarkt.com/laliga/trainerwechsel/wettbewerb/ES1/saison_id/2005,transfermarkt_gap,2006-01-10,2006-01-10,False,False,review,juan carlos oliva,chuchi cos,deportivoalaves,,juan carlos oliva,2006-02-16,,,False,True,False,True,False,caretaker,review,caretaker_flag_or_short_spell,Alaves,True,2005-08-27,2006-05-13,38.0,True,False,False,False
Deportivo Alavés,Juan Carlos Oliva,,16/02/2006,17,Mario Luna,16/02/2006,la_liga,2005/06,,https://www.transfermarkt.com/laliga/trainerwechsel/wettbewerb/ES1/saison_id/2005,transfermarkt_gap,2006-02-16,2006-02-16,False,False,review,mario luna,juan carlos oliva,deportivoalaves,,,,juan carlos oliva,False,False,False,False,True,False,external,review,default_external_needs_review,Alaves,True,2005-08-27,2006-05-13,38.0,True,False,False,False
Málaga CF,Antonio Tapia,,30/01/2006,20,Manolo Hierro,30/01/2006,la_liga,2005/06,,https://www.transfermarkt.com/laliga/trainerwechsel/wettbewerb/ES1/saison_id/2005,transfermarkt_gap,2006-01-30,2006-01-30,False,False,review,manolo hierro,antonio tapia,malaga,,,,,,False,False,False,True,False,external,review,default_external_needs_review,Malaga,True,2005-08-28,2006-05-13,38.0,True,False,False,False
RCD Mallorca,Héctor Cúper,,13/02/2006,20,Gregorio Manzano,13/02/2006,la_liga,2005/06,,https://www.transfermarkt.com/laliga/trainerwechsel/wettbewerb/ES1/saison_id/2005,transfermarkt_gap,2006-02-13,2006-02-13,False,False,review,gregorio manzano,h ctor c per,mallorca,,,,,,False,False,False,True,False,external,review,default_external_needs_review,Mallorca,True,2005-08-28,2006-05-13,38.0,True,False,False,False
Racing Santander,Manolo Preciado,,23/04/2006,15,Nando Yosu (caretaker),23/04/2006,la_liga,2005/06,,https://www.transfermarkt.com/laliga/trainerwechsel/wettbewerb/ES1/saison_id/2005,transfermarkt_gap,2006-04-23,2006-04-23,True,False,review,nando yosu,manolo preciado,racingsantander,,,,,,False,False,True,True,False,caretaker,high,caretaker_flag_or_short_spell,Santander,True,2005-08-28,2006-05-13,38.0,True,False,False,False
Real Madrid,Vanderlei Luxemburgo,,04/12/2005,5,Juan Ramón López Caro,04/12/2005,la_liga,2005/06,,https://www.transfermarkt.com/laliga/trainerwechsel/wettbewerb/ES1/saison_id/2005,transfermarkt_gap,2005-12-04,2005-12-04,False,False,review,juan ram n l pez caro,vanderlei luxemburgo,realmadrid,,,,,,False,False,False,True,False,external,review,default_external_needs_review,Real Madrid,True,2005-08-28,2006-05-16,38.0,True,False,False,False
Real Sociedad,José Mari Amorrortu,,30/01/2006,15,Gonzalo Arconada,30/01/2006,la_liga,2005/06,,https://www.transfermarkt.com/laliga/trainerwechsel/wettbewerb/ES1/saison_id/2005,transfermarkt_gap,2006-01-30,2006-01-30,False,False,review,gonzalo arconada,jos mari amorrortu,realsociedad,,gonzalo arconada,2006-03-23,,,False,True,False,True,False,caretaker,review,caretaker_flag_or_short_spell,Sociedad,True,2005-08-27,2006-05-13,38.0,True,False,False,False
Real Sociedad,Gonzalo Arconada,,23/03/2006,18,José Mari Bakero,23/03/2006,la_liga,2005/06,,https://www.transfermarkt.com/laliga/trainerwechsel/wettbewerb/ES1/saison_id/2005,transfermarkt_gap,2006-03-23,2006-03-23,False,False,review,jos mari bakero,gonzalo arconada,realsociedad,,,,gonzalo arconada,False,False,False,False,True,False,external,review,default_external_needs_review,Sociedad,True,2005-08-27,2006-05-13,38.0,True,False,False,False
Athletic Bilbao,Félix Sarriugarte,,27/11/2006,18,Mané,27/11/2006,la_liga,2006/07,,https://www.transfermarkt.com/laliga/trainerwechsel/wettbewerb/ES1/saison_id/2006,transfermarkt_gap,2006-11-27,2006-11-27,False,False,review,man,f lix sarriugarte,athleticbilbao,,,,,,False,False,False,True,False,external,review,default_external_needs_review,Ath Bilbao,True,2006-08-27,2007-06-17,38.0,True,False,False,False
Celta de Vigo,Fernando Vázquez,,09/04/2007,18,Hristo Stoichkov,09/04/2007,la_liga,2006/07,,https://www.transfermarkt.com/laliga/trainerwechsel/wettbewerb/ES1/saison_id/2006,transfermarkt_gap,2007-04-09,2007-04-09,False,False,review,hristo stoichkov,fernando v zquez,celtadevigo,,,,,,False,False,False,True,False,external,review,default_external_needs_review,Celta,True,2006-08-28,2007-06-17,38.0,True,False,False,False
Gimnàstic de Tarragona,Luis César Sampedro,,26/11/2006,20,Paco Flores,26/11/2006,la_liga,2006/07,,https://www.transfermarkt.com/laliga/trainerwechsel/wettbewerb/ES1/saison_id/2006,transfermarkt_gap,2006-11-26,2006-11-26,False,False,review,paco flores,luis c sar sampedro,gimnasticdetarragona,,,,,,False,False,False,True,False,external,review,default_external_needs_review,Gimnastic,True,2006-08-27,2007-06-17,38.0,True,False,False,False
Levante UD,Juan Ramón López Caro,,15/01/2007,16,Abel Resino,15/01/2007,la_liga,2006/07,,https://www.transfermarkt.com/laliga/trainerwechsel/wettbewerb/ES1/saison_id/2006,transfermarkt_gap,2007-01-15,2007-01-15,False,False,review,abel resino,juan ram n l pez caro,levante,,,,,,False,False,False,True,False,external,review,default_external_needs_review,Levante,True,2006-08-29,2007-06-17,38.0,True,False,False,False
Real Betis Balompié,Javier Irureta,,22/12/2006,18,Luis Fernandez,22/12/2006,la_liga,2006/07,,https://www.transfermarkt.com/laliga/trainerwechsel/wettbewerb/ES1/saison_id/2006,transfermarkt_gap,2006-12-22,2006-12-22,False,False,review,luis fernandez,javier irureta,realbetisbalompie,,,,,,False,False,False,True,False,external,review,default_external_needs_review,,False,,,,False,False,False,False
Real Sociedad,José Mari Bakero,,26/10/2006,20,Miguel Ángel Lotina,26/10/2006,la_liga,2006/07,,https://www.transfermarkt.com/laliga/trainerwechsel/wettbewerb/ES1/saison_id/2006,transfermarkt_gap,2006-10-26,2006-10-26,False,False,review,miguel ngel lotina,jos mari bakero,realsociedad,,,,,,False,False,False,True,False,external,review,default_external_needs_review,Sociedad,True,2006-08-27,2007-06-17,38.0,True,False,False,False
Levante UD,Abel Resino,,08/10/2007,20,Giovanni De Biasi,08/10/2007,la_liga,2007/08,,https://www.transfermarkt.com/laliga/trainerwechsel/wettbewerb/ES1/saison_id/2007,transfermarkt_gap,2007-10-08,2007-10-08,False,False,review,giovanni de biasi,abel resino,levante,,giovanni de biasi,2008-04-16,,,False,True,False,True,False,external,review,default_external_needs_review,Levante,True,2007-08-26,2008-05-18,38.0,True,False,False,False
Levante UD,Giovanni De Biasi,,16/04/2008,20,José Moreno,16/04/2008,la_liga,2007/08,,https://www.transfermarkt.com/laliga/trainerwechsel/wettbewerb/ES1/saison_id/2007,transfermarkt_gap,2008-04-16,2008-04-16,False,False,review,jos moreno,giovanni de biasi,levante,,,,giovanni de biasi,False,False,False,False,True,False,external,review,default_external_needs_review,Levante,True,2007-08-26,2008-05-18,38.0,True,False,False,False
Real Betis Balompié,Héctor Cúper,,02/12/2007,19,Francisco Chaparro,02/12/2007,la_liga,2007/08,,https://www.transfermarkt.com/laliga/trainerwechsel/wettbewerb/ES1/saison_id/2007,transfermarkt_gap,2007-12-02,2007-12-02,False,False,review,francisco chaparro,h ctor c per,realbetisbalompie,,,,,,False,False,False,True,False,external,review,default_external_needs_review,,False,,,,False,False,False,False
Real Murcia CF,Lucas Alcaraz,,06/03/2008,19,Javier Clemente,06/03/2008,la_liga,2007/08,,https://www.transfermarkt.com/laliga/trainerwechsel/wettbewerb/ES1/saison_id/2007,transfermarkt_gap,2008-03-06,2008-03-06,False,False,review,javier clemente,lucas alcaraz,realmurcia,,,,,,False,False,False,True,False,external,review,default_external_needs_review,Murcia,True,2007-08-26,2008-05-17,38.0,True,False,False,False
Real Zaragoza,Víctor Fernández,,14/01/2008,14,Ander Garitano,14/01/2008,la_liga,2007/08,,https://www.transfermarkt.com/laliga/trainerwechsel/wettbewerb/ES1/saison_id/2007,transfermarkt_gap,2008-01-14,2008-01-14,False,False,review,ander garitano,v ctor fern ndez,realzaragoza,,ander garitano,2008-01-22,,,False,True,False,True,False,caretaker,review,caretaker_flag_or_short_spell,Zaragoza,True,2007-08-26,2008-05-18,38.0,True,False,False,False
Real Zaragoza,Ander Garitano,,22/01/2008,11,Javier Irureta,22/01/2008,la_liga,2007/08,,https://www.transfermarkt.com/laliga/trainerwechsel/wettbewerb/ES1/saison_id/2007,transfermarkt_gap,2008-01-22,2008-01-22,False,False,review,javier irureta,ander garitano,realzaragoza,,javier irureta,2008-03-03,ander garitano,False,False,True,False,True,False,caretaker,review,caretaker_flag_or_short_spell,Zaragoza,True,2007-08-26,2008-05-18,38.0,True,False,False,False
Real Zaragoza,Javier Irureta,,03/03/2008,18,Manolo Villanova,03/03/2008,la_liga,2007/08,,https://www.transfermarkt.com/laliga/trainerwechsel/wettbewerb/ES1/saison_id/2007,transfermarkt_gap,2008-03-03,2008-03-03,False,False,review,manolo villanova,javier irureta,realzaragoza,,,,javier irureta,False,False,False,False,True,False,external,review,default_external_needs_review,Zaragoza,True,2007-08-26,2008-05-18,38.0,True,False,False,False
Recreativo Huelva,Víctor Muñoz,,04/02/2008,19,Manolo Zambrano,04/02/2008,la_liga,2007/08,,https://www.transfermarkt.com/laliga/trainerwechsel/wettbewerb/ES1/saison_id/2007,transfermarkt_gap,2008-02-04,2008-02-04,False,False,review,manolo zambrano,v ctor mu oz,recreativohuelva,,,,,,False,False,False,True,False,external,review,default_external_needs_review,,False,,,,False,False,False,False
Sevilla FC,Juande Ramos,,25/10/2007,2,Manolo Jiménez,25/10/2007,la_liga,2007/08,,https://www.transfermarkt.com/laliga/trainerwechsel/wettbewerb/ES1/saison_id/2007,transfermarkt_gap,2007-10-25,2007-10-25,False,False,review,manolo jim nez,juande ramos,sevilla,,,,,,False,False,False,True,False,external,review,default_external_needs_review,Sevilla,True,2007-08-25,2008-05-18,38.0,True,False,False,False
Valencia CF,Quique Sánchez Flores,,29/10/2007,4,Óscar Fernández (caretaker),29/10/2007,la_liga,2007/08,,https://www.transfermarkt.com/laliga/trainerwechsel/wettbewerb/ES1/saison_id/2007,transfermarkt_gap,2007-10-29,2007-10-29,True,False,review,scar fern ndez,quique s nchez flores,valencia,,scar fern ndez,2007-11-04,,,False,True,False,True,False,caretaker,high,caretaker_flag_or_short_spell,Valencia,True,2007-08-26,2008-05-18,38.0,True,False,False,False
Valencia CF,Óscar Fernández,,04/11/2007,6,Ronald Koeman,04/11/2007,la_liga,2007/08,,https://www.transfermarkt.com/laliga/trainerwechsel/wettbewerb/ES1/saison_id/2007,transfermarkt_gap,2007-11-04,2007-11-04,False,False,review,ronald koeman,scar fern ndez,valencia,,ronald koeman,2008-04-21,scar fern ndez,True,False,True,False,True,False,external,review,default_external_needs_review,Valencia,True,2007-08-26,2008-05-18,38.0,True,False,False,False
Valencia CF,Ronald Koeman,,21/04/2008,15,Voro (caretaker),21/04/2008,la_liga,2007/08,,https://www.transfermarkt.com/laliga/trainerwechsel/wettbewerb/ES1/saison_id/2007,transfermarkt_gap,2008-04-21,2008-04-21,True,False,review,voro,ronald koeman,valencia,,,,ronald koeman,False,False,False,True,True,False,caretaker,high,caretaker_flag_or_short_spell,Valencia,True,2007-08-26,2008-05-18,38.0,True,False,False,False
Almería,Gonzalo Arconada,Sacked,21 December 2008,16th,Hugo Sánchez,22 December 2008,la_liga,2008/09,2008–09 La Liga,https://en.wikipedia.org/wiki/2008%E2%80%9309_La_Liga,wikipedia,2008-12-21,2008-12-22,False,False,sacked,hugo s nchez,gonzalo arconada,almeria,,,,,,False,False,False,True,False,external,manual,Ex-Mexico coach hired as new manager until season end with stay-up extension option,Almeria,True,2008-08-31,2009-05-30,38.0,True,False,True,False
Atlético Madrid,Javier Aguirre,Sacked,2 February 2009,7th,Abel Resino,2 February 2009,la_liga,2008/09,2008–09 La Liga,https://en.wikipedia.org/wiki/2008%E2%80%9309_La_Liga,wikipedia,2009-02-02,2009-02-02,False,False,sacked,abel resino,javier aguirre,atleticomadrid,,,,,,False,False,False,False,False,external,manual,Hired from Castellon as new coach; club legend but not then on Atletico staff,Ath Madrid,True,2008-08-31,2009-05-30,38.0,True,False,True,False
Betis,Paco Chaparro,Sacked,6 April 2009,16th,José María Nogués,6 April 2009,la_liga,2008/09,2008–09 La Liga,https://en.wikipedia.org/wiki/2008%E2%80%9309_La_Liga,wikipedia,2009-04-06,2009-04-06,False,False,sacked,jos mar a nogu s,paco chaparro,betis,,,,,,False,False,False,False,False,internal,manual,"Betis B coach promoted to first team until season end, to stay if they avoided relegation",Betis,True,2008-08-31,2009-05-31,38.0,True,False,True,False
Espanyol,Tintín Márquez,Sacked,30 November 2008,17th,José Manuel Esnal,1 December 2008,la_liga,2008/09,2008–09 La Liga,https://en.wikipedia.org/wiki/2008%E2%80%9309_La_Liga,wikipedia,2008-11-30,2008-12-01,False,False,sacked,jos manuel esnal,tint n m rquez,espanyol,Sacked,jos manuel esnal,2009-01-20,,,False,True,False,False,False,external,manual,"Signed from outside as new manager until season end, not labelled interim",Espanol,True,2008-08-30,2009-05-31,38.0,True,False,True,False
Espanyol,José Manuel Esnal,Sacked,20 January 2009,18th,Mauricio Pochettino,20 January 2009,la_liga,2008/09,2008–09 La Liga,https://en.wikipedia.org/wiki/2008%E2%80%9309_La_Liga,wikipedia,2009-01-20,2009-01-20,False,False,sacked,mauricio pochettino,jos manuel esnal,espanyol,,,,jos manuel esnal,False,False,False,False,False,False,internal,manual,Women's-team assistant already at Espanyol promoted to first-team manager,Espanol,True,2008-08-30,2009-05-31,38.0,True,False,True,False
Getafe,Víctor Muñoz,Sacked,27 April 2009,17th,Míchel,27 April 2009,la_liga,2008/09,2008–09 La Liga,https://en.wikipedia.org/wiki/2008%E2%80%9309_La_Liga,wikipedia,2009-04-27,2009-04-27,False,False,sacked,m chel,v ctor mu oz,getafe,,,,,,False,False,False,True,False,external,manual,Ex-Madrid Castilla coach hired from outside as new manager until season end,Getafe,True,2008-08-31,2009-05-31,38.0,True,False,True,False
Numancia,Sergije Krešić,Sacked,17 February 2009,19th,Pacheta,17 February 2009,la_liga,2008/09,2008–09 La Liga,https://en.wikipedia.org/wiki/2008%E2%80%9309_La_Liga,wikipedia,2009-02-17,2009-02-17,False,False,sacked,pacheta,sergije kre i,numancia,,,,,,False,False,False,True,False,internal,manual,Club director of football already at Numancia switched to manager,Numancia,True,2008-08-31,2009-05-31,38.0,True,False,True,False
Osasuna,José Ángel Ziganda,Sacked,13 October 2008,16th,José Antonio Camacho,13 October 2008,la_liga,2008/09,2008–09 La Liga,https://en.wikipedia.org/wiki/2008%E2%80%9309_La_Liga,wikipedia,2008-10-13,2008-10-13,False,False,sacked,jos antonio camacho,jos ngel ziganda,osasuna,,,,,,False,False,False,False,False,external,manual,Ex-Spain coach hired from outside as new manager until season end with renewal option,Osasuna,True,2008-08-31,2009-05-31,38.0,True,False,True,False
Real Madrid,Bernd Schuster,Sacked,9 December 2008,5th,Juande Ramos,9 December 2008,la_liga,2008/09,2008–09 La Liga,https://en.wikipedia.org/wiki/2008%E2%80%9309_La_Liga,wikipedia,2008-12-09,2008-12-09,False,False,sacked,juande ramos,bernd schuster,realmadrid,,,,,,False,False,False,True,True,external,high,arrived_from_other_club_in_sample,Real Madrid,True,2008-08-31,2009-05-31,38.0,True,False,True,False
Recreativo,Manolo Zambrano,Sacked,7 October 2008,18th,Lucas Alcaraz,7 October 2008,la_liga,2008/09,2008–09 La Liga,https://en.wikipedia.org/wiki/2008%E2%80%9309_La_Liga,wikipedia,2008-10-07,2008-10-07,False,False,sacked,lucas alcaraz,manolo zambrano,recreativo,,,,,,False,False,False,False,False,external,manual,"Returning former Recre coach hired from outside as new manager, not then on staff",Recreativo,True,2008-08-31,2009-05-31,38.0,True,False,True,False
Almería,Hugo Sánchez,Sacked,20 December 2009,17th,Juanma Lillo,23 December 2009,la_liga,2009/10,2009–10 La Liga,https://en.wikipedia.org/wiki/2009%E2%80%9310_La_Liga,wikipedia,2009-12-20,2009-12-23,False,False,sacked,juanma lillo,hugo s nchez,almeria,,,,,,False,False,False,True,False,external,manual,Hired from outside as new manager until 30 June after Hugo Sanchez sacking,Almeria,True,2009-08-30,2010-05-15,38.0,True,False,True,False
Atlético Madrid,Abel Resino,Sacked,23 October 2009,15th,Quique Sánchez Flores,23 October 2009,la_liga,2009/10,2009–10 La Liga,https://en.wikipedia.org/wiki/2009%E2%80%9310_La_Liga,wikipedia,2009-10-23,2009-10-23,False,False,sacked,quique s nchez flores,abel resino,atleticomadrid,,,,,,False,False,False,False,False,external,manual,Hired from Valencia as new head coach; Santi Denia only a brief caretaker not in this row,Ath Madrid,True,2009-08-30,2010-05-15,38.0,True,False,True,False
Málaga,Antonio Tapia,Mutual consent,1 June 2009,8th (2008–09),Juan Muñiz,13 June 2009,la_liga,2009/10,2009–10 La Liga,https://en.wikipedia.org/wiki/2009%E2%80%9310_La_Liga,wikipedia,2009-06-01,2009-06-13,False,False,mutual_consent,juan mu iz,antonio tapia,malaga,,,,,,False,False,False,False,True,external,high,arrived_from_other_club_in_sample,Malaga,True,2009-08-30,2010-05-16,38.0,False,False,False,False
Racing Santander,Juan Muñiz,Mutual consent,13 June 2009,12th (2008–09),Juan Carlos Mandiá,26 June 2009,la_liga,2009/10,2009–10 La Liga,https://en.wikipedia.org/wiki/2009%E2%80%9310_La_Liga,wikipedia,2009-06-13,2009-06-26,False,False,mutual_consent,juan carlos mandi,juan mu iz,racingsantander,Sacked,juan carlos mandi,2009-11-09,,,False,True,False,False,False,external,review,default_external_needs_review,Santander,True,2009-08-30,2010-05-16,38.0,False,False,False,False
Racing Santander,Juan Carlos Mandiá,Sacked,9 November 2009,17th,Miguel Ángel Portugal,19 November 2009,la_liga,2009/10,2009–10 La Liga,https://en.wikipedia.org/wiki/2009%E2%80%9310_La_Liga,wikipedia,2009-11-09,2009-11-19,False,False,sacked,miguel ngel portugal,juan carlos mandi,racingsantander,,,,juan carlos mandi,False,False,False,False,True,False,external,manual,"Returning former Racing coach hired from Real Madrid technical staff, not then at Racing",Santander,True,2009-08-30,2010-05-16,38.0,True,False,True,False
Real Madrid,Juande Ramos,End of contract,1 June 2009,2nd (2008–09),Manuel Pellegrini,2 June 2009,la_liga,2009/10,2009–10 La Liga,https://en.wikipedia.org/wiki/2009%E2%80%9310_La_Liga,wikipedia,2009-06-01,2009-06-02,False,False,exclude_end_of_contract,manuel pellegrini,juande ramos,realmadrid,,,,,,False,False,False,False,True,external,high,arrived_from_other_club_in_sample,Real Madrid,True,2009-08-29,2010-05-16,38.0,False,False,False,False
Sevilla,Manolo Jiménez,Sacked,23 March 2010,5th,Antonio Álvarez,26 March 2010,la_liga,2009/10,2009–10 La Liga,https://en.wikipedia.org/wiki/2009%E2%80%9310_La_Liga,wikipedia,2010-03-23,2010-03-26,False,False,sacked,antonio lvarez,manolo jim nez,sevilla,,,,,,False,False,False,True,False,caretaker,manual,Existing technical-staff member appointed head coach only until season end after Aragones declined,Sevilla,True,2009-08-30,2010-05-15,38.0,True,False,True,False
Valladolid,José Luis Mendilibar,Sacked,1 February 2010,17th,Onésimo Sánchez,1 February 2010,la_liga,2009/10,2009–10 La Liga,https://en.wikipedia.org/wiki/2009%E2%80%9310_La_Liga,wikipedia,2010-02-01,2010-02-01,False,False,sacked,on simo s nchez,jos luis mendilibar,valladolid,Sacked,on simo s nchez,2010-04-05,,,False,True,False,False,False,internal,manual,B-team coach promoted as new first-team manager; president called it an internal promotion,Valladolid,True,2009-08-30,2010-05-16,38.0,True,False,True,False
Valladolid,Onésimo Sánchez,Sacked,5 April 2010,19th,Javier Clemente,6 April 2010,la_liga,2009/10,2009–10 La Liga,https://en.wikipedia.org/wiki/2009%E2%80%9310_La_Liga,wikipedia,2010-04-05,2010-04-06,False,False,sacked,javier clemente,on simo s nchez,valladolid,,,,on simo s nchez,False,False,False,False,False,False,external,manual,Hired from outside as new manager after Onesimo was sacked,Valladolid,True,2009-08-30,2010-05-16,38.0,True,False,True,False
Villarreal,Manuel Pellegrini,Signed for Real Madrid and thus purchased rights for €4m,2 June 2009,5th (2008–09),Ernesto Valverde,2 June 2009,la_liga,2009/10,2009–10 La Liga,https://en.wikipedia.org/wiki/2009%E2%80%9310_La_Liga,wikipedia,2009-06-02,2009-06-02,False,False,exclude_signed_for,ernesto valverde,manuel pellegrini,villarreal,Sacked,ernesto valverde,2010-01-31,,,False,True,False,False,False,external,review,default_external_needs_review,Villarreal,True,2009-08-30,2010-05-15,38.0,False,False,False,False
Villarreal,Ernesto Valverde,Sacked,31 January 2010,9th,Juan Carlos Garrido,1 February 2010,la_liga,2009/10,2009–10 La Liga,https://en.wikipedia.org/wiki/2009%E2%80%9310_La_Liga,wikipedia,2010-01-31,2010-02-01,False,False,sacked,juan carlos garrido,ernesto valverde,villarreal,,,,ernesto valverde,False,False,False,False,True,False,caretaker,manual,B-team coach given first team only until season end; permanent deal came later in April,Villarreal,True,2009-08-30,2010-05-15,38.0,True,False,True,False
Xerez,Esteban Vigo,Mutual consent,28 June 2009,1st in Segunda División (2008–09),José Ángel Ziganda,8 July 2009,la_liga,2009/10,2009–10 La Liga,https://en.wikipedia.org/wiki/2009%E2%80%9310_La_Liga,wikipedia,2009-06-28,2009-07-08,False,False,mutual_consent,jos ngel ziganda,esteban vigo,xerez,Sacked,jos ngel ziganda,2010-01-12,,,False,True,False,False,False,external,review,default_external_needs_review,Xerez,True,2009-08-30,2010-05-16,38.0,False,False,False,False
Xerez,José Ángel Ziganda,Sacked,12 January 2010,20th,Néstor Gorosito,19 January 2010,la_liga,2009/10,2009–10 La Liga,https://en.wikipedia.org/wiki/2009%E2%80%9310_La_Liga,wikipedia,2010-01-12,2010-01-19,False,False,sacked,n stor gorosito,jos ngel ziganda,xerez,,,,jos ngel ziganda,False,False,False,False,True,False,external,manual,Hired from outside as new manager after Ziganda sacking,Xerez,True,2009-08-30,2010-05-16,38.0,True,False,True,False
Zaragoza,Marcelino,Sacked,12 December 2009,17th,José Aurelio Gay,23 December 2009,la_liga,2009/10,2009–10 La Liga,https://en.wikipedia.org/wiki/2009%E2%80%9310_La_Liga,wikipedia,2009-12-12,2009-12-23,False,False,sacked,jos aurelio gay,marcelino,zaragoza,,,,,,False,False,False,False,False,caretaker,manual,Zaragoza B coach named provisional/interim while club searched for a permanent,Zaragoza,True,2009-08-29,2010-05-15,38.0,True,False,True,False
Almería,Juanma Lillo,Sacked,20 November 2010,19th,José Luis Oltra,24 November 2010,la_liga,2010/11,2010–11 La Liga,https://en.wikipedia.org/wiki/2010%E2%80%9311_La_Liga,wikipedia,2010-11-20,2010-11-24,False,False,sacked,jos luis oltra,juanma lillo,almeria,Sacked,jos luis oltra,2011-04-05,,,False,True,False,True,False,external,manual,Hired from outside as new manager after Lillo sacking,Almeria,True,2010-08-29,2011-05-21,38.0,True,False,True,False
Almería,José Luis Oltra,Sacked,5 April 2011,20th,Roberto Olabe,5 April 2011,la_liga,2010/11,2010–11 La Liga,https://en.wikipedia.org/wiki/2010%E2%80%9311_La_Liga,wikipedia,2011-04-05,2011-04-05,False,False,sacked,roberto olabe,jos luis oltra,almeria,,,,jos luis oltra,False,False,False,False,True,False,external,manual,Returning former sporting director hired from outside as new coach until season end,Almeria,True,2010-08-29,2011-05-21,38.0,True,False,True,False
Hércules,Esteban Vigo,Sacked,20 March 2011,20th,Miroslav Đukić,23 March 2011,la_liga,2010/11,2010–11 La Liga,https://en.wikipedia.org/wiki/2010%E2%80%9311_La_Liga,wikipedia,2011-03-20,2011-03-23,False,False,sacked,miroslav uki,esteban vigo,hercules,,,,,,False,False,False,True,False,external,manual,Hired from outside as new manager after Vigo sacking,Hercules,True,2010-08-28,2011-05-21,38.0,True,False,True,False
Málaga,Juan Muñiz,Sacked,16 June 2010,Pre-season,Jesualdo Ferreira,17 June 2010,la_liga,2010/11,2010–11 La Liga,https://en.wikipedia.org/wiki/2010%E2%80%9311_La_Liga,wikipedia,2010-06-16,2010-06-17,False,False,exclude_preseason,jesualdo ferreira,juan mu iz,malaga,Sacked,jesualdo ferreira,2010-11-02,,,False,True,False,False,False,external,review,default_external_needs_review,Malaga,True,2010-08-28,2011-05-21,38.0,False,True,False,False
Málaga,Jesualdo Ferreira,Sacked,2 November 2010,18th,Manuel Pellegrini,2 November 2010,la_liga,2010/11,2010–11 La Liga,https://en.wikipedia.org/wiki/2010%E2%80%9311_La_Liga,wikipedia,2010-11-02,2010-11-02,False,False,sacked,manuel pellegrini,jesualdo ferreira,malaga,,,,jesualdo ferreira,False,False,False,False,True,True,external,high,arrived_from_other_club_in_sample,Malaga,True,2010-08-28,2011-05-21,38.0,True,False,True,False
Mallorca,Gregorio Manzano,End of contract,19 May 2010,Pre-season,Michael Laudrup,2 July 2010,la_liga,2010/11,2010–11 La Liga,https://en.wikipedia.org/wiki/2010%E2%80%9311_La_Liga,wikipedia,2010-05-19,2010-07-02,False,False,exclude_preseason,michael laudrup,gregorio manzano,mallorca,,,,,,False,False,False,False,False,external,review,default_external_needs_review,Mallorca,True,2010-08-29,2011-05-21,38.0,False,True,False,False
Osasuna,José Antonio Camacho,Sacked,14 February 2011,18th,José Luis Mendilibar,14 February 2011,la_liga,2010/11,2010–11 La Liga,https://en.wikipedia.org/wiki/2010%E2%80%9311_La_Liga,wikipedia,2011-02-14,2011-02-14,False,False,sacked,jos luis mendilibar,jos antonio camacho,osasuna,,,,,,False,False,False,False,False,external,manual,Hired from outside as new manager after Camacho sacking,Osasuna,True,2010-08-29,2011-05-21,38.0,True,False,True,False
Racing Santander,Miguel Ángel Portugal,Sacked,7 February 2011,16th,Marcelino,9 February 2011,la_liga,2010/11,2010–11 La Liga,https://en.wikipedia.org/wiki/2010%E2%80%9311_La_Liga,wikipedia,2011-02-07,2011-02-09,False,False,sacked,marcelino,miguel ngel portugal,racingsantander,,,,,,False,False,False,True,False,external,manual,Hired from outside as new manager after Portugal sacking,Santander,True,2010-08-29,2011-05-21,38.0,True,False,True,False
Real Madrid,Manuel Pellegrini,Sacked,26 May 2010,Pre-season,José Mourinho,28 May 2010,la_liga,2010/11,2010–11 La Liga,https://en.wikipedia.org/wiki/2010%E2%80%9311_La_Liga,wikipedia,2010-05-26,2010-05-28,False,False,exclude_preseason,jos mourinho,manuel pellegrini,realmadrid,,,,,,False,False,False,False,True,external,high,arrived_from_other_club_in_sample,Real Madrid,True,2010-08-29,2011-05-21,38.0,False,True,False,False
Sevilla,Antonio Álvarez,Sacked,26 September 2010,7th,Gregorio Manzano,26 September 2010,la_liga,2010/11,2010–11 La Liga,https://en.wikipedia.org/wiki/2010%E2%80%9311_La_Liga,wikipedia,2010-09-26,2010-09-26,False,False,sacked,gregorio manzano,antonio lvarez,sevilla,,,,,,False,False,False,True,True,external,high,arrived_from_other_club_in_sample,Sevilla,True,2010-08-28,2011-05-21,38.0,True,False,True,False
Zaragoza,José Aurelio Gay,Sacked,17 November 2010,20th,Javier Aguirre,17 November 2010,la_liga,2010/11,2010–11 La Liga,https://en.wikipedia.org/wiki/2010%E2%80%9311_La_Liga,wikipedia,2010-11-17,2010-11-17,False,False,sacked,javier aguirre,jos aurelio gay,zaragoza,,,,,,False,False,False,False,False,external,manual,Hired from outside as new manager after Gay sacking,Zaragoza,True,2010-08-29,2011-05-21,38.0,True,False,True,False
Athletic Bilbao,Joaquín Caparrós,End of contract,7 July 2011,6th (2010–11),Marcelo Bielsa,7 July 2011,la_liga,2011/12,2011–12 La Liga,https://en.wikipedia.org/wiki/2011%E2%80%9312_La_Liga,wikipedia,2011-07-07,2011-07-07,False,False,exclude_end_of_contract,marcelo bielsa,joaqu n caparr s,athleticbilbao,,,,,,False,False,False,False,False,external,review,default_external_needs_review,Ath Bilbao,True,2011-08-28,2012-05-13,38.0,False,False,False,False
Atlético Madrid,Quique Sánchez Flores,End of contract,24 May 2011,7th (2010–11),Gregorio Manzano,8 June 2011,la_liga,2011/12,2011–12 La Liga,https://en.wikipedia.org/wiki/2011%E2%80%9312_La_Liga,wikipedia,2011-05-24,2011-06-08,False,False,exclude_end_of_contract,gregorio manzano,quique s nchez flores,atleticomadrid,Sacked,gregorio manzano,2011-12-22,,,False,True,False,False,True,external,high,arrived_from_other_club_in_sample,Ath Madrid,True,2011-08-28,2012-05-13,38.0,False,False,False,False
Atlético Madrid,Gregorio Manzano,Sacked,22 December 2011,10th,Diego Simeone,23 December 2011,la_liga,2011/12,2011–12 La Liga,https://en.wikipedia.org/wiki/2011%E2%80%9312_La_Liga,wikipedia,2011-12-22,2011-12-23,False,False,sacked,diego simeone,gregorio manzano,atleticomadrid,,,,gregorio manzano,False,False,False,False,False,False,external,manual,Hired from Racing Avellaneda as new coach for rest of season plus one more,Ath Madrid,True,2011-08-28,2012-05-13,38.0,True,False,True,False
Getafe,Míchel,End of contract,30 May 2011,16th (2010–11),Luis García,4 June 2011,la_liga,2011/12,2011–12 La Liga,https://en.wikipedia.org/wiki/2011%E2%80%9312_La_Liga,wikipedia,2011-05-30,2011-06-04,False,False,exclude_end_of_contract,luis garc a,m chel,getafe,,,,,,False,False,False,False,True,external,high,arrived_from_other_club_in_sample,Getafe,True,2011-08-28,2012-05-13,38.0,False,False,False,False
Granada,Fabri,Sacked,22 January 2012,18th,Abel Resino,23 January 2012,la_liga,2011/12,2011–12 La Liga,https://en.wikipedia.org/wiki/2011%E2%80%9312_La_Liga,wikipedia,2012-01-22,2012-01-23,False,False,sacked,abel resino,fabri,granada,,,,,,False,False,False,True,False,external,manual,Hired from outside as new manager after Fabri sacking,Granada,True,2011-08-27,2012-05-13,38.0,True,False,True,False
Levante,Luis García,Mutual consent,3 June 2011,14th (2010–11),Juan Ignacio Martínez,9 June 2011,la_liga,2011/12,2011–12 La Liga,https://en.wikipedia.org/wiki/2011%E2%80%9312_La_Liga,wikipedia,2011-06-03,2011-06-09,False,False,mutual_consent,juan ignacio mart nez,luis garc a,levante,,,,,,False,False,False,False,False,external,review,default_external_needs_review,Levante,True,2011-08-28,2012-05-13,38.0,False,False,False,False
Mallorca,Michael Laudrup,Resigned,27 September 2011,11th,Miguel Ángel Nadal (as caretaker),28 September 2011,la_liga,2011/12,2011–12 La Liga,https://en.wikipedia.org/wiki/2011%E2%80%9312_La_Liga,wikipedia,2011-09-27,2011-09-28,True,False,exclude_resigned,miguel ngel nadal as,michael laudrup,mallorca,End of tenure as caretaker,miguel ngel nadal,2011-10-03,,,False,False,False,True,False,caretaker,high,caretaker_flag_or_short_spell,Mallorca,True,2011-08-28,2012-05-13,38.0,True,False,False,False
Mallorca,Miguel Ángel Nadal,End of tenure as caretaker,3 October 2011,11th,Joaquín Caparrós,3 October 2011,la_liga,2011/12,2011–12 La Liga,https://en.wikipedia.org/wiki/2011%E2%80%9312_La_Liga,wikipedia,2011-10-03,2011-10-03,False,False,review,joaqu n caparr s,miguel ngel nadal,mallorca,,,,miguel ngel nadal as,True,False,False,False,True,True,external,high,arrived_from_other_club_in_sample,Mallorca,True,2011-08-28,2012-05-13,38.0,True,False,False,False
Racing Santander,Marcelino,Mutual consent,3 June 2011,12th (2010–11),Héctor Cúper,29 June 2011,la_liga,2011/12,2011–12 La Liga,https://en.wikipedia.org/wiki/2011%E2%80%9312_La_Liga,wikipedia,2011-06-03,2011-06-29,False,False,mutual_consent,h ctor c per,marcelino,racingsantander,Mutual consent,h ctor c per,2011-11-29,,,False,True,False,False,False,external,review,default_external_needs_review,Santander,True,2011-08-27,2012-05-13,38.0,False,False,False,False
Racing Santander,Héctor Cúper,Mutual consent,29 November 2011,20th,Juanjo González,30 November 2011,la_liga,2011/12,2011–12 La Liga,https://en.wikipedia.org/wiki/2011%E2%80%9312_La_Liga,wikipedia,2011-11-29,2011-11-30,False,False,mutual_consent,juanjo gonz lez,h ctor c per,racingsantander,Sacked,juanjo gonz lez,2012-03-07,h ctor c per,False,False,True,False,True,False,caretaker,manual,Club named in-house trio de forma transitoria until a new coach was hired; interinidad ended weeks later.,Santander,True,2011-08-27,2012-05-13,38.0,True,False,False,True
Racing Santander,Juanjo González,Sacked,7 March 2012,18th,Álvaro Cervera,9 March 2012,la_liga,2011/12,2011–12 La Liga,https://en.wikipedia.org/wiki/2011%E2%80%9312_La_Liga,wikipedia,2012-03-07,2012-03-09,False,False,sacked,lvaro cervera,juanjo gonz lez,racingsantander,,,,juanjo gonz lez,False,False,False,False,True,False,external,manual,"Hired from Recreativo as new manager until 30 June, not then on Racing staff",Santander,True,2011-08-27,2012-05-13,38.0,True,False,True,False
Real Sociedad,Martín Lasarte,Sacked,24 May 2011,15th (2010–11),Philippe Montanier,4 June 2011,la_liga,2011/12,2011–12 La Liga,https://en.wikipedia.org/wiki/2011%E2%80%9312_La_Liga,wikipedia,2011-05-24,2011-06-04,False,False,sacked,philippe montanier,mart n lasarte,realsociedad,,,,,,False,False,False,False,True,external,high,arrived_from_other_club_in_sample,Sociedad,True,2011-08-27,2012-05-12,38.0,False,False,False,False
Sevilla,Gregorio Manzano,End of contract,25 May 2011,5th (2010–11),Marcelino,3 June 2011,la_liga,2011/12,2011–12 La Liga,https://en.wikipedia.org/wiki/2011%E2%80%9312_La_Liga,wikipedia,2011-05-25,2011-06-03,False,False,exclude_end_of_contract,marcelino,gregorio manzano,sevilla,Sacked,marcelino,2012-02-06,,,False,True,False,False,True,external,high,arrived_from_other_club_in_sample,Sevilla,True,2011-08-28,2012-05-13,38.0,False,False,False,False
Sevilla,Marcelino,Sacked,6 February 2012,11th,Míchel,7 February 2012,la_liga,2011/12,2011–12 La Liga,https://en.wikipedia.org/wiki/2011%E2%80%9312_La_Liga,wikipedia,2012-02-06,2012-02-07,False,False,sacked,m chel,marcelino,sevilla,,,,marcelino,False,False,False,False,True,False,external,manual,Hired from outside as new manager after Marcelino sacking,Sevilla,True,2011-08-28,2012-05-13,38.0,True,False,True,False
Sporting de Gijón,Manolo Preciado,Sacked,31 January 2012,19th,Iñaki Tejada (as caretaker),31 January 2012,la_liga,2011/12,2011–12 La Liga,https://en.wikipedia.org/wiki/2011%E2%80%9312_La_Liga,wikipedia,2012-01-31,2012-01-31,True,False,sacked,i aki tejada as,manolo preciado,sportingdegijon,End of tenure as caretaker,i aki tejada,2012-02-13,,,False,False,False,False,False,caretaker,high,caretaker_flag_or_short_spell,Sp Gijon,True,2011-08-27,2012-05-13,38.0,True,False,True,False
Sporting de Gijón,Iñaki Tejada,End of tenure as caretaker,13 February 2012,19th,Javier Clemente,13 February 2012,la_liga,2011/12,2011–12 La Liga,https://en.wikipedia.org/wiki/2011%E2%80%9312_La_Liga,wikipedia,2012-02-13,2012-02-13,False,False,review,javier clemente,i aki tejada,sportingdegijon,,,,i aki tejada as,True,False,False,False,False,False,external,review,default_external_needs_review,Sp Gijon,True,2011-08-27,2012-05-13,38.0,True,False,False,False
Villarreal,Juan Carlos Garrido,Sacked,22 December 2011,17th,José Molina,22 December 2011,la_liga,2011/12,2011–12 La Liga,https://en.wikipedia.org/wiki/2011%E2%80%9312_La_Liga,wikipedia,2011-12-22,2011-12-22,False,False,sacked,jos molina,juan carlos garrido,villarreal,Sacked,jos molina,2012-03-18,,,False,True,False,True,False,caretaker,manual,B-team coach given first team only until season end,Villarreal,True,2011-08-29,2012-05-13,38.0,True,False,True,False
Villarreal,José Molina,Sacked,18 March 2012,17th,Miguel Ángel Lotina,19 March 2012,la_liga,2011/12,2011–12 La Liga,https://en.wikipedia.org/wiki/2011%E2%80%9312_La_Liga,wikipedia,2012-03-18,2012-03-19,False,False,sacked,miguel ngel lotina,jos molina,villarreal,,,,jos molina,False,False,False,False,True,False,external,manual,Hired from outside as new manager until season end after Molina sacking,Villarreal,True,2011-08-29,2012-05-13,38.0,True,False,True,False
Zaragoza,Javier Aguirre,Sacked,30 December 2011,20th,Manolo Jiménez,31 December 2011,la_liga,2011/12,2011–12 La Liga,https://en.wikipedia.org/wiki/2011%E2%80%9312_La_Liga,wikipedia,2011-12-30,2011-12-31,False,False,sacked,manolo jim nez,javier aguirre,zaragoza,,,,,,False,False,False,False,False,external,manual,Hired from outside as new manager after Aguirre sacking,Zaragoza,True,2011-08-28,2012-05-13,38.0,True,False,True,False
Barcelona,Pep Guardiola,End of contract,30 June 2012,Pre-Season,Tito Vilanova,13 June 2012,la_liga,2012/13,2012–13 La Liga,https://en.wikipedia.org/wiki/2012%E2%80%9313_La_Liga,wikipedia,2012-06-30,2012-06-13,False,False,exclude_preseason,tito vilanova,pep guardiola,barcelona,,,,,,False,False,False,False,False,external,review,default_external_needs_review,Barcelona,True,2012-08-19,2013-06-01,38.0,False,True,False,False
Celta de Vigo,Paco Herrera,Sacked,18 February 2013,18th,Abel Resino,18 February 2013,la_liga,2012/13,2012–13 La Liga,https://en.wikipedia.org/wiki/2012%E2%80%9313_La_Liga,wikipedia,2013-02-18,2013-02-18,False,False,sacked,abel resino,paco herrera,celtadevigo,,,,,,False,False,False,True,False,external,manual,Hired from outside as new manager after Herrera sacking,Celta,True,2012-08-18,2013-06-01,38.0,True,False,True,False
Deportivo La Coruña,José Luis Oltra,Sacked,30 December 2012,20th,Domingos Paciência,31 December 2012,la_liga,2012/13,2012–13 La Liga,https://en.wikipedia.org/wiki/2012%E2%80%9313_La_Liga,wikipedia,2012-12-30,2012-12-31,False,False,sacked,domingos paci ncia,jos luis oltra,deportivolacoruna,Mutual consent,domingos paci ncia,2013-02-11,,,False,True,False,False,False,external,manual,Hired from Sporting Lisbon unemployment as new manager until 30 June; not interim staff,La Coruna,True,2012-08-20,2013-06-01,38.0,True,False,True,False
Deportivo La Coruña,Domingos Paciência,Mutual consent,11 February 2013,20th,Fernando Vázquez,11 February 2013,la_liga,2012/13,2012–13 La Liga,https://en.wikipedia.org/wiki/2012%E2%80%9313_La_Liga,wikipedia,2013-02-11,2013-02-11,False,False,mutual_consent,fernando v zquez,domingos paci ncia,deportivolacoruna,,,,domingos paci ncia,False,False,False,False,False,False,external,manual,"Hired from outside as nuevo entrenador until season end, with automatic renewal if Deportivo stayed up.",La Coruna,True,2012-08-20,2013-06-01,38.0,True,False,False,True
Espanyol,Mauricio Pochettino,Mutual consent,26 November 2012,20th,Javier Aguirre,28 November 2012,la_liga,2012/13,2012–13 La Liga,https://en.wikipedia.org/wiki/2012%E2%80%9313_La_Liga,wikipedia,2012-11-26,2012-11-28,False,False,mutual_consent,javier aguirre,mauricio pochettino,espanyol,,,,,,False,False,False,False,False,external,manual,Hired from outside on 28 November 2012 to replace Pochettino; not club staff.,Espanol,True,2012-08-18,2013-06-01,38.0,True,False,False,True
Granada,Abel Resino,End of contract,30 June 2012,Pre-Season,Juan Antonio Anquela,18 June 2012,la_liga,2012/13,2012–13 La Liga,https://en.wikipedia.org/wiki/2012%E2%80%9313_La_Liga,wikipedia,2012-06-30,2012-06-18,False,False,exclude_preseason,juan antonio anquela,abel resino,granada,Sacked,juan antonio anquela,2013-01-30,,,False,True,False,False,False,external,review,default_external_needs_review,Granada,True,2012-08-20,2013-06-01,38.0,False,True,False,False
Granada,Juan Antonio Anquela,Sacked,30 January 2013,17th,Lucas Alcaraz,30 January 2013,la_liga,2012/13,2012–13 La Liga,https://en.wikipedia.org/wiki/2012%E2%80%9313_La_Liga,wikipedia,2013-01-30,2013-01-30,False,False,sacked,lucas alcaraz,juan antonio anquela,granada,,,,juan antonio anquela,False,False,False,False,True,False,external,manual,Hired from outside as new manager after Anquela sacking,Granada,True,2012-08-20,2013-06-01,38.0,True,False,True,False
Mallorca,Joaquín Caparrós,Sacked,4 February 2013,19th,Gregorio Manzano,5 February 2013,la_liga,2012/13,2012–13 La Liga,https://en.wikipedia.org/wiki/2012%E2%80%9313_La_Liga,wikipedia,2013-02-04,2013-02-05,False,False,sacked,gregorio manzano,joaqu n caparr s,mallorca,,,,,,False,False,False,True,False,external,manual,Hired from outside as new manager after Caparros sacking,Mallorca,True,2012-08-18,2013-06-01,38.0,True,False,True,False
Rayo Vallecano,José Ramón Sandoval,End of contract,30 June 2012,Pre-Season,Paco Jémez,14 June 2012,la_liga,2012/13,2012–13 La Liga,https://en.wikipedia.org/wiki/2012%E2%80%9313_La_Liga,wikipedia,2012-06-30,2012-06-14,False,False,exclude_preseason,paco j mez,jos ram n sandoval,rayovallecano,,,,,,False,False,False,False,False,external,review,default_external_needs_review,Vallecano,True,2012-08-20,2013-06-01,38.0,False,True,False,False
Sevilla,Míchel,Sacked,14 January 2013,12th,Unai Emery,14 January 2013,la_liga,2012/13,2012–13 La Liga,https://en.wikipedia.org/wiki/2012%E2%80%9313_La_Liga,wikipedia,2013-01-14,2013-01-14,False,False,sacked,unai emery,m chel,sevilla,,,,,,False,False,False,True,False,external,manual,Hired from outside as new manager after Michel sacking,Sevilla,True,2012-08-18,2013-06-01,38.0,True,False,True,False
Valencia,Unai Emery,End of contract,30 June 2012,Pre-Season,Mauricio Pellegrino,4 June 2012,la_liga,2012/13,2012–13 La Liga,https://en.wikipedia.org/wiki/2012%E2%80%9313_La_Liga,wikipedia,2012-06-30,2012-06-04,False,False,exclude_preseason,mauricio pellegrino,unai emery,valencia,Sacked,mauricio pellegrino,2012-12-01,,,False,True,False,False,False,external,review,default_external_needs_review,Valencia,True,2012-08-19,2013-06-01,38.0,False,True,False,False
Valencia,Mauricio Pellegrino,Sacked,1 December 2012,12th,Voro (caretaker),1 December 2012,la_liga,2012/13,2012–13 La Liga,https://en.wikipedia.org/wiki/2012%E2%80%9313_La_Liga,wikipedia,2012-12-01,2012-12-01,True,False,sacked,voro,mauricio pellegrino,valencia,End of tenure as caretaker,voro,2012-12-05,mauricio pellegrino,False,False,True,False,True,False,caretaker,high,caretaker_flag_or_short_spell,Valencia,True,2012-08-19,2013-06-01,38.0,True,False,True,False
Valencia,Voro (caretaker),End of tenure as caretaker,5 December 2012,12th,Ernesto Valverde,3 December 2012,la_liga,2012/13,2012–13 La Liga,https://en.wikipedia.org/wiki/2012%E2%80%9313_La_Liga,wikipedia,2012-12-05,2012-12-03,False,True,review,ernesto valverde,voro,valencia,,,,voro,True,False,False,False,True,False,external,review,default_external_needs_review,Valencia,True,2012-08-19,2013-06-01,38.0,True,False,False,False
Almería,Javi Gracia,Mutual consent,28 June 2013,Pre-season,Francisco,29 June 2013,la_liga,2013/14,2013–14 La Liga,https://en.wikipedia.org/wiki/2013%E2%80%9314_La_Liga,wikipedia,2013-06-28,2013-06-29,False,False,exclude_preseason,francisco,javi gracia,almeria,,,,,,False,False,False,False,False,external,review,default_external_needs_review,Almeria,True,2013-08-19,2014-05-18,38.0,False,True,False,False
Athletic Bilbao,Marcelo Bielsa,End of contract,30 June 2013,Pre-season,Ernesto Valverde,21 June 20131,la_liga,2013/14,2013–14 La Liga,https://en.wikipedia.org/wiki/2013%E2%80%9314_La_Liga,wikipedia,2013-06-30,,False,False,exclude_preseason,ernesto valverde,marcelo bielsa,athleticbilbao,,,,,,False,False,False,False,False,external,review,default_external_needs_review,Ath Bilbao,True,2013-08-17,2014-05-18,38.0,False,True,False,False
Barcelona,Tito Vilanova,Resigned,19 July 2013,Pre-season,Gerardo Martino,23 July 2013,la_liga,2013/14,2013–14 La Liga,https://en.wikipedia.org/wiki/2013%E2%80%9314_La_Liga,wikipedia,2013-07-19,2013-07-23,False,False,exclude_preseason,gerardo martino,tito vilanova,barcelona,,,,,,False,False,False,True,False,external,review,default_external_needs_review,Barcelona,True,2013-08-18,2014-05-17,38.0,False,True,False,False
Celta Vigo,Abel Resino,Mutual consent,8 June 2013,Pre-season,Luis Enrique,8 June 2013,la_liga,2013/14,2013–14 La Liga,https://en.wikipedia.org/wiki/2013%E2%80%9314_La_Liga,wikipedia,2013-06-08,2013-06-08,False,False,exclude_preseason,luis enrique,abel resino,celtavigo,,,,,,False,False,False,False,False,external,review,default_external_needs_review,Celta,True,2013-08-19,2014-05-17,38.0,False,True,False,False
Getafe,Luis García Plaza,Sacked,10 March 2014,15th,Cosmin Contra,10 March 2014,la_liga,2013/14,2013–14 La Liga,https://en.wikipedia.org/wiki/2013%E2%80%9314_La_Liga,wikipedia,2014-03-10,2014-03-10,False,False,sacked,cosmin contra,luis garc a plaza,getafe,,,,,,False,False,False,True,False,external,manual,Returning former player hired from Petrolul as new coach on a 2.5-year deal; not then on staff,Getafe,True,2013-08-17,2014-05-18,38.0,True,False,True,False
Levante,Juan Ignacio Martínez,End of contract,30 June 2013,Pre-season,Joaquín Caparrós,10 June 20131,la_liga,2013/14,2013–14 La Liga,https://en.wikipedia.org/wiki/2013%E2%80%9314_La_Liga,wikipedia,2013-06-30,,False,False,exclude_preseason,joaqu n caparr s,juan ignacio mart nez,levante,,,,,,False,False,False,False,False,external,review,default_external_needs_review,Levante,True,2013-08-18,2014-05-16,38.0,False,True,False,False
Málaga,Manuel Pellegrini,Mutual consent,2 June 2013,Pre-season,Bernd Schuster,12 June 2013,la_liga,2013/14,2013–14 La Liga,https://en.wikipedia.org/wiki/2013%E2%80%9314_La_Liga,wikipedia,2013-06-02,2013-06-12,False,False,exclude_preseason,bernd schuster,manuel pellegrini,malaga,,,,,,False,False,False,False,False,external,review,default_external_needs_review,Malaga,True,2013-08-17,2014-05-16,38.0,False,True,False,False
Osasuna,José Luis Mendilibar,Sacked,3 September 2013,20th,Javi Gracia,4 September 2013,la_liga,2013/14,2013–14 La Liga,https://en.wikipedia.org/wiki/2013%E2%80%9314_La_Liga,wikipedia,2013-09-03,2013-09-04,False,False,sacked,javi gracia,jos luis mendilibar,osasuna,,,,,,False,False,False,False,True,external,high,arrived_from_other_club_in_sample,Osasuna,True,2013-08-18,2014-05-18,38.0,True,False,True,False
Real Betis,Pepe Mel,Sacked,2 December 2013,20th,Juan Carlos Garrido,2 December 2013,la_liga,2013/14,2013–14 La Liga,https://en.wikipedia.org/wiki/2013%E2%80%9314_La_Liga,wikipedia,2013-12-02,2013-12-02,False,False,sacked,juan carlos garrido,pepe mel,realbetis,Sacked,juan carlos garrido,2014-01-19,,,False,True,False,False,False,external,manual,Hired from Club Brugge unemployment as new head coach until season end; not then at Betis,Betis,True,2013-08-18,2014-05-18,38.0,True,False,True,False
Real Betis,Juan Carlos Garrido,Sacked,19 January 2014,20th,Gabriel Calderón,19 January 2014,la_liga,2013/14,2013–14 La Liga,https://en.wikipedia.org/wiki/2013%E2%80%9314_La_Liga,wikipedia,2014-01-19,2014-01-19,False,False,sacked,gabriel calder n,juan carlos garrido,realbetis,,,,juan carlos garrido,False,False,False,False,False,False,external,manual,Hired from outside as new manager after Garrido sacking,Betis,True,2013-08-18,2014-05-18,38.0,True,False,True,False
Real Madrid,José Mourinho,Mutual consent,2 June 2013,Pre-season,Carlo Ancelotti,25 June 2013,la_liga,2013/14,2013–14 La Liga,https://en.wikipedia.org/wiki/2013%E2%80%9314_La_Liga,wikipedia,2013-06-02,2013-06-25,False,False,exclude_preseason,carlo ancelotti,jos mourinho,realmadrid,,,,,,False,False,False,False,True,external,high,arrived_from_other_club_in_sample,Real Madrid,True,2013-08-18,2014-05-17,38.0,False,True,False,False
Real Sociedad,Philippe Montanier,End of contract,30 June 2013,Pre-season,Jagoba Arrasate,8 June 20131,la_liga,2013/14,2013–14 La Liga,https://en.wikipedia.org/wiki/2013%E2%80%9314_La_Liga,wikipedia,2013-06-30,,False,False,exclude_preseason,jagoba arrasate,philippe montanier,realsociedad,,,,,,False,False,False,False,False,external,review,default_external_needs_review,Sociedad,True,2013-08-17,2014-05-18,38.0,False,True,False,False
Valencia,Ernesto Valverde,End of contract,30 June 2013,Pre-season,Miroslav Đukić,4 June 20131,la_liga,2013/14,2013–14 La Liga,https://en.wikipedia.org/wiki/2013%E2%80%9314_La_Liga,wikipedia,2013-06-30,,False,False,exclude_preseason,miroslav uki,ernesto valverde,valencia,Sacked,miroslav uki,2013-12-16,,,False,True,False,False,False,external,review,default_external_needs_review,Valencia,True,2013-08-17,2014-05-17,38.0,False,True,False,False
Valencia,Miroslav Đukić,Sacked,16 December 2013,9th,Juan Antonio Pizzi,26 December 2013,la_liga,2013/14,2013–14 La Liga,https://en.wikipedia.org/wiki/2013%E2%80%9314_La_Liga,wikipedia,2013-12-16,2013-12-26,False,False,sacked,juan antonio pizzi,miroslav uki,valencia,,,,miroslav uki,False,False,False,False,True,False,external,manual,Hired from San Lorenzo as new manager after Djukic sacking,Valencia,True,2013-08-17,2014-05-17,38.0,True,False,True,False
Valladolid,Miroslav Đukić,Mutual consent,2 June 2013,Pre-season,Juan Ignacio Martínez,17 June 2013,la_liga,2013/14,2013–14 La Liga,https://en.wikipedia.org/wiki/2013%E2%80%9314_La_Liga,wikipedia,2013-06-02,2013-06-17,False,False,exclude_preseason,juan ignacio mart nez,miroslav uki,valladolid,,,,,,False,False,False,False,True,external,high,arrived_from_other_club_in_sample,Valladolid,True,2013-08-17,2014-05-18,38.0,False,True,False,False
Almería,Francisco,Sacked,9 December 2014,17th,Juan Ignacio Martínez,12 December 2014,la_liga,2014/15,2014–15 La Liga,https://en.wikipedia.org/wiki/2014%E2%80%9315_La_Liga,wikipedia,2014-12-09,2014-12-12,False,False,sacked,juan ignacio mart nez,francisco,almeria,Sacked,juan ignacio mart nez,2015-04-05,,,False,True,False,True,False,external,manual,Hired from outside as new manager after Francisco sacking,Almeria,True,2014-08-23,2015-05-23,38.0,True,False,True,False
Almería,Juan Ignacio Martínez,Sacked,5 April 2015,18th,Sergi Barjuán,6 April 2015,la_liga,2014/15,2014–15 La Liga,https://en.wikipedia.org/wiki/2014%E2%80%9315_La_Liga,wikipedia,2015-04-05,2015-04-06,False,False,sacked,sergi barju n,juan ignacio mart nez,almeria,,,,juan ignacio mart nez,False,False,False,False,True,False,external,manual,Hired from outside as new manager after Martinez sacking,Almeria,True,2014-08-23,2015-05-23,38.0,True,False,True,False
Barcelona,Gerardo Martino,Resigned,17 May 2014,Pre-season,Luis Enrique,19 May 2014,la_liga,2014/15,2014–15 La Liga,https://en.wikipedia.org/wiki/2014%E2%80%9315_La_Liga,wikipedia,2014-05-17,2014-05-19,False,False,exclude_preseason,luis enrique,gerardo martino,barcelona,,,,,,False,False,False,False,True,external,high,arrived_from_other_club_in_sample,Barcelona,True,2014-08-24,2015-05-23,38.0,False,True,False,False
Celta Vigo,Luis Enrique,Resigned,15 May 2014,Pre-season,Eduardo Berizzo,2 June 2014,la_liga,2014/15,2014–15 La Liga,https://en.wikipedia.org/wiki/2014%E2%80%9315_La_Liga,wikipedia,2014-05-15,2014-06-02,False,False,exclude_preseason,eduardo berizzo,luis enrique,celtavigo,,,,,,False,False,False,False,False,external,review,default_external_needs_review,Celta,True,2014-08-24,2015-05-23,38.0,False,True,False,False
Córdoba,Albert Ferrer,Sacked,20 October 2014,20th,Miroslav Đukić,20 October 2014,la_liga,2014/15,2014–15 La Liga,https://en.wikipedia.org/wiki/2014%E2%80%9315_La_Liga,wikipedia,2014-10-20,2014-10-20,False,False,sacked,miroslav uki,albert ferrer,cordoba,Sacked,miroslav uki,2015-03-16,,,False,True,False,True,False,external,manual,Hired from outside as new manager after Ferrer sacking,Cordoba,True,2014-08-25,2015-05-23,38.0,True,False,True,False
Córdoba,Miroslav Đukić,Sacked,16 March 2015,20th,José Antonio Romero,16 March 2015,la_liga,2014/15,2014–15 La Liga,https://en.wikipedia.org/wiki/2014%E2%80%9315_La_Liga,wikipedia,2015-03-16,2015-03-16,False,False,sacked,jos antonio romero,miroslav uki,cordoba,,,,miroslav uki,False,False,False,False,True,False,caretaker,manual,B-team coach given first team as announced interim until season end,Cordoba,True,2014-08-25,2015-05-23,38.0,True,False,True,False
Deportivo La Coruña,Fernando Vázquez,Sacked,8 July 2014,Pre-season,Víctor Fernández,10 July 2014,la_liga,2014/15,2014–15 La Liga,https://en.wikipedia.org/wiki/2014%E2%80%9315_La_Liga,wikipedia,2014-07-08,2014-07-10,False,False,exclude_preseason,v ctor fern ndez,fernando v zquez,deportivolacoruna,Sacked,v ctor fern ndez,2015-04-08,,,False,True,False,False,False,external,review,default_external_needs_review,La Coruna,True,2014-08-23,2015-05-23,38.0,False,True,False,False
Deportivo La Coruña,Víctor Fernández,Sacked,8 April 2015,17th,Víctor Sánchez,8 April 2015,la_liga,2014/15,2014–15 La Liga,https://en.wikipedia.org/wiki/2014%E2%80%9315_La_Liga,wikipedia,2015-04-08,2015-04-08,False,False,sacked,v ctor s nchez,v ctor fern ndez,deportivolacoruna,,,,v ctor fern ndez,False,False,False,False,False,False,external,manual,Former player hired from Olympiacos staff as new manager; not then at Deportivo,La Coruna,True,2014-08-23,2015-05-23,38.0,True,False,True,False
Espanyol,Javier Aguirre,End of contract,16 May 2014,Pre-season,Sergio González Soriano,28 May 2014,la_liga,2014/15,2014–15 La Liga,https://en.wikipedia.org/wiki/2014%E2%80%9315_La_Liga,wikipedia,2014-05-16,2014-05-28,False,False,exclude_preseason,sergio gonz lez soriano,javier aguirre,espanyol,,,,,,False,False,False,False,False,external,review,default_external_needs_review,Espanol,True,2014-08-23,2015-05-23,38.0,False,True,False,False
Getafe,Cosmin Contra,Signed by Guangzhou R&F,18 December 2014,13th,Quique Sánchez Flores,5 January 2015,la_liga,2014/15,2014–15 La Liga,https://en.wikipedia.org/wiki/2014%E2%80%9315_La_Liga,wikipedia,2014-12-18,2015-01-05,False,False,exclude_signed_by,quique s nchez flores,cosmin contra,getafe,Resigned,quique s nchez flores,2015-02-26,,,False,True,False,True,False,caretaker,review,caretaker_flag_or_short_spell,Getafe,True,2014-08-24,2015-05-23,38.0,True,False,False,False
Getafe,Quique Sánchez Flores,Resigned,26 February 2015,13th,Pablo Franco,11 March 2015,la_liga,2014/15,2014–15 La Liga,https://en.wikipedia.org/wiki/2014%E2%80%9315_La_Liga,wikipedia,2015-02-26,2015-03-11,False,False,exclude_resigned,pablo franco,quique s nchez flores,getafe,,,,quique s nchez flores,False,False,False,False,True,False,external,review,default_external_needs_review,Getafe,True,2014-08-24,2015-05-23,38.0,True,False,False,False
Granada,Lucas Alcaraz,End of contract,28 May 2014,Pre-season,Joaquín Caparrós,28 May 2014,la_liga,2014/15,2014–15 La Liga,https://en.wikipedia.org/wiki/2014%E2%80%9315_La_Liga,wikipedia,2014-05-28,2014-05-28,False,False,exclude_preseason,joaqu n caparr s,lucas alcaraz,granada,Sacked,joaqu n caparr s,2015-01-13,,,False,True,False,False,True,external,high,arrived_from_other_club_in_sample,Granada,True,2014-08-23,2015-05-23,38.0,False,True,False,False
Granada,Joaquín Caparrós,Sacked,13 January 2015,20th,Abel Resino,19 January 2015,la_liga,2014/15,2014–15 La Liga,https://en.wikipedia.org/wiki/2014%E2%80%9315_La_Liga,wikipedia,2015-01-13,2015-01-19,False,False,sacked,abel resino,joaqu n caparr s,granada,Sacked,abel resino,2015-05-01,joaqu n caparr s,False,False,True,False,True,False,external,manual,Hired from outside as new manager after Caparros sacking,Granada,True,2014-08-23,2015-05-23,38.0,True,False,True,False
Granada,Abel Resino,Sacked,1 May 2015,19th,José Ramón Sandoval,1 May 2015,la_liga,2014/15,2014–15 La Liga,https://en.wikipedia.org/wiki/2014%E2%80%9315_La_Liga,wikipedia,2015-05-01,2015-05-01,False,False,sacked,jos ram n sandoval,abel resino,granada,,,,abel resino,False,False,False,False,True,False,external,manual,"Club announced him as nuevo entrenador from outside after Resino's sacking, not as an interim.",Granada,True,2014-08-23,2015-05-23,38.0,True,False,True,False
Levante,Joaquín Caparrós,Signed by Granada,28 May 2014,Pre-season,José Luis Mendilibar,30 May 2014,la_liga,2014/15,2014–15 La Liga,https://en.wikipedia.org/wiki/2014%E2%80%9315_La_Liga,wikipedia,2014-05-28,2014-05-30,False,False,exclude_preseason,jos luis mendilibar,joaqu n caparr s,levante,Sacked,jos luis mendilibar,2014-10-20,,,False,True,False,False,False,external,review,default_external_needs_review,Levante,True,2014-08-24,2015-05-23,38.0,False,True,False,False
Levante,José Luis Mendilibar,Sacked,20 October 2014,19th,Lucas Alcaraz,21 October 2014,la_liga,2014/15,2014–15 La Liga,https://en.wikipedia.org/wiki/2014%E2%80%9315_La_Liga,wikipedia,2014-10-20,2014-10-21,False,False,sacked,lucas alcaraz,jos luis mendilibar,levante,,,,jos luis mendilibar,False,False,False,False,True,True,external,high,arrived_from_other_club_in_sample,Levante,True,2014-08-24,2015-05-23,38.0,True,False,True,False
Málaga,Bernd Schuster,End of contract,16 May 2014,Pre-season,Javi Gracia,30 May 2014,la_liga,2014/15,2014–15 La Liga,https://en.wikipedia.org/wiki/2014%E2%80%9315_La_Liga,wikipedia,2014-05-16,2014-05-30,False,False,exclude_preseason,javi gracia,bernd schuster,malaga,,,,,,False,False,False,False,False,external,review,default_external_needs_review,Malaga,True,2014-08-23,2015-05-23,38.0,False,True,False,False
Real Sociedad,Jagoba Arrasate,Sacked,2 November 2014,19th,David Moyes,10 November 2014,la_liga,2014/15,2014–15 La Liga,https://en.wikipedia.org/wiki/2014%E2%80%9315_La_Liga,wikipedia,2014-11-02,2014-11-10,False,False,sacked,david moyes,jagoba arrasate,realsociedad,,,,,,False,False,False,True,False,external,manual,Hired from outside as new manager after Arrasate sacking,Sociedad,True,2014-08-24,2015-05-23,38.0,True,False,True,False
Valencia,Juan Antonio Pizzi,Sacked,2 July 2014,Pre-season,Nuno Espírito Santo,4 July 2014,la_liga,2014/15,2014–15 La Liga,https://en.wikipedia.org/wiki/2014%E2%80%9315_La_Liga,wikipedia,2014-07-02,2014-07-04,False,False,exclude_preseason,nuno esp rito santo,juan antonio pizzi,valencia,,,,,,False,False,True,True,False,caretaker,high,caretaker_flag_or_short_spell,Valencia,True,2014-08-23,2015-05-23,38.0,False,True,False,False
Eibar,Gaizka Garitano,Mutual consent,30 June 2015,Pre-season,José Luis Mendilibar,30 June 2015,la_liga,2015/16,2015–16 La Liga,https://en.wikipedia.org/wiki/2015%E2%80%9316_La_Liga,wikipedia,2015-06-30,2015-06-30,False,False,exclude_preseason,jos luis mendilibar,gaizka garitano,eibar,,,,,,False,False,False,False,False,external,review,default_external_needs_review,Eibar,True,2015-08-24,2016-05-15,38.0,False,True,False,False
Espanyol,Sergio González,Sacked,14 December 2015,12th,Constantin Gâlcă,14 December 2015,la_liga,2015/16,2015–16 La Liga,https://en.wikipedia.org/wiki/2015%E2%80%9316_La_Liga,wikipedia,2015-12-14,2015-12-14,False,False,sacked,constantin g lc,sergio gonz lez,espanyol,,,,,,False,False,False,False,False,external,manual,Former player hired from Steaua Bucharest as new coach until season end; not then on staff,Espanol,True,2015-08-22,2016-05-15,38.0,True,False,True,False
Getafe,Pablo Franco,Sacked,1 June 2015,Pre-season,Fran Escribá,26 June 2015,la_liga,2015/16,2015–16 La Liga,https://en.wikipedia.org/wiki/2015%E2%80%9316_La_Liga,wikipedia,2015-06-01,2015-06-26,False,False,exclude_preseason,fran escrib,pablo franco,getafe,Sacked,fran escrib,2016-04-11,,,False,True,False,False,False,external,review,default_external_needs_review,Getafe,True,2015-08-22,2016-05-15,38.0,False,True,False,False
Getafe,Fran Escribá,Sacked,11 April 2016,19th,Juan Esnáider,12 April 2016,la_liga,2015/16,2015–16 La Liga,https://en.wikipedia.org/wiki/2015%E2%80%9316_La_Liga,wikipedia,2016-04-11,2016-04-12,False,False,sacked,juan esn ider,fran escrib,getafe,,,,fran escrib,False,False,False,False,True,False,external,manual,Returning former assistant hired from outside as new manager until season end; not then on staff,Getafe,True,2015-08-22,2016-05-15,38.0,True,False,True,False
Granada,José Ramón Sandoval,Sacked,22 February 2016,20th,José González,22 February 2016,la_liga,2015/16,2015–16 La Liga,https://en.wikipedia.org/wiki/2015%E2%80%9316_La_Liga,wikipedia,2016-02-22,2016-02-22,False,False,sacked,jos gonz lez,jos ram n sandoval,granada,,,,,,False,False,False,True,False,external,manual,Hired from Beijing Guoan staff as new coach until season end; not then at Granada,Granada,True,2015-08-24,2016-05-14,38.0,True,False,True,False
Las Palmas,Paco Herrera,Sacked,19 October 2015,19th,Quique Setién,19 October 2015,la_liga,2015/16,2015–16 La Liga,https://en.wikipedia.org/wiki/2015%E2%80%9316_La_Liga,wikipedia,2015-10-19,2015-10-19,False,False,sacked,quique seti n,paco herrera,laspalmas,,,,,,False,False,False,True,False,external,manual,Hired from outside as new manager after Herrera sacking,Las Palmas,True,2015-08-22,2016-05-15,38.0,True,False,True,False
Levante,Lucas Alcaraz,Sacked,26 October 2015,20th,Rubi,27 October 2015,la_liga,2015/16,2015–16 La Liga,https://en.wikipedia.org/wiki/2015%E2%80%9316_La_Liga,wikipedia,2015-10-26,2015-10-27,False,False,sacked,rubi,lucas alcaraz,levante,,,,,,False,False,False,True,False,external,manual,Hired from outside as new manager after Alcaraz sacking,Levante,True,2015-08-23,2016-05-15,38.0,True,False,True,False
Real Betis,Pepe Mel,Sacked,10 January 2016,15th,Juan Merino (caretaker),3 February 2016,la_liga,2015/16,2015–16 La Liga,https://en.wikipedia.org/wiki/2015%E2%80%9316_La_Liga,wikipedia,2016-01-10,2016-02-03,True,False,sacked,juan merino,pepe mel,realbetis,End of caretaker spell,juan merino,2016-05-09,,,True,True,False,False,False,caretaker,high,caretaker_flag_or_short_spell,Betis,True,2015-08-23,2016-05-15,38.0,True,False,True,False
Real Betis,Juan Merino,End of caretaker spell,9 May 2016,14th,Gus Poyet,9 May 2016,la_liga,2015/16,2015–16 La Liga,https://en.wikipedia.org/wiki/2015%E2%80%9316_La_Liga,wikipedia,2016-05-09,2016-05-09,False,False,exclude_end_caretaker,gus poyet,juan merino,realbetis,,,,juan merino,True,False,False,False,False,False,external,review,default_external_needs_review,Betis,True,2015-08-23,2016-05-15,38.0,True,False,False,False
Real Madrid,Carlo Ancelotti,Sacked,25 May 2015,Pre-season,Rafael Benítez,3 June 2015,la_liga,2015/16,2015–16 La Liga,https://en.wikipedia.org/wiki/2015%E2%80%9316_La_Liga,wikipedia,2015-05-25,2015-06-03,False,False,exclude_preseason,rafael ben tez,carlo ancelotti,realmadrid,Sacked,rafael ben tez,2016-01-04,,,False,True,False,False,True,external,high,arrived_from_other_club_in_sample,Real Madrid,True,2015-08-23,2016-05-14,38.0,False,True,False,False
Real Madrid,Rafael Benítez,Sacked,4 January 2016,3rd,Zinedine Zidane,4 January 2016,la_liga,2015/16,2015–16 La Liga,https://en.wikipedia.org/wiki/2015%E2%80%9316_La_Liga,wikipedia,2016-01-04,2016-01-04,False,False,sacked,zinedine zidane,rafael ben tez,realmadrid,,,,rafael ben tez,False,False,False,False,True,False,internal,manual,Castilla coach promoted as new first-team manager; already on club staff,Real Madrid,True,2015-08-23,2016-05-14,38.0,True,False,True,False
Real Sociedad,David Moyes,Sacked,9 November 2015,16th,Eusebio Sacristán,9 November 2015,la_liga,2015/16,2015–16 La Liga,https://en.wikipedia.org/wiki/2015%E2%80%9316_La_Liga,wikipedia,2015-11-09,2015-11-09,False,False,sacked,eusebio sacrist n,david moyes,realsociedad,,,,,,False,False,False,True,False,external,manual,Hired from outside as new manager on a deal to June 2017,Sociedad,True,2015-08-22,2016-05-13,38.0,True,False,True,False
Valencia,Nuno Espírito Santo,Resigned,29 November 2015,9th,Gary Neville,2 December 2015,la_liga,2015/16,2015–16 La Liga,https://en.wikipedia.org/wiki/2015%E2%80%9316_La_Liga,wikipedia,2015-11-29,2015-12-02,False,False,exclude_resigned,gary neville,nuno esp rito santo,valencia,Sacked,gary neville,2016-03-30,,,False,True,False,True,False,external,review,default_external_needs_review,Valencia,True,2015-08-22,2016-05-13,38.0,True,False,False,False
Valencia,Gary Neville,Sacked,30 March 2016,14th,Pako Ayestarán,30 March 2016,la_liga,2015/16,2015–16 La Liga,https://en.wikipedia.org/wiki/2015%E2%80%9316_La_Liga,wikipedia,2016-03-30,2016-03-30,False,False,sacked,pako ayestar n,gary neville,valencia,,,,gary neville,False,False,False,False,True,False,caretaker,manual,Existing assistant given the first team only until season end; later made permanent,Valencia,True,2015-08-22,2016-05-13,38.0,True,False,True,False
Alavés,José Bordalás,Sacked,21 June 2016,Pre-season,Mauricio Pellegrino,26 June 2016,la_liga,2016/17,2016–17 La Liga,https://en.wikipedia.org/wiki/2016%E2%80%9317_La_Liga,wikipedia,2016-06-21,2016-06-26,False,False,exclude_preseason,mauricio pellegrino,jos bordal s,alaves,,,,,,False,False,False,False,False,external,review,default_external_needs_review,Alaves,True,2016-08-21,2017-05-20,38.0,False,True,False,False
Deportivo La Coruña,Víctor Sánchez,Sacked,30 May 2016,Pre-season,Gaizka Garitano,10 June 2016,la_liga,2016/17,2016–17 La Liga,https://en.wikipedia.org/wiki/2016%E2%80%9317_La_Liga,wikipedia,2016-05-30,2016-06-10,False,False,exclude_preseason,gaizka garitano,v ctor s nchez,deportivolacoruna,Sacked,gaizka garitano,2017-02-27,,,False,True,False,False,False,external,review,default_external_needs_review,La Coruna,True,2016-08-19,2017-05-20,38.0,False,True,False,False
Deportivo La Coruña,Gaizka Garitano,Sacked,27 February 2017,17th,Pepe Mel,27 February 2017,la_liga,2016/17,2016–17 La Liga,https://en.wikipedia.org/wiki/2016%E2%80%9317_La_Liga,wikipedia,2017-02-27,2017-02-27,False,False,sacked,pepe mel,gaizka garitano,deportivolacoruna,,,,gaizka garitano,False,False,False,False,False,False,external,manual,Hired from outside as new manager after Garitano sacking,La Coruna,True,2016-08-19,2017-05-20,38.0,True,False,True,False
Espanyol,Constantin Gâlcă,Sacked,27 May 2016,Pre-season,Quique Sánchez Flores,9 June 2016,la_liga,2016/17,2016–17 La Liga,https://en.wikipedia.org/wiki/2016%E2%80%9317_La_Liga,wikipedia,2016-05-27,2016-06-09,False,False,exclude_preseason,quique s nchez flores,constantin g lc,espanyol,,,,,,False,False,False,False,True,external,high,arrived_from_other_club_in_sample,Espanol,True,2016-08-20,2017-05-19,38.0,False,True,False,False
Granada,José González,End of contract,20 June 2016,Pre-season,Paco Jémez,20 June 2016,la_liga,2016/17,2016–17 La Liga,https://en.wikipedia.org/wiki/2016%E2%80%9317_La_Liga,wikipedia,2016-06-20,2016-06-20,False,False,exclude_preseason,paco j mez,jos gonz lez,granada,Sacked,paco j mez,2016-09-28,,,False,True,False,False,False,external,review,default_external_needs_review,Granada,True,2016-08-20,2017-05-19,38.0,False,True,False,False
Granada,Paco Jémez,Sacked,28 September 2016,19th,Lucas Alcaraz,3 October 2016,la_liga,2016/17,2016–17 La Liga,https://en.wikipedia.org/wiki/2016%E2%80%9317_La_Liga,wikipedia,2016-09-28,2016-10-03,False,False,sacked,lucas alcaraz,paco j mez,granada,Sacked,lucas alcaraz,2017-04-10,paco j mez,False,False,True,False,True,False,external,manual,Hired from outside as new manager after Jemez sacking,Granada,True,2016-08-20,2017-05-19,38.0,True,False,True,False
Granada,Lucas Alcaraz,Sacked,10 April 2017,19th,Tony Adams,10 April 2017,la_liga,2016/17,2016–17 La Liga,https://en.wikipedia.org/wiki/2016%E2%80%9317_La_Liga,wikipedia,2017-04-10,2017-04-10,False,False,sacked,tony adams,lucas alcaraz,granada,,,,lucas alcaraz,False,False,False,False,True,False,caretaker,manual,Existing sporting director/advisor given first team only until season end,Granada,True,2016-08-20,2017-05-19,38.0,True,False,True,False
Málaga,Javi Gracia,Signed by Rubin Kazan,24 May 2016,Pre-season,Juande Ramos,28 May 2016,la_liga,2016/17,2016–17 La Liga,https://en.wikipedia.org/wiki/2016%E2%80%9317_La_Liga,wikipedia,2016-05-24,2016-05-28,False,False,exclude_preseason,juande ramos,javi gracia,malaga,Resigned,juande ramos,2016-12-22,,,False,True,False,False,False,external,review,default_external_needs_review,Malaga,True,2016-08-19,2017-05-21,38.0,False,True,False,False
Málaga,Juande Ramos,Resigned,22 December 2016,11th,Marcelo Romero,28 December 2016,la_liga,2016/17,2016–17 La Liga,https://en.wikipedia.org/wiki/2016%E2%80%9317_La_Liga,wikipedia,2016-12-22,2016-12-28,False,False,exclude_resigned,marcelo romero,juande ramos,malaga,Sacked,marcelo romero,2017-03-07,juande ramos,False,False,True,False,True,False,caretaker,review,caretaker_flag_or_short_spell,Malaga,True,2016-08-19,2017-05-21,38.0,True,False,False,False
Málaga,Marcelo Romero,Sacked,7 March 2017,15th,Míchel,7 March 2017,la_liga,2016/17,2016–17 La Liga,https://en.wikipedia.org/wiki/2016%E2%80%9317_La_Liga,wikipedia,2017-03-07,2017-03-07,False,False,sacked,m chel,marcelo romero,malaga,,,,marcelo romero,False,False,False,False,True,False,external,manual,Hired from outside as new manager after Romero sacking,Malaga,True,2016-08-19,2017-05-21,38.0,True,False,True,False
Osasuna,Enrique Martín,Sacked,7 November 2016,19th,Joaquín Caparrós,8 November 2016,la_liga,2016/17,2016–17 La Liga,https://en.wikipedia.org/wiki/2016%E2%80%9317_La_Liga,wikipedia,2016-11-07,2016-11-08,False,False,sacked,joaqu n caparr s,enrique mart n,osasuna,Sacked,joaqu n caparr s,2017-01-05,,,False,True,False,False,False,external,manual,Hired from outside as new manager on a deal to June 2018,Osasuna,True,2016-08-19,2017-05-20,38.0,True,False,True,False
Osasuna,Joaquín Caparrós,Sacked,5 January 2017,20th,Petar Vasiljević,5 January 2017,la_liga,2016/17,2016–17 La Liga,https://en.wikipedia.org/wiki/2016%E2%80%9317_La_Liga,wikipedia,2017-01-05,2017-01-05,False,False,sacked,petar vasiljevi,joaqu n caparr s,osasuna,,,,joaqu n caparr s,False,False,False,False,False,False,caretaker,manual,Existing sporting director given first team only until season end,Osasuna,True,2016-08-19,2017-05-20,38.0,True,False,True,False
Real Betis,Gustavo Poyet,Sacked,11 November 2016,14th,Víctor Sánchez,11 November 2016,la_liga,2016/17,2016–17 La Liga,https://en.wikipedia.org/wiki/2016%E2%80%9317_La_Liga,wikipedia,2016-11-11,2016-11-11,False,False,sacked,v ctor s nchez,gustavo poyet,realbetis,Sacked,v ctor s nchez,2017-05-09,,,False,True,False,False,True,external,high,arrived_from_other_club_in_sample,Betis,True,2016-08-20,2017-05-20,38.0,True,False,True,False
Real Betis,Víctor Sánchez,Sacked,9 May 2017,15th,Alexis Trujillo (interim),9 May 2017,la_liga,2016/17,2016–17 La Liga,https://en.wikipedia.org/wiki/2016%E2%80%9317_La_Liga,wikipedia,2017-05-09,2017-05-09,True,False,sacked,alexis trujillo,v ctor s nchez,realbetis,,,,v ctor s nchez,False,False,False,False,False,False,caretaker,high,caretaker_flag_or_short_spell,Betis,True,2016-08-20,2017-05-20,38.0,True,False,True,False
Sevilla,Unai Emery,Resigned,12 June 2016,Pre-season,Jorge Sampaoli,13 June 2016,la_liga,2016/17,2016–17 La Liga,https://en.wikipedia.org/wiki/2016%E2%80%9317_La_Liga,wikipedia,2016-06-12,2016-06-13,False,False,exclude_preseason,jorge sampaoli,unai emery,sevilla,,,,,,False,False,False,False,False,external,review,default_external_needs_review,Sevilla,True,2016-08-20,2017-05-20,38.0,False,True,False,False
Sporting Gijón,Abelardo Fernández,Mutual consent,17 January 2017,18th,Rubi,17 January 2017,la_liga,2016/17,2016–17 La Liga,https://en.wikipedia.org/wiki/2016%E2%80%9317_La_Liga,wikipedia,2017-01-17,2017-01-17,False,False,mutual_consent,rubi,abelardo fern ndez,sportinggijon,,,,,,False,False,False,True,False,external,manual,Hired from outside after Abelardo left; not a Sporting staff promotion.,Sp Gijon,True,2016-08-21,2017-05-20,38.0,True,False,False,True
Valencia,Pako Ayestarán,Sacked,20 September 2016,20th,Cesare Prandelli,28 September 2016,la_liga,2016/17,2016–17 La Liga,https://en.wikipedia.org/wiki/2016%E2%80%9317_La_Liga,wikipedia,2016-09-20,2016-09-28,False,False,sacked,cesare prandelli,pako ayestar n,valencia,Resigned,cesare prandelli,2016-12-30,,,False,True,True,True,False,caretaker,high,caretaker_flag_or_short_spell,Valencia,True,2016-08-22,2017-05-21,38.0,True,False,True,False
Valencia,Cesare Prandelli,Resigned,30 December 2016,17th,Voro,10 January 2017,la_liga,2016/17,2016–17 La Liga,https://en.wikipedia.org/wiki/2016%E2%80%9317_La_Liga,wikipedia,2016-12-30,2017-01-10,False,False,exclude_resigned,voro,cesare prandelli,valencia,,,,cesare prandelli,False,False,False,False,True,False,external,review,default_external_needs_review,Valencia,True,2016-08-22,2017-05-21,38.0,True,False,False,False
Villarreal,Marcelino,Sacked,10 August 2016,Pre-season,Fran Escribá,11 August 2016,la_liga,2016/17,2016–17 La Liga,https://en.wikipedia.org/wiki/2016%E2%80%9317_La_Liga,wikipedia,2016-08-10,2016-08-11,False,False,exclude_preseason,fran escrib,marcelino,villarreal,,,,,,False,False,False,True,True,external,high,arrived_from_other_club_in_sample,Villarreal,True,2016-08-20,2017-05-21,38.0,False,True,False,False
Alavés,Mauricio Pellegrino,Resigned,29 May 2017,Pre-season,Luis Zubeldía,17 June 2017,la_liga,2017/18,2017–18 La Liga,https://en.wikipedia.org/wiki/2017%E2%80%9318_La_Liga,wikipedia,2017-05-29,2017-06-17,False,False,exclude_preseason,luis zubeld a,mauricio pellegrino,alaves,Sacked,luis zubeld a,2017-09-17,,,False,True,False,False,False,external,review,default_external_needs_review,Alaves,True,2017-08-18,2018-05-19,38.0,False,True,False,False
Alavés,Luis Zubeldía,Sacked,17 September 2017,20th,Gianni De Biasi,22 September 2017,la_liga,2017/18,2017–18 La Liga,https://en.wikipedia.org/wiki/2017%E2%80%9318_La_Liga,wikipedia,2017-09-17,2017-09-22,False,False,sacked,gianni de biasi,luis zubeld a,alaves,Sacked,gianni de biasi,2017-11-27,luis zubeld a,False,False,True,False,False,False,external,manual,Hired from outside as new head coach until season end with option for another year,Alaves,True,2017-08-18,2018-05-19,38.0,True,False,True,False
Alavés,Gianni De Biasi,Sacked,27 November 2017,20th,Abelardo Fernández,1 December 2017,la_liga,2017/18,2017–18 La Liga,https://en.wikipedia.org/wiki/2017%E2%80%9318_La_Liga,wikipedia,2017-11-27,2017-12-01,False,False,sacked,abelardo fern ndez,gianni de biasi,alaves,,,,gianni de biasi,False,False,False,False,False,False,external,manual,Hired from outside as new manager after De Biasi sacking,Alaves,True,2017-08-18,2018-05-19,38.0,True,False,True,False
Athletic Bilbao,Ernesto Valverde,Resigned,23 May 2017,Pre-season,José Ángel Ziganda,24 May 2017,la_liga,2017/18,2017–18 La Liga,https://en.wikipedia.org/wiki/2017%E2%80%9318_La_Liga,wikipedia,2017-05-23,2017-05-24,False,False,exclude_preseason,jos ngel ziganda,ernesto valverde,athleticbilbao,,,,,,False,False,False,False,False,external,review,default_external_needs_review,Ath Bilbao,True,2017-08-20,2018-05-20,38.0,False,True,False,False
Barcelona,Luis Enrique,End of contract,29 May 2017,Pre-season,Ernesto Valverde,29 May 2017,la_liga,2017/18,2017–18 La Liga,https://en.wikipedia.org/wiki/2017%E2%80%9318_La_Liga,wikipedia,2017-05-29,2017-05-29,False,False,exclude_preseason,ernesto valverde,luis enrique,barcelona,,,,,,False,False,False,False,True,external,high,arrived_from_other_club_in_sample,Barcelona,True,2017-08-20,2018-05-20,38.0,False,True,False,False
Celta Vigo,Eduardo Berizzo,End of contract,30 June 2017,Pre-season,Juan Carlos Unzué,28 May 2017,la_liga,2017/18,2017–18 La Liga,https://en.wikipedia.org/wiki/2017%E2%80%9318_La_Liga,wikipedia,2017-06-30,2017-05-28,False,False,exclude_preseason,juan carlos unzu,eduardo berizzo,celtavigo,,,,,,False,False,False,False,False,external,review,default_external_needs_review,Celta,True,2017-08-19,2018-05-19,38.0,False,True,False,False
Deportivo La Coruña,Pepe Mel,Sacked,24 October 2017,17th,Cristóbal Parralo,24 October 2017,la_liga,2017/18,2017–18 La Liga,https://en.wikipedia.org/wiki/2017%E2%80%9318_La_Liga,wikipedia,2017-10-24,2017-10-24,False,False,sacked,crist bal parralo,pepe mel,deportivolacoruna,Sacked,crist bal parralo,2018-02-04,,,False,True,False,False,False,internal,manual,Fabril coach promoted as new first-team manager; already on club staff,La Coruna,True,2017-08-20,2018-05-20,38.0,True,False,True,False
Deportivo La Coruña,Cristóbal Parralo,Sacked,4 February 2018,18th,Clarence Seedorf,5 February 2018,la_liga,2017/18,2017–18 La Liga,https://en.wikipedia.org/wiki/2017%E2%80%9318_La_Liga,wikipedia,2018-02-04,2018-02-05,False,False,sacked,clarence seedorf,crist bal parralo,deportivolacoruna,,,,crist bal parralo,False,False,False,False,False,False,external,manual,Hired from outside as new manager after Parralo sacking,La Coruna,True,2017-08-20,2018-05-20,38.0,True,False,True,False
Espanyol,Quique Sánchez Flores,Sacked,20 April 2018,16th,David Gallego (caretaker),20 April 2018,la_liga,2017/18,2017–18 La Liga,https://en.wikipedia.org/wiki/2017%E2%80%9318_La_Liga,wikipedia,2018-04-20,2018-04-20,True,False,sacked,david gallego,quique s nchez flores,espanyol,,,,,,False,False,False,False,False,caretaker,high,caretaker_flag_or_short_spell,Espanol,True,2017-08-19,2018-05-20,38.0,True,False,True,False
Las Palmas,Quique Setién,End of contract,30 June 2017,Pre-season,Manolo Márquez,3 July 2017,la_liga,2017/18,2017–18 La Liga,https://en.wikipedia.org/wiki/2017%E2%80%9318_La_Liga,wikipedia,2017-06-30,2017-07-03,False,False,exclude_preseason,manolo m rquez,quique seti n,laspalmas,Resigned,manolo m rquez,2017-09-26,,,False,True,False,False,False,caretaker,review,caretaker_flag_or_short_spell,Las Palmas,True,2017-08-18,2018-05-19,38.0,False,True,False,False
Las Palmas,Manolo Márquez,Resigned,26 September 2017,15th,Pako Ayestarán,27 September 2017,la_liga,2017/18,2017–18 La Liga,https://en.wikipedia.org/wiki/2017%E2%80%9318_La_Liga,wikipedia,2017-09-26,2017-09-27,False,False,exclude_resigned,pako ayestar n,manolo m rquez,laspalmas,Sacked,pako ayestar n,2017-11-30,manolo m rquez,False,False,True,False,True,False,caretaker,review,caretaker_flag_or_short_spell,Las Palmas,True,2017-08-18,2018-05-19,38.0,True,False,False,False
Las Palmas,Pako Ayestarán,Sacked,30 November 2017,19th,Paco Jémez,21 December 2017,la_liga,2017/18,2017–18 La Liga,https://en.wikipedia.org/wiki/2017%E2%80%9318_La_Liga,wikipedia,2017-11-30,2017-12-21,False,False,sacked,paco j mez,pako ayestar n,laspalmas,,,,pako ayestar n,False,False,False,True,True,False,caretaker,high,caretaker_flag_or_short_spell,Las Palmas,True,2017-08-18,2018-05-19,38.0,True,False,True,False
Levante,Juan Muñiz,Sacked,4 March 2018,17th,Paco López,4 March 2018,la_liga,2017/18,2017–18 La Liga,https://en.wikipedia.org/wiki/2017%E2%80%9318_La_Liga,wikipedia,2018-03-04,2018-03-04,False,False,sacked,paco l pez,juan mu iz,levante,,,,,,False,False,False,True,False,caretaker,manual,B-team coach given first team only until June; later made permanent,Levante,True,2017-08-21,2018-05-19,38.0,True,False,True,False
Málaga,Míchel,Sacked,13 January 2018,19th,José González,13 January 2018,la_liga,2017/18,2017–18 La Liga,https://en.wikipedia.org/wiki/2017%E2%80%9318_La_Liga,wikipedia,2018-01-13,2018-01-13,False,False,sacked,jos gonz lez,m chel,malaga,,,,,,False,False,False,True,False,external,manual,Hired from Beijing Guoan as new manager for the second half; not then at Malaga,Malaga,True,2017-08-21,2018-05-19,38.0,True,False,True,False
Real Betis,Alexis Trujillo,End of interim spell,26 May 2017,Pre-season,Quique Setién,26 May 2017,la_liga,2017/18,2017–18 La Liga,https://en.wikipedia.org/wiki/2017%E2%80%9318_La_Liga,wikipedia,2017-05-26,2017-05-26,False,False,exclude_preseason,quique seti n,alexis trujillo,realbetis,,,,,,False,False,False,False,False,external,review,default_external_needs_review,Betis,True,2017-08-20,2018-05-19,38.0,False,True,False,False
Real Sociedad,Eusebio Sacristán,Sacked,18 March 2018,15th,Imanol Alguacil,18 March 2018,la_liga,2017/18,2017–18 La Liga,https://en.wikipedia.org/wiki/2017%E2%80%9318_La_Liga,wikipedia,2018-03-18,2018-03-18,False,False,sacked,imanol alguacil,eusebio sacrist n,realsociedad,,,,,,False,False,False,True,False,caretaker,manual,B-team coach named interim for last nine games while club searched for next season,Sociedad,True,2017-08-19,2018-05-20,38.0,True,False,True,False
Sevilla,Jorge Sampaoli,Signed by Argentina,20 May 2017,Pre-season,Eduardo Berizzo,1 June 2017,la_liga,2017/18,2017–18 La Liga,https://en.wikipedia.org/wiki/2017%E2%80%9318_La_Liga,wikipedia,2017-05-20,2017-06-01,False,False,exclude_preseason,eduardo berizzo,jorge sampaoli,sevilla,Sacked,eduardo berizzo,2017-12-22,,,False,True,False,False,True,external,high,arrived_from_other_club_in_sample,Sevilla,True,2017-08-19,2018-05-19,38.0,False,True,False,False
Sevilla,Eduardo Berizzo,Sacked,22 December 2017,5th,Vincenzo Montella,28 December 2017,la_liga,2017/18,2017–18 La Liga,https://en.wikipedia.org/wiki/2017%E2%80%9318_La_Liga,wikipedia,2017-12-22,2017-12-28,False,False,sacked,vincenzo montella,eduardo berizzo,sevilla,Sacked,vincenzo montella,2018-04-28,eduardo berizzo,False,False,True,False,True,True,external,high,arrived_from_other_club_in_sample,Sevilla,True,2017-08-19,2018-05-19,38.0,True,False,True,False
Sevilla,Vincenzo Montella,Sacked,28 April 2018,7th,Joaquín Caparrós (caretaker),28 April 2018,la_liga,2017/18,2017–18 La Liga,https://en.wikipedia.org/wiki/2017%E2%80%9318_La_Liga,wikipedia,2018-04-28,2018-04-28,True,False,sacked,joaqu n caparr s,vincenzo montella,sevilla,,,,vincenzo montella,False,False,False,True,True,False,caretaker,high,caretaker_flag_or_short_spell,Sevilla,True,2017-08-19,2018-05-19,38.0,True,False,True,False
Valencia,Voro,End of interim spell,11 May 2017,Pre-season,Marcelino,11 May 2017,la_liga,2017/18,2017–18 La Liga,https://en.wikipedia.org/wiki/2017%E2%80%9318_La_Liga,wikipedia,2017-05-11,2017-05-11,False,False,exclude_preseason,marcelino,voro,valencia,,,,,,False,False,False,False,False,external,review,default_external_needs_review,Valencia,True,2017-08-18,2018-05-20,38.0,False,True,False,False
Villarreal,Fran Escribá,Sacked,25 September 2017,14th,Javier Calleja,25 September 2017,la_liga,2017/18,2017–18 La Liga,https://en.wikipedia.org/wiki/2017%E2%80%9318_La_Liga,wikipedia,2017-09-25,2017-09-25,False,False,sacked,javier calleja,fran escrib,villarreal,,,,,,False,False,False,True,False,internal,manual,B-team coach promoted as new first-team manager for 2017/18; club called it a home-grown appointment,Villarreal,True,2017-08-21,2018-05-19,38.0,True,False,True,False
Athletic Bilbao,José Ángel Ziganda,Mutual consent,30 June 2018,Pre-season,Eduardo Berizzo,31 May 2018,la_liga,2018/19,2018–19 La Liga,https://en.wikipedia.org/wiki/2018%E2%80%9319_La_Liga,wikipedia,2018-06-30,2018-05-31,False,False,exclude_preseason,eduardo berizzo,jos ngel ziganda,athleticbilbao,Sacked,eduardo berizzo,2018-12-04,,,False,True,False,False,True,external,high,arrived_from_other_club_in_sample,Ath Bilbao,True,2018-08-20,2019-05-18,38.0,False,True,False,False
Athletic Bilbao,Eduardo Berizzo,Sacked,4 December 2018,18th,Gaizka Garitano,4 December 2018,la_liga,2018/19,2018–19 La Liga,https://en.wikipedia.org/wiki/2018%E2%80%9319_La_Liga,wikipedia,2018-12-04,2018-12-04,False,False,sacked,gaizka garitano,eduardo berizzo,athleticbilbao,,,,eduardo berizzo,False,False,False,False,True,False,internal,manual,Bilbao Athletic coach promoted as new first-team manager; already on club staff,Ath Bilbao,True,2018-08-20,2019-05-18,38.0,True,False,True,False
Celta Vigo,Juan Carlos Unzué,Sacked,21 May 2018,Pre-season,Antonio Mohamed,22 May 2018,la_liga,2018/19,2018–19 La Liga,https://en.wikipedia.org/wiki/2018%E2%80%9319_La_Liga,wikipedia,2018-05-21,2018-05-22,False,False,exclude_preseason,antonio mohamed,juan carlos unzu,celtavigo,Sacked,antonio mohamed,2018-11-12,,,False,True,False,False,False,external,review,default_external_needs_review,Celta,True,2018-08-18,2019-05-18,38.0,False,True,False,False
Celta Vigo,Antonio Mohamed,Sacked,12 November 2018,14th,Miguel Cardoso,12 November 2018,la_liga,2018/19,2018–19 La Liga,https://en.wikipedia.org/wiki/2018%E2%80%9319_La_Liga,wikipedia,2018-11-12,2018-11-12,False,False,sacked,miguel cardoso,antonio mohamed,celtavigo,Sacked,miguel cardoso,2019-03-03,antonio mohamed,False,False,True,False,False,True,external,high,arrived_from_other_club_in_sample,Celta,True,2018-08-18,2019-05-18,38.0,True,False,True,False
Celta Vigo,Miguel Cardoso,Sacked,3 March 2019,17th,Fran Escribá,3 March 2019,la_liga,2018/19,2018–19 La Liga,https://en.wikipedia.org/wiki/2018%E2%80%9319_La_Liga,wikipedia,2019-03-03,2019-03-03,False,False,sacked,fran escrib,miguel cardoso,celtavigo,,,,miguel cardoso,False,False,False,False,False,False,external,manual,Hired from outside as new manager after Cardoso sacking,Celta,True,2018-08-18,2019-05-18,38.0,True,False,True,False
Espanyol,David Gallego,End of caretaker spell,30 June 2018,Pre-season,Rubi,3 June 2018,la_liga,2018/19,2018–19 La Liga,https://en.wikipedia.org/wiki/2018%E2%80%9319_La_Liga,wikipedia,2018-06-30,2018-06-03,False,False,exclude_preseason,rubi,david gallego,espanyol,,,,,,False,False,False,False,True,external,high,arrived_from_other_club_in_sample,Espanol,True,2018-08-18,2019-05-18,38.0,False,True,False,False
Girona,Pablo Machín,Signed for Sevilla,28 May 2018,Pre-season,Eusebio Sacristán,7 June 2018,la_liga,2018/19,2018–19 La Liga,https://en.wikipedia.org/wiki/2018%E2%80%9319_La_Liga,wikipedia,2018-05-28,2018-06-07,False,False,exclude_preseason,eusebio sacrist n,pablo mach n,girona,,,,,,False,False,False,False,True,external,high,arrived_from_other_club_in_sample,Girona,True,2018-08-17,2019-05-18,38.0,False,True,False,False
Huesca,Rubi,End of contract,30 June 2018,Pre-season,Leo Franco,28 May 2018,la_liga,2018/19,2018–19 La Liga,https://en.wikipedia.org/wiki/2018%E2%80%9319_La_Liga,wikipedia,2018-06-30,2018-05-28,False,False,exclude_preseason,leo franco,rubi,huesca,Sacked,leo franco,2018-10-09,,,False,True,False,False,False,external,review,default_external_needs_review,Huesca,True,2018-08-19,2019-05-18,38.0,False,True,False,False
Huesca,Leo Franco,Sacked,9 October 2018,20th,Francisco,10 October 2018,la_liga,2018/19,2018–19 La Liga,https://en.wikipedia.org/wiki/2018%E2%80%9319_La_Liga,wikipedia,2018-10-09,2018-10-10,False,False,sacked,francisco,leo franco,huesca,,,,leo franco,False,False,False,False,False,False,external,manual,Hired from outside as new manager after Franco sacking,Huesca,True,2018-08-19,2019-05-18,38.0,True,False,True,False
Leganés,Asier Garitano,Signed for Real Sociedad,30 June 2018,Pre-season,Mauricio Pellegrino,2 June 2018,la_liga,2018/19,2018–19 La Liga,https://en.wikipedia.org/wiki/2018%E2%80%9319_La_Liga,wikipedia,2018-06-30,2018-06-02,False,False,exclude_preseason,mauricio pellegrino,asier garitano,leganes,,,,,,False,False,False,False,True,external,high,arrived_from_other_club_in_sample,Leganes,True,2018-08-20,2019-05-18,38.0,False,True,False,False
Rayo Vallecano,Míchel,Sacked,18 March 2019,19th,Paco Jémez,20 March 2019,la_liga,2018/19,2018–19 La Liga,https://en.wikipedia.org/wiki/2018%E2%80%9319_La_Liga,wikipedia,2019-03-18,2019-03-20,False,False,sacked,paco j mez,m chel,rayovallecano,,,,,,False,False,False,True,False,external,manual,Returning former manager hired from outside; not then on Rayo staff,Vallecano,True,2018-08-19,2019-05-18,38.0,True,False,True,False
Real Madrid,Zinedine Zidane,Resigned,31 May 2018,Pre-season,Julen Lopetegui,12 June 2018,la_liga,2018/19,2018–19 La Liga,https://en.wikipedia.org/wiki/2018%E2%80%9319_La_Liga,wikipedia,2018-05-31,2018-06-12,False,False,exclude_preseason,julen lopetegui,zinedine zidane,realmadrid,Sacked,julen lopetegui,2018-10-29,,,False,True,False,False,False,external,review,default_external_needs_review,Real Madrid,True,2018-08-19,2019-05-19,38.0,False,True,False,False
Real Madrid,Julen Lopetegui,Sacked,29 October 2018,9th,Santiago Solari,30 October 2018,la_liga,2018/19,2018–19 La Liga,https://en.wikipedia.org/wiki/2018%E2%80%9319_La_Liga,wikipedia,2018-10-29,2018-10-30,False,False,sacked,santiago solari,julen lopetegui,realmadrid,Sacked,santiago solari,2019-03-11,julen lopetegui,False,False,True,True,True,False,caretaker,high,caretaker_flag_or_short_spell,Real Madrid,True,2018-08-19,2019-05-19,38.0,True,False,True,False
Real Madrid,Santiago Solari,Sacked,11 March 2019,3rd,Zinedine Zidane,11 March 2019,la_liga,2018/19,2018–19 La Liga,https://en.wikipedia.org/wiki/2018%E2%80%9319_La_Liga,wikipedia,2019-03-11,2019-03-11,False,False,sacked,zinedine zidane,santiago solari,realmadrid,,,,santiago solari,False,False,False,False,True,False,external,manual,Returning former manager hired from outside; not then on Madrid staff,Real Madrid,True,2018-08-19,2019-05-19,38.0,True,False,True,False
Real Sociedad,Imanol Alguacil,End of contract,30 June 2018,Pre-season,Asier Garitano,24 May 2018,la_liga,2018/19,2018–19 La Liga,https://en.wikipedia.org/wiki/2018%E2%80%9319_La_Liga,wikipedia,2018-06-30,2018-05-24,False,False,exclude_preseason,asier garitano,imanol alguacil,realsociedad,Sacked,asier garitano,2018-12-26,,,False,True,False,False,False,external,review,default_external_needs_review,Sociedad,True,2018-08-18,2019-05-18,38.0,False,True,False,False
Real Sociedad,Asier Garitano,Sacked,26 December 2018,15th,Imanol Alguacil,26 December 2018,la_liga,2018/19,2018–19 La Liga,https://en.wikipedia.org/wiki/2018%E2%80%9319_La_Liga,wikipedia,2018-12-26,2018-12-26,False,False,sacked,imanol alguacil,asier garitano,realsociedad,,,,asier garitano,False,False,False,False,True,False,internal,manual,Sanse coach promoted as new first-team manager on a deal for rest of season plus one more year,Sociedad,True,2018-08-18,2019-05-18,38.0,True,False,True,False
Sevilla,Joaquín Caparrós,End of caretaker spell,30 June 2018,Pre-season,Pablo Machín,28 May 2018,la_liga,2018/19,2018–19 La Liga,https://en.wikipedia.org/wiki/2018%E2%80%9319_La_Liga,wikipedia,2018-06-30,2018-05-28,False,False,exclude_preseason,pablo mach n,joaqu n caparr s,sevilla,Sacked,pablo mach n,2019-03-15,,,False,True,False,True,True,external,high,arrived_from_other_club_in_sample,Sevilla,True,2018-08-19,2019-05-18,38.0,False,True,False,False
Sevilla,Pablo Machín,Sacked,15 March 2019,6th,Joaquín Caparrós,15 March 2019,la_liga,2018/19,2018–19 La Liga,https://en.wikipedia.org/wiki/2018%E2%80%9319_La_Liga,wikipedia,2019-03-15,2019-03-15,False,False,sacked,joaqu n caparr s,pablo mach n,sevilla,,,,pablo mach n,False,False,False,False,True,False,caretaker,manual,Existing sporting director given first team only until season end,Sevilla,True,2018-08-19,2019-05-18,38.0,True,False,True,False
Villarreal,Javier Calleja,Sacked,10 December 2018,17th,Luis García,10 December 2018,la_liga,2018/19,2018–19 La Liga,https://en.wikipedia.org/wiki/2018%E2%80%9319_La_Liga,wikipedia,2018-12-10,2018-12-10,False,False,sacked,luis garc a,javier calleja,villarreal,Sacked,luis garc a,2019-01-29,,,False,True,False,True,False,external,manual,Hired from Beijing Renhe as new manager until season end; not then at Villarreal,Villarreal,True,2018-08-18,2019-05-18,38.0,True,False,True,False
Villarreal,Luis García,Sacked,29 January 2019,19th,Javier Calleja,29 January 2019,la_liga,2018/19,2018–19 La Liga,https://en.wikipedia.org/wiki/2018%E2%80%9319_La_Liga,wikipedia,2019-01-29,2019-01-29,False,False,sacked,javier calleja,luis garc a,villarreal,,,,luis garc a,False,False,False,False,True,False,external,manual,Rehired from outside after earlier sacking; not then on Villarreal staff,Villarreal,True,2018-08-18,2019-05-18,38.0,True,False,True,False
Alavés,Abelardo,Resigned,20 May 2019,Pre-season,Asier Garitano,21 May 2019,la_liga,2019/20,2019–20 La Liga,https://en.wikipedia.org/wiki/2019%E2%80%9320_La_Liga,wikipedia,2019-05-20,2019-05-21,False,False,exclude_preseason,asier garitano,abelardo,alaves,Sacked,asier garitano,2020-07-05,,,False,True,False,False,True,external,high,arrived_from_other_club_in_sample,Alaves,True,2019-08-18,2020-07-19,38.0,False,True,False,False
Alavés,Asier Garitano,Sacked,5 July 2020,15th,Juan Muñiz,5 July 2020,la_liga,2019/20,2019–20 La Liga,https://en.wikipedia.org/wiki/2019%E2%80%9320_La_Liga,wikipedia,2020-07-05,2020-07-05,False,False,sacked,juan mu iz,asier garitano,alaves,,,,asier garitano,False,False,False,False,False,False,external,manual,"Club named López Muñiz as the coach until season end with an option for another year, not as an interim.",Alaves,True,2019-08-18,2020-07-19,38.0,True,False,True,False
Barcelona,Ernesto Valverde,Sacked,13 January 2020,2nd,Quique Setién,13 January 2020,la_liga,2019/20,2019–20 La Liga,https://en.wikipedia.org/wiki/2019%E2%80%9320_La_Liga,wikipedia,2020-01-13,2020-01-13,False,False,sacked,quique seti n,ernesto valverde,barcelona,,,,,,False,False,False,True,False,external,manual,Hired from outside as new manager after Valverde sacking,Barcelona,True,2019-08-16,2020-07-19,38.0,True,False,True,False
Celta Vigo,Fran Escribá,Sacked,3 November 2019,18th,Óscar García,4 November 2019,la_liga,2019/20,2019–20 La Liga,https://en.wikipedia.org/wiki/2019%E2%80%9320_La_Liga,wikipedia,2019-11-03,2019-11-04,False,False,sacked,scar garc a,fran escrib,celtavigo,,,,,,False,False,False,False,False,external,manual,Hired from outside as new manager after Escriba sacking,Celta,True,2019-08-17,2020-07-19,38.0,True,False,True,False
Espanyol,Rubi,Signed for Real Betis,6 June 2019,Pre-season,David Gallego,6 June 2019,la_liga,2019/20,2019–20 La Liga,https://en.wikipedia.org/wiki/2019%E2%80%9320_La_Liga,wikipedia,2019-06-06,2019-06-06,False,False,exclude_preseason,david gallego,rubi,espanyol,Sacked,david gallego,2019-10-07,,,False,True,False,False,False,external,review,default_external_needs_review,Espanol,True,2019-08-18,2020-07-19,38.0,False,True,False,False
Espanyol,David Gallego,Sacked,7 October 2019,19th,Pablo Machín,7 October 2019,la_liga,2019/20,2019–20 La Liga,https://en.wikipedia.org/wiki/2019%E2%80%9320_La_Liga,wikipedia,2019-10-07,2019-10-07,False,False,sacked,pablo mach n,david gallego,espanyol,Sacked,pablo mach n,2019-12-23,david gallego,False,False,True,False,False,False,external,manual,Hired from outside as new manager after Gallego sacking,Espanol,True,2019-08-18,2020-07-19,38.0,True,False,True,False
Espanyol,Pablo Machín,Sacked,23 December 2019,20th,Abelardo,27 December 2019,la_liga,2019/20,2019–20 La Liga,https://en.wikipedia.org/wiki/2019%E2%80%9320_La_Liga,wikipedia,2019-12-23,2019-12-27,False,False,sacked,abelardo,pablo mach n,espanyol,Sacked,abelardo,2020-06-27,pablo mach n,False,False,True,False,False,False,external,manual,Hired from outside as new manager after Machin sacking,Espanol,True,2019-08-18,2020-07-19,38.0,True,False,True,False
Espanyol,Abelardo,Sacked,27 June 2020,20th,Francisco Rufete (interim),27 June 2020,la_liga,2019/20,2019–20 La Liga,https://en.wikipedia.org/wiki/2019%E2%80%9320_La_Liga,wikipedia,2020-06-27,2020-06-27,True,False,sacked,francisco rufete,abelardo,espanyol,,,,abelardo,False,False,False,False,False,False,caretaker,high,caretaker_flag_or_short_spell,Espanol,True,2019-08-18,2020-07-19,38.0,True,False,True,False
Leganés,Mauricio Pellegrino,Resigned,21 October 2019,20th,Javier Aguirre,4 November 2019,la_liga,2019/20,2019–20 La Liga,https://en.wikipedia.org/wiki/2019%E2%80%9320_La_Liga,wikipedia,2019-10-21,2019-11-04,False,False,exclude_resigned,javier aguirre,mauricio pellegrino,leganes,,,,,,False,False,True,True,False,caretaker,high,caretaker_flag_or_short_spell,Leganes,True,2019-08-17,2020-07-19,38.0,True,False,False,False
Real Betis,Quique Setién,Mutual consent,19 May 2019,Pre-season,Rubi,6 June 2019,la_liga,2019/20,2019–20 La Liga,https://en.wikipedia.org/wiki/2019%E2%80%9320_La_Liga,wikipedia,2019-05-19,2019-06-06,False,False,exclude_preseason,rubi,quique seti n,realbetis,Sacked,rubi,2020-06-21,,,False,True,False,False,True,external,high,arrived_from_other_club_in_sample,Betis,True,2019-08-18,2020-07-19,38.0,False,True,False,False
Real Betis,Rubi,Sacked,21 June 2020,14th,Alexis Trujillo (interim),21 June 2020,la_liga,2019/20,2019–20 La Liga,https://en.wikipedia.org/wiki/2019%E2%80%9320_La_Liga,wikipedia,2020-06-21,2020-06-21,True,False,sacked,alexis trujillo,rubi,realbetis,,,,rubi,False,False,False,False,False,False,caretaker,high,caretaker_flag_or_short_spell,Betis,True,2019-08-18,2020-07-19,38.0,True,False,True,False
Sevilla,Joaquín Caparrós,End of contract,23 May 2019,Pre-season,Julen Lopetegui,4 June 2019,la_liga,2019/20,2019–20 La Liga,https://en.wikipedia.org/wiki/2019%E2%80%9320_La_Liga,wikipedia,2019-05-23,2019-06-04,False,False,exclude_preseason,julen lopetegui,joaqu n caparr s,sevilla,,,,,,False,False,False,False,False,external,review,default_external_needs_review,Sevilla,True,2019-08-18,2020-07-19,38.0,False,True,False,False
Valencia,Marcelino,Sacked,11 September 2019,10th,Albert Celades,11 September 2019,la_liga,2019/20,2019–20 La Liga,https://en.wikipedia.org/wiki/2019%E2%80%9320_La_Liga,wikipedia,2019-09-11,2019-09-11,False,False,sacked,albert celades,marcelino,valencia,Sacked,albert celades,2020-06-29,,,False,True,False,True,False,external,manual,Hired from Spain setup as new first-team coach on a deal to June 2021,Valencia,True,2019-08-17,2020-07-19,38.0,True,False,True,False
Valencia,Albert Celades,Sacked,29 June 2020,8th,Voro (interim),29 June 2020,la_liga,2019/20,2019–20 La Liga,https://en.wikipedia.org/wiki/2019%E2%80%9320_La_Liga,wikipedia,2020-06-29,2020-06-29,True,False,sacked,voro,albert celades,valencia,,,,albert celades,False,False,False,True,True,False,caretaker,high,caretaker_flag_or_short_spell,Valencia,True,2019-08-17,2020-07-19,38.0,True,False,True,False
Alavés,Juan Muñiz,End of contract,20 July 2020,Pre-season,Pablo Machín,5 August 2020,la_liga,2020/21,2020–21 La Liga,https://en.wikipedia.org/wiki/2020%E2%80%9321_La_Liga,wikipedia,2020-07-20,2020-08-05,False,False,exclude_preseason,pablo mach n,juan mu iz,alaves,Sacked,pablo mach n,2021-01-12,,,False,True,False,False,False,external,review,default_external_needs_review,Alaves,True,2020-09-13,2021-05-23,38.0,False,True,False,False
Alavés,Pablo Machín,Sacked,12 January 2021,16th,Abelardo,12 January 2021,la_liga,2020/21,2020–21 La Liga,https://en.wikipedia.org/wiki/2020%E2%80%9321_La_Liga,wikipedia,2021-01-12,2021-01-12,False,False,sacked,abelardo,pablo mach n,alaves,Sacked,abelardo,2021-04-05,pablo mach n,False,False,True,False,False,False,external,manual,Returning former manager hired from outside as new coach until season end; not then on staff,Alaves,True,2020-09-13,2021-05-23,38.0,True,False,True,False
Alavés,Abelardo,Sacked,5 April 2021,20th,Javier Calleja,5 April 2021,la_liga,2020/21,2020–21 La Liga,https://en.wikipedia.org/wiki/2020%E2%80%9321_La_Liga,wikipedia,2021-04-05,2021-04-05,False,False,sacked,javier calleja,abelardo,alaves,,,,abelardo,False,False,False,False,False,False,external,manual,Hired from outside as new manager after Abelardo sacking,Alaves,True,2020-09-13,2021-05-23,38.0,True,False,True,False
Athletic Bilbao,Gaizka Garitano,Sacked,3 January 2021,9th,Marcelino,4 January 2021,la_liga,2020/21,2020–21 La Liga,https://en.wikipedia.org/wiki/2020%E2%80%9321_La_Liga,wikipedia,2021-01-03,2021-01-04,False,False,sacked,marcelino,gaizka garitano,athleticbilbao,,,,,,False,False,False,True,False,external,manual,Hired from outside as new manager after Garitano sacking,Ath Bilbao,True,2020-09-12,2021-05-22,38.0,True,False,True,False
Barcelona,Quique Setién,Sacked,17 August 2020,Pre-season,Ronald Koeman,19 August 2020,la_liga,2020/21,2020–21 La Liga,https://en.wikipedia.org/wiki/2020%E2%80%9321_La_Liga,wikipedia,2020-08-17,2020-08-19,False,False,exclude_preseason,ronald koeman,quique seti n,barcelona,,,,,,False,False,False,True,False,external,review,default_external_needs_review,Barcelona,True,2020-09-27,2021-05-22,38.0,False,True,False,False
Celta Vigo,Óscar García,Sacked,9 November 2020,17th,Eduardo Coudet,12 November 2020,la_liga,2020/21,2020–21 La Liga,https://en.wikipedia.org/wiki/2020%E2%80%9321_La_Liga,wikipedia,2020-11-09,2020-11-12,False,False,sacked,eduardo coudet,scar garc a,celtavigo,,,,,,False,False,False,False,False,external,manual,Hired from outside as new manager after Oscar Garcia sacking,Celta,True,2020-09-12,2021-05-22,38.0,True,False,True,False
Elche,Pacheta,Resigned,25 August 2020,Pre-season,Jorge Almirón,26 August 2020,la_liga,2020/21,2020–21 La Liga,https://en.wikipedia.org/wiki/2020%E2%80%9321_La_Liga,wikipedia,2020-08-25,2020-08-26,False,False,exclude_preseason,jorge almir n,pacheta,elche,Resigned,jorge almir n,2021-02-12,,,False,True,False,True,False,external,review,default_external_needs_review,Elche,True,2020-09-26,2021-05-22,38.0,False,True,False,False
Elche,Jorge Almirón,Resigned,12 February 2021,19th,Fran Escribá,14 February 2021,la_liga,2020/21,2020–21 La Liga,https://en.wikipedia.org/wiki/2020%E2%80%9321_La_Liga,wikipedia,2021-02-12,2021-02-14,False,False,exclude_resigned,fran escrib,jorge almir n,elche,,,,jorge almir n,False,False,False,False,True,False,external,review,default_external_needs_review,Elche,True,2020-09-26,2021-05-22,38.0,True,False,False,False
Huesca,Míchel,Sacked,12 January 2021,20th,Pacheta,12 January 2021,la_liga,2020/21,2020–21 La Liga,https://en.wikipedia.org/wiki/2020%E2%80%9321_La_Liga,wikipedia,2021-01-12,2021-01-12,False,False,sacked,pacheta,m chel,huesca,,,,,,False,False,False,False,True,external,high,arrived_from_other_club_in_sample,Huesca,True,2020-09-13,2021-05-22,38.0,True,False,True,False
Real Betis,Alexis Trujillo,End of interim spell,20 July 2020,Pre-season,Manuel Pellegrini,9 July 2020,la_liga,2020/21,2020–21 La Liga,https://en.wikipedia.org/wiki/2020%E2%80%9321_La_Liga,wikipedia,2020-07-20,2020-07-09,False,False,exclude_preseason,manuel pellegrini,alexis trujillo,realbetis,,,,,,False,False,False,False,False,external,review,default_external_needs_review,Betis,True,2020-09-13,2021-05-22,38.0,False,True,False,False
Valencia,Voro,End of interim spell,20 July 2020,Pre-season,Javi Gracia,27 July 2020,la_liga,2020/21,2020–21 La Liga,https://en.wikipedia.org/wiki/2020%E2%80%9321_La_Liga,wikipedia,2020-07-20,2020-07-27,False,False,exclude_preseason,javi gracia,voro,valencia,Sacked,javi gracia,2021-05-02,,,False,True,False,True,False,external,review,default_external_needs_review,Valencia,True,2020-09-13,2021-05-22,38.0,False,True,False,False
Valencia,Javi Gracia,Sacked,2 May 2021,14th,Voro (caretaker),3 May 2021,la_liga,2020/21,2020–21 La Liga,https://en.wikipedia.org/wiki/2020%E2%80%9321_La_Liga,wikipedia,2021-05-02,2021-05-03,True,False,sacked,voro,javi gracia,valencia,,,,javi gracia,False,False,False,True,True,False,caretaker,high,caretaker_flag_or_short_spell,Valencia,True,2020-09-13,2021-05-22,38.0,True,False,True,False
Villarreal,Javier Calleja,Sacked,20 July 2020,Pre-season,Unai Emery,23 July 2020,la_liga,2020/21,2020–21 La Liga,https://en.wikipedia.org/wiki/2020%E2%80%9321_La_Liga,wikipedia,2020-07-20,2020-07-23,False,False,exclude_preseason,unai emery,javier calleja,villarreal,,,,,,False,False,False,True,False,external,review,default_external_needs_review,Villarreal,True,2020-09-13,2021-05-22,38.0,False,True,False,False
Alavés,Javier Calleja,Sacked,28 December 2021,18th,José Luis Mendilibar,28 December 2021,la_liga,2021/22,2021–22 La Liga,https://en.wikipedia.org/wiki/2021%E2%80%9322_La_Liga,wikipedia,2021-12-28,2021-12-28,False,False,sacked,jos luis mendilibar,javier calleja,alaves,Sacked,jos luis mendilibar,2022-04-03,,,False,True,False,False,False,external,manual,Hired from outside as new manager after Calleja sacking,Alaves,True,2021-08-14,2022-05-22,38.0,True,False,True,False
Alavés,José Luis Mendilibar,Sacked,3 April 2022,20th,Julio Velázquez,5 April 2022,la_liga,2021/22,2021–22 La Liga,https://en.wikipedia.org/wiki/2021%E2%80%9322_La_Liga,wikipedia,2022-04-03,2022-04-05,False,False,sacked,julio vel zquez,jos luis mendilibar,alaves,,,,jos luis mendilibar,False,False,False,False,False,False,external,manual,Hired from outside as new manager after Mendilibar sacking,Alaves,True,2021-08-14,2022-05-22,38.0,True,False,True,False
Barcelona,Ronald Koeman,Sacked,27 October 2021,9th,Xavi,5 November 2021,la_liga,2021/22,2021–22 La Liga,https://en.wikipedia.org/wiki/2021%E2%80%9322_La_Liga,wikipedia,2021-10-27,2021-11-05,False,False,sacked,xavi,ronald koeman,barcelona,,,,,,False,False,True,True,False,caretaker,high,caretaker_flag_or_short_spell,Barcelona,True,2021-08-15,2022-05-22,38.0,True,False,True,False
Cádiz,Álvaro Cervera,Sacked,11 January 2022,19th,Sergio,11 January 2022,la_liga,2021/22,2021–22 La Liga,https://en.wikipedia.org/wiki/2021%E2%80%9322_La_Liga,wikipedia,2022-01-11,2022-01-11,False,False,sacked,sergio,lvaro cervera,cadiz,,,,,,False,False,False,True,False,external,manual,Hired from Valladolid unemployment as new first-team coach until season end; not then at Cadiz,Cadiz,True,2021-08-14,2022-05-22,38.0,True,False,True,False
Elche,Fran Escribá,Sacked,21 November 2021,18th,Francisco,28 November 2021,la_liga,2021/22,2021–22 La Liga,https://en.wikipedia.org/wiki/2021%E2%80%9322_La_Liga,wikipedia,2021-11-21,2021-11-28,False,False,sacked,francisco,fran escrib,elche,,,,,,False,False,False,True,False,external,manual,Hired from outside as new manager after Escriba sacking,Elche,True,2021-08-16,2022-05-22,38.0,True,False,True,False
Espanyol,Vicente Moreno,Sacked,13 May 2022,13th,Luis Blanco (caretaker),13 May 2022,la_liga,2021/22,2021–22 La Liga,https://en.wikipedia.org/wiki/2021%E2%80%9322_La_Liga,wikipedia,2022-05-13,2022-05-13,True,False,sacked,luis blanco,vicente moreno,espanyol,,,,,,False,False,False,False,False,caretaker,high,caretaker_flag_or_short_spell,Espanol,True,2021-08-14,2022-05-22,38.0,True,False,True,False
Getafe,José Bordalás,Mutual consent,26 May 2021,Pre-season,Míchel,27 May 2021,la_liga,2021/22,2021–22 La Liga,https://en.wikipedia.org/wiki/2021%E2%80%9322_La_Liga,wikipedia,2021-05-26,2021-05-27,False,False,exclude_preseason,m chel,jos bordal s,getafe,Sacked,m chel,2021-10-04,,,False,True,False,False,True,external,high,arrived_from_other_club_in_sample,Getafe,True,2021-08-13,2022-05-22,38.0,False,True,False,False
Getafe,Míchel,Sacked,4 October 2021,20th,Quique Sánchez Flores,6 October 2021,la_liga,2021/22,2021–22 La Liga,https://en.wikipedia.org/wiki/2021%E2%80%9322_La_Liga,wikipedia,2021-10-04,2021-10-06,False,False,sacked,quique s nchez flores,m chel,getafe,,,,m chel,False,False,False,False,True,False,external,manual,Hired from outside as new manager after Michel sacking,Getafe,True,2021-08-13,2022-05-22,38.0,True,False,True,False
Granada,Diego Martínez,Resigned,27 May 2021,Pre-season,Robert Moreno,18 June 2021,la_liga,2021/22,2021–22 La Liga,https://en.wikipedia.org/wiki/2021%E2%80%9322_La_Liga,wikipedia,2021-05-27,2021-06-18,False,False,exclude_preseason,robert moreno,diego mart nez,granada,Sacked,robert moreno,2022-03-06,,,False,True,False,False,False,external,review,default_external_needs_review,Granada,True,2021-08-16,2022-05-22,38.0,False,True,False,False
Granada,Robert Moreno,Sacked,6 March 2022,17th,Rubén Torrecilla (caretaker),6 March 2022,la_liga,2021/22,2021–22 La Liga,https://en.wikipedia.org/wiki/2021%E2%80%9322_La_Liga,wikipedia,2022-03-06,2022-03-06,True,False,sacked,rub n torrecilla,robert moreno,granada,End of caretaker spell,rub n torrecilla,2022-04-18,robert moreno,False,True,True,True,True,False,caretaker,high,caretaker_flag_or_short_spell,Granada,True,2021-08-16,2022-05-22,38.0,True,False,True,False
Granada,Rubén Torrecilla,End of caretaker spell,18 April 2022,18th,Aitor Karanka,18 April 2022,la_liga,2021/22,2021–22 La Liga,https://en.wikipedia.org/wiki/2021%E2%80%9322_La_Liga,wikipedia,2022-04-18,2022-04-18,False,False,exclude_end_caretaker,aitor karanka,rub n torrecilla,granada,,,,rub n torrecilla,True,False,False,False,True,False,external,review,default_external_needs_review,Granada,True,2021-08-16,2022-05-22,38.0,True,False,False,False
Levante,Paco López,Sacked,3 October 2021,18th,Javier Pereira,7 October 2021,la_liga,2021/22,2021–22 La Liga,https://en.wikipedia.org/wiki/2021%E2%80%9322_La_Liga,wikipedia,2021-10-03,2021-10-07,False,False,sacked,javier pereira,paco l pez,levante,Sacked,javier pereira,2021-11-29,,,False,True,False,True,False,external,manual,Hired from Henan as new head coach until June 2022 with optional extra years,Levante,True,2021-08-14,2022-05-20,38.0,True,False,True,False
Levante,Javier Pereira,Sacked,29 November 2021,20th,Alessio Lisci,7 December 2021,la_liga,2021/22,2021–22 La Liga,https://en.wikipedia.org/wiki/2021%E2%80%9322_La_Liga,wikipedia,2021-11-29,2021-12-07,False,False,sacked,alessio lisci,javier pereira,levante,,,,javier pereira,False,False,False,False,True,False,caretaker,manual,B-team coach named interim at the vacancy; only later confirmed as new manager,Levante,True,2021-08-14,2022-05-20,38.0,True,False,True,False
Mallorca,Luis García,Sacked,22 March 2022,18th,Javier Aguirre,24 March 2022,la_liga,2021/22,2021–22 La Liga,https://en.wikipedia.org/wiki/2021%E2%80%9322_La_Liga,wikipedia,2022-03-22,2022-03-24,False,False,sacked,javier aguirre,luis garc a,mallorca,,,,,,False,False,False,True,False,external,manual,Hired from outside as new manager after Garcia sacking,Mallorca,True,2021-08-14,2022-05-22,38.0,True,False,True,False
Real Madrid,Zinedine Zidane,Resigned,27 May 2021,Pre-season,Carlo Ancelotti,1 June 2021,la_liga,2021/22,2021–22 La Liga,https://en.wikipedia.org/wiki/2021%E2%80%9322_La_Liga,wikipedia,2021-05-27,2021-06-01,False,False,exclude_preseason,carlo ancelotti,zinedine zidane,realmadrid,,,,,,False,False,False,False,True,external,high,arrived_from_other_club_in_sample,Real Madrid,True,2021-08-14,2022-05-20,38.0,False,True,False,False
Valencia,Voro,End of interim spell,22 May 2021,Pre-season,José Bordalás,27 May 2021,la_liga,2021/22,2021–22 La Liga,https://en.wikipedia.org/wiki/2021%E2%80%9322_La_Liga,wikipedia,2021-05-22,2021-05-27,False,False,exclude_preseason,jos bordal s,voro,valencia,,,,,,False,False,False,False,True,external,high,arrived_from_other_club_in_sample,Valencia,True,2021-08-13,2022-05-21,38.0,False,True,False,False
Athletic Bilbao,Marcelino,Resigned,24 May 2022,Pre-season,Ernesto Valverde,30 June 2022,la_liga,2022/23,2022–23 La Liga,https://en.wikipedia.org/wiki/2022%E2%80%9323_La_Liga,wikipedia,2022-05-24,2022-06-30,False,False,exclude_preseason,ernesto valverde,marcelino,athleticbilbao,,,,,,False,False,False,False,False,external,review,default_external_needs_review,Ath Bilbao,True,2022-08-15,2023-06-04,38.0,False,True,False,False
Celta Vigo,Eduardo Coudet,Sacked,2 November 2022,16th,Carlos Carvalhal,2 November 2022,la_liga,2022/23,2022–23 La Liga,https://en.wikipedia.org/wiki/2022%E2%80%9323_La_Liga,wikipedia,2022-11-02,2022-11-02,False,False,sacked,carlos carvalhal,eduardo coudet,celtavigo,,,,,,False,False,False,False,False,external,manual,Hired from outside as new manager after Coudet sacking,Celta,True,2022-08-13,2023-06-04,38.0,True,False,True,False
Elche,Francisco,Sacked,4 October 2022,20th,Alberto Gallego (caretaker),7 October 2022,la_liga,2022/23,2022–23 La Liga,https://en.wikipedia.org/wiki/2022%E2%80%9323_La_Liga,wikipedia,2022-10-04,2022-10-07,True,False,sacked,alberto gallego,francisco,elche,End of caretaker spell,alberto gallego,2022-10-12,,,True,True,False,True,False,caretaker,high,caretaker_flag_or_short_spell,Elche,True,2022-08-15,2023-06-04,38.0,True,False,True,False
Elche,Alberto Gallego,End of caretaker spell,12 October 2022,20th,Jorge Almirón,12 October 2022,la_liga,2022/23,2022–23 La Liga,https://en.wikipedia.org/wiki/2022%E2%80%9323_La_Liga,wikipedia,2022-10-12,2022-10-12,False,False,exclude_end_caretaker,jorge almir n,alberto gallego,elche,Sacked,jorge almir n,2022-11-07,alberto gallego,True,False,True,False,True,False,caretaker,review,caretaker_flag_or_short_spell,Elche,True,2022-08-15,2023-06-04,38.0,True,False,False,False
Elche,Jorge Almirón,Sacked,7 November 2022,20th,Pablo Machín,17 November 2022,la_liga,2022/23,2022–23 La Liga,https://en.wikipedia.org/wiki/2022%E2%80%9323_La_Liga,wikipedia,2022-11-07,2022-11-17,False,False,sacked,pablo mach n,jorge almir n,elche,Sacked,pablo mach n,2023-03-20,jorge almir n,False,False,True,False,True,False,external,manual,Hired from outside as new manager after Almiron sacking,Elche,True,2022-08-15,2023-06-04,38.0,True,False,True,False
Elche,Pablo Machín,Sacked,20 March 2023,20th,Sebastián Beccacece,21 March 2023,la_liga,2022/23,2022–23 La Liga,https://en.wikipedia.org/wiki/2022%E2%80%9323_La_Liga,wikipedia,2023-03-20,2023-03-21,False,False,sacked,sebasti n beccacece,pablo mach n,elche,,,,pablo mach n,False,False,False,False,True,False,external,manual,Hired from outside as new manager after Machin sacking,Elche,True,2022-08-15,2023-06-04,38.0,True,False,True,False
Espanyol,Luis Blanco,End of caretaker spell,13 May 2022,Pre-season,Diego Martínez,31 May 2022,la_liga,2022/23,2022–23 La Liga,https://en.wikipedia.org/wiki/2022%E2%80%9323_La_Liga,wikipedia,2022-05-13,2022-05-31,False,False,exclude_preseason,diego mart nez,luis blanco,espanyol,Sacked,diego mart nez,2023-04-03,,,False,True,False,False,False,external,review,default_external_needs_review,Espanol,True,2022-08-13,2023-06-04,38.0,False,True,False,False
Espanyol,Diego Martínez,Sacked,3 April 2023,17th,Luis García,3 April 2023,la_liga,2022/23,2022–23 La Liga,https://en.wikipedia.org/wiki/2022%E2%80%9323_La_Liga,wikipedia,2023-04-03,2023-04-03,False,False,sacked,luis garc a,diego mart nez,espanyol,,,,diego mart nez,False,False,False,False,False,False,external,manual,Former player hired from RSC Internacional as new coach to June 2024; not then on Espanyol staff,Espanol,True,2022-08-13,2023-06-04,38.0,True,False,True,False
Getafe,Quique Sánchez Flores,Sacked,27 April 2023,18th,José Bordalás,29 April 2023,la_liga,2022/23,2022–23 La Liga,https://en.wikipedia.org/wiki/2022%E2%80%9323_La_Liga,wikipedia,2023-04-27,2023-04-29,False,False,sacked,jos bordal s,quique s nchez flores,getafe,,,,,,False,False,False,True,False,external,manual,Returning former manager hired from outside; not then on Getafe staff,Getafe,True,2022-08-15,2023-06-04,38.0,True,False,True,False
Sevilla,Julen Lopetegui,Sacked,5 October 2022,17th,Jorge Sampaoli,6 October 2022,la_liga,2022/23,2022–23 La Liga,https://en.wikipedia.org/wiki/2022%E2%80%9323_La_Liga,wikipedia,2022-10-05,2022-10-06,False,False,sacked,jorge sampaoli,julen lopetegui,sevilla,Sacked,jorge sampaoli,2023-03-21,,,False,True,False,True,True,external,high,arrived_from_other_club_in_sample,Sevilla,True,2022-08-12,2023-06-04,38.0,True,False,True,False
Sevilla,Jorge Sampaoli,Sacked,21 March 2023,14th,José Luis Mendilibar,21 March 2023,la_liga,2022/23,2022–23 La Liga,https://en.wikipedia.org/wiki/2022%E2%80%9323_La_Liga,wikipedia,2023-03-21,2023-03-21,False,False,sacked,jos luis mendilibar,jorge sampaoli,sevilla,,,,jorge sampaoli,False,False,False,False,True,False,external,manual,Hired from outside as new manager after Sampaoli sacking,Sevilla,True,2022-08-12,2023-06-04,38.0,True,False,True,False
Valencia,José Bordalás,Sacked,22 May 2022,Pre-season,Gennaro Gattuso,9 June 2022,la_liga,2022/23,2022–23 La Liga,https://en.wikipedia.org/wiki/2022%E2%80%9323_La_Liga,wikipedia,2022-05-22,2022-06-09,False,False,exclude_preseason,gennaro gattuso,jos bordal s,valencia,Mutual consent,gennaro gattuso,2023-01-31,,,False,True,False,False,False,external,review,default_external_needs_review,Valencia,True,2022-08-14,2023-06-04,38.0,False,True,False,False
Valencia,Gennaro Gattuso,Mutual consent,31 January 2023,14th,Voro (interim),31 January 2023,la_liga,2022/23,2022–23 La Liga,https://en.wikipedia.org/wiki/2022%E2%80%9323_La_Liga,wikipedia,2023-01-31,2023-01-31,True,False,mutual_consent,voro,gennaro gattuso,valencia,End of caretaker spell,voro,2023-02-14,gennaro gattuso,False,True,True,True,True,False,caretaker,high,caretaker_flag_or_short_spell,Valencia,True,2022-08-14,2023-06-04,38.0,True,False,False,True
Valencia,Voro (interim),End of caretaker spell,14 February 2023,18th,Rubén Baraja,14 February 2023,la_liga,2022/23,2022–23 La Liga,https://en.wikipedia.org/wiki/2022%E2%80%9323_La_Liga,wikipedia,2023-02-14,2023-02-14,False,True,exclude_end_caretaker,rub n baraja,voro,valencia,,,,voro,True,False,False,False,True,False,external,review,default_external_needs_review,Valencia,True,2022-08-14,2023-06-04,38.0,True,False,False,False
Valladolid,Pacheta,Sacked,3 April 2023,15th,Paulo Pezzolano,4 April 2023,la_liga,2022/23,2022–23 La Liga,https://en.wikipedia.org/wiki/2022%E2%80%9323_La_Liga,wikipedia,2023-04-03,2023-04-04,False,False,sacked,paulo pezzolano,pacheta,valladolid,,,,,,False,False,False,False,False,external,manual,Hired from outside as new manager after Pacheta sacking,Valladolid,True,2022-08-13,2023-06-04,38.0,True,False,True,False
Villarreal,Unai Emery,Signed by Aston Villa,24 October 2022,7th,Quique Setién,25 October 2022,la_liga,2022/23,2022–23 La Liga,https://en.wikipedia.org/wiki/2022%E2%80%9323_La_Liga,wikipedia,2022-10-24,2022-10-25,False,False,exclude_signed_by,quique seti n,unai emery,villarreal,,,,,,False,False,False,True,False,external,review,default_external_needs_review,Villarreal,True,2022-08-13,2023-06-04,38.0,True,False,False,False
Almería,Rubi,End of contract,30 June 2023,Pre-season,Vicente Moreno,17 June 2023,la_liga,2023/24,2023–24 La Liga,https://en.wikipedia.org/wiki/2023%E2%80%9324_La_Liga,wikipedia,2023-06-30,2023-06-17,False,False,exclude_preseason,vicente moreno,rubi,almeria,Sacked,vicente moreno,2023-09-29,,,False,True,False,False,False,external,review,default_external_needs_review,Almeria,True,2023-08-11,2024-05-25,38.0,False,True,False,False
Almería,Vicente Moreno,Sacked,29 September 2023,20th,Alberto Lasarte (caretaker),29 September 2023,la_liga,2023/24,2023–24 La Liga,https://en.wikipedia.org/wiki/2023%E2%80%9324_La_Liga,wikipedia,2023-09-29,2023-09-29,True,False,sacked,alberto lasarte,vicente moreno,almeria,End of caretaker spell,alberto lasarte,2023-10-08,vicente moreno,False,True,True,False,True,False,caretaker,high,caretaker_flag_or_short_spell,Almeria,True,2023-08-11,2024-05-25,38.0,True,False,True,False
Almería,Alberto Lasarte,End of caretaker spell,8 October 2023,20th,Gaizka Garitano,8 October 2023,la_liga,2023/24,2023–24 La Liga,https://en.wikipedia.org/wiki/2023%E2%80%9324_La_Liga,wikipedia,2023-10-08,2023-10-08,False,False,exclude_end_caretaker,gaizka garitano,alberto lasarte,almeria,Sacked,gaizka garitano,2024-03-13,alberto lasarte,True,False,True,False,True,False,external,review,default_external_needs_review,Almeria,True,2023-08-11,2024-05-25,38.0,True,False,False,False
Almería,Gaizka Garitano,Sacked,13 March 2024,20th,Pepe Mel,13 March 2024,la_liga,2023/24,2023–24 La Liga,https://en.wikipedia.org/wiki/2023%E2%80%9324_La_Liga,wikipedia,2024-03-13,2024-03-13,False,False,sacked,pepe mel,gaizka garitano,almeria,,,,gaizka garitano,False,False,False,False,True,False,external,manual,Hired from outside as new manager after Garitano sacking,Almeria,True,2023-08-11,2024-05-25,38.0,True,False,True,False
Cádiz,Sergio González,Sacked,23 January 2024,18th,Mauricio Pellegrino,24 January 2024,la_liga,2023/24,2023–24 La Liga,https://en.wikipedia.org/wiki/2023%E2%80%9324_La_Liga,wikipedia,2024-01-23,2024-01-24,False,False,sacked,mauricio pellegrino,sergio gonz lez,cadiz,,,,,,False,False,False,True,False,external,manual,Hired from outside as new manager after Sergio sacking,Cadiz,True,2023-08-14,2024-05-25,38.0,True,False,True,False
Celta Vigo,Carlos Carvalhal,End of contract,30 June 2023,Pre-season,Rafael Benítez,23 June 2023,la_liga,2023/24,2023–24 La Liga,https://en.wikipedia.org/wiki/2023%E2%80%9324_La_Liga,wikipedia,2023-06-30,2023-06-23,False,False,exclude_preseason,rafael ben tez,carlos carvalhal,celtavigo,Sacked,rafael ben tez,2024-03-12,,,False,True,False,False,False,external,review,default_external_needs_review,Celta,True,2023-08-13,2024-05-26,38.0,False,True,False,False
Celta Vigo,Rafael Benítez,Sacked,12 March 2024,17th,Claudio Giráldez,12 March 2024,la_liga,2023/24,2023–24 La Liga,https://en.wikipedia.org/wiki/2023%E2%80%9324_La_Liga,wikipedia,2024-03-12,2024-03-12,False,False,sacked,claudio gir ldez,rafael ben tez,celtavigo,,,,rafael ben tez,False,False,False,False,False,False,internal,manual,Celta Fortuna coach promoted as new first-team manager; already on club staff,Celta,True,2023-08-13,2024-05-26,38.0,True,False,True,False
Granada,Paco López,Sacked,26 November 2023,19th,Alexander Medina,27 November 2023,la_liga,2023/24,2023–24 La Liga,https://en.wikipedia.org/wiki/2023%E2%80%9324_La_Liga,wikipedia,2023-11-26,2023-11-27,False,False,sacked,alexander medina,paco l pez,granada,Sacked,alexander medina,2024-03-19,,,False,True,False,True,False,external,manual,Hired from outside as new manager after Lopez sacking,Granada,True,2023-08-14,2024-05-24,38.0,True,False,True,False
Granada,Alexander Medina,Sacked,19 March 2024,19th,José Ramón Sandoval,19 March 2024,la_liga,2023/24,2023–24 La Liga,https://en.wikipedia.org/wiki/2023%E2%80%9324_La_Liga,wikipedia,2024-03-19,2024-03-19,False,False,sacked,jos ram n sandoval,alexander medina,granada,,,,alexander medina,False,False,False,False,True,False,external,manual,Returning former manager hired from outside as new coach; not then on Granada staff,Granada,True,2023-08-14,2024-05-24,38.0,True,False,True,False
Rayo Vallecano,Andoni Iraola,End of contract,30 June 2023,Pre-season,Francisco,28 June 2023,la_liga,2023/24,2023–24 La Liga,https://en.wikipedia.org/wiki/2023%E2%80%9324_La_Liga,wikipedia,2023-06-30,2023-06-28,False,False,exclude_preseason,francisco,andoni iraola,rayovallecano,Sacked,francisco,2024-02-13,,,False,True,False,False,False,external,review,default_external_needs_review,Vallecano,True,2023-08-11,2024-05-25,38.0,False,True,False,False
Rayo Vallecano,Francisco,Sacked,13 February 2024,14th,Iñigo Pérez,15 February 2024,la_liga,2023/24,2023–24 La Liga,https://en.wikipedia.org/wiki/2023%E2%80%9324_La_Liga,wikipedia,2024-02-13,2024-02-15,False,False,sacked,i igo p rez,francisco,rayovallecano,,,,francisco,False,False,False,False,True,False,external,manual,Former Iraola assistant hired from outside as new manager; not then on Rayo staff,Vallecano,True,2023-08-11,2024-05-25,38.0,True,False,True,False
Sevilla,José Luis Mendilibar,Sacked,8 October 2023,14th,Diego Alonso,10 October 2023,la_liga,2023/24,2023–24 La Liga,https://en.wikipedia.org/wiki/2023%E2%80%9324_La_Liga,wikipedia,2023-10-08,2023-10-10,False,False,sacked,diego alonso,jos luis mendilibar,sevilla,Sacked,diego alonso,2023-12-16,,,False,True,False,True,False,external,manual,Hired from Uruguay NT unemployment as new coach until season end,Sevilla,True,2023-08-11,2024-05-26,38.0,True,False,True,False
Sevilla,Diego Alonso,Sacked,16 December 2023,16th,Quique Sánchez Flores,18 December 2023,la_liga,2023/24,2023–24 La Liga,https://en.wikipedia.org/wiki/2023%E2%80%9324_La_Liga,wikipedia,2023-12-16,2023-12-18,False,False,sacked,quique s nchez flores,diego alonso,sevilla,,,,diego alonso,False,False,False,False,True,False,external,manual,Hired from outside as new manager after Alonso sacking,Sevilla,True,2023-08-11,2024-05-26,38.0,True,False,True,False
Villarreal,Quique Setién,Sacked,5 September 2023,15th,Pacheta,9 September 2023,la_liga,2023/24,2023–24 La Liga,https://en.wikipedia.org/wiki/2023%E2%80%9324_La_Liga,wikipedia,2023-09-05,2023-09-09,False,False,sacked,pacheta,quique seti n,villarreal,Sacked,pacheta,2023-11-10,,,False,True,False,True,True,external,manual,Hired from outside as new head coach for the rest of the season,Villarreal,True,2023-08-13,2024-05-25,38.0,True,False,True,False
Villarreal,Pacheta,Sacked,10 November 2023,13th,Miguel Ángel Tena (caretaker),10 November 2023,la_liga,2023/24,2023–24 La Liga,https://en.wikipedia.org/wiki/2023%E2%80%9324_La_Liga,wikipedia,2023-11-10,2023-11-10,True,False,sacked,miguel ngel tena,pacheta,villarreal,End of caretaker spell,miguel ngel tena,2023-11-13,pacheta,False,True,True,False,True,False,caretaker,high,caretaker_flag_or_short_spell,Villarreal,True,2023-08-13,2024-05-25,38.0,True,False,True,False
Villarreal,Miguel Ángel Tena,End of caretaker spell,13 November 2023,14th,Marcelino,13 November 2023,la_liga,2023/24,2023–24 La Liga,https://en.wikipedia.org/wiki/2023%E2%80%9324_La_Liga,wikipedia,2023-11-13,2023-11-13,False,False,exclude_end_caretaker,marcelino,miguel ngel tena,villarreal,,,,miguel ngel tena,True,False,False,False,True,True,external,high,arrived_from_other_club_in_sample,Villarreal,True,2023-08-13,2024-05-25,38.0,True,False,False,False
Alavés,Luis García,Sacked,2 December 2024,16th,Eduardo Coudet,2 December 2024,la_liga,2024/25,2024–25 La Liga,https://en.wikipedia.org/wiki/2024%E2%80%9325_La_Liga,wikipedia,2024-12-02,2024-12-02,False,False,sacked,eduardo coudet,luis garc a,alaves,,,,,,False,False,False,False,False,external,manual,Hired from outside as new manager after Garcia sacking,Alaves,True,2024-08-16,2025-05-24,38.0,True,False,True,False
Barcelona,Xavi,Sacked,26 May 2024,Pre-season,Hansi Flick,29 May 2024,la_liga,2024/25,2024–25 La Liga,https://en.wikipedia.org/wiki/2024%E2%80%9325_La_Liga,wikipedia,2024-05-26,2024-05-29,False,False,exclude_preseason,hansi flick,xavi,barcelona,,,,,,False,False,False,False,False,external,review,default_external_needs_review,Barcelona,True,2024-08-17,2025-05-25,38.0,False,True,False,False
Las Palmas,García Pimienta,Mutual consent,30 June 2024,Pre-season,Luis Carrión,26 June 2024,la_liga,2024/25,2024–25 La Liga,https://en.wikipedia.org/wiki/2024%E2%80%9325_La_Liga,wikipedia,2024-06-30,2024-06-26,False,False,exclude_preseason,luis carri n,garc a pimienta,laspalmas,Sacked,luis carri n,2024-10-08,,,False,True,False,False,False,external,review,default_external_needs_review,Las Palmas,True,2024-08-16,2025-05-24,38.0,False,True,False,False
Las Palmas,Luis Carrión,Sacked,8 October 2024,20th,Diego Martínez,9 October 2024,la_liga,2024/25,2024–25 La Liga,https://en.wikipedia.org/wiki/2024%E2%80%9325_La_Liga,wikipedia,2024-10-08,2024-10-09,False,False,sacked,diego mart nez,luis carri n,laspalmas,,,,luis carri n,False,False,False,False,True,False,external,manual,Hired from outside as new manager after Carrion sacking,Las Palmas,True,2024-08-16,2025-05-24,38.0,True,False,True,False
Mallorca,Javier Aguirre,End of contract,30 June 2024,Pre-season,Jagoba Arrasate,10 June 2024,la_liga,2024/25,2024–25 La Liga,https://en.wikipedia.org/wiki/2024%E2%80%9325_La_Liga,wikipedia,2024-06-30,2024-06-10,False,False,exclude_preseason,jagoba arrasate,javier aguirre,mallorca,,,,,,False,False,False,False,True,external,high,arrived_from_other_club_in_sample,Mallorca,True,2024-08-18,2025-05-24,38.0,False,True,False,False
Osasuna,Jagoba Arrasate,End of contract,30 June 2024,Pre-season,Vicente Moreno,27 May 2024,la_liga,2024/25,2024–25 La Liga,https://en.wikipedia.org/wiki/2024%E2%80%9325_La_Liga,wikipedia,2024-06-30,2024-05-27,False,False,exclude_preseason,vicente moreno,jagoba arrasate,osasuna,,,,,,False,False,False,False,False,external,review,default_external_needs_review,Osasuna,True,2024-08-17,2025-05-24,38.0,False,True,False,False
Sevilla,Quique Sánchez Flores,Mutual consent,30 June 2024,Pre-season,García Pimienta,2 June 2024,la_liga,2024/25,2024–25 La Liga,https://en.wikipedia.org/wiki/2024%E2%80%9325_La_Liga,wikipedia,2024-06-30,2024-06-02,False,False,exclude_preseason,garc a pimienta,quique s nchez flores,sevilla,Sacked,garc a pimienta,2025-04-13,,,False,True,False,False,True,external,high,arrived_from_other_club_in_sample,Sevilla,True,2024-08-16,2025-05-25,38.0,False,True,False,False
Sevilla,García Pimienta,Sacked,13 April 2025,14th,Joaquín Caparrós (caretaker),13 April 2025,la_liga,2024/25,2024–25 La Liga,https://en.wikipedia.org/wiki/2024%E2%80%9325_La_Liga,wikipedia,2025-04-13,2025-04-13,True,False,sacked,joaqu n caparr s,garc a pimienta,sevilla,,,,garc a pimienta,False,False,False,False,True,False,caretaker,high,caretaker_flag_or_short_spell,Sevilla,True,2024-08-16,2025-05-25,38.0,True,False,True,False
Valencia,Rubén Baraja,Sacked,23 December 2024,19th,Carlos Corberán,25 December 2024,la_liga,2024/25,2024–25 La Liga,https://en.wikipedia.org/wiki/2024%E2%80%9325_La_Liga,wikipedia,2024-12-23,2024-12-25,False,False,sacked,carlos corber n,rub n baraja,valencia,,,,,,False,False,False,True,False,external,manual,Hired from outside as new manager after Baraja sacking,Valencia,True,2024-08-17,2025-05-23,38.0,True,False,True,False
Valladolid,Paulo Pezzolano,Sacked,30 November 2024,20th,Álvaro Rubio (caretaker),2 December 2024,la_liga,2024/25,2024–25 La Liga,https://en.wikipedia.org/wiki/2024%E2%80%9325_La_Liga,wikipedia,2024-11-30,2024-12-02,True,False,sacked,lvaro rubio,paulo pezzolano,valladolid,End of caretaker spell,lvaro rubio,2024-12-14,,,True,True,False,False,False,caretaker,high,caretaker_flag_or_short_spell,Valladolid,True,2024-08-19,2025-05-24,38.0,True,False,True,False
Valladolid,Álvaro Rubio,End of caretaker spell,14 December 2024,19th,Diego Cocca,14 December 2024,la_liga,2024/25,2024–25 La Liga,https://en.wikipedia.org/wiki/2024%E2%80%9325_La_Liga,wikipedia,2024-12-14,2024-12-14,False,False,exclude_end_caretaker,diego cocca,lvaro rubio,valladolid,Sacked,diego cocca,2025-02-17,lvaro rubio,True,False,True,False,False,False,caretaker,review,caretaker_flag_or_short_spell,Valladolid,True,2024-08-19,2025-05-24,38.0,True,False,False,False
Valladolid,Diego Cocca,Sacked,17 February 2025,20th,Álvaro Rubio (caretaker),19 February 2025,la_liga,2024/25,2024–25 La Liga,https://en.wikipedia.org/wiki/2024%E2%80%9325_La_Liga,wikipedia,2025-02-17,2025-02-19,True,False,sacked,lvaro rubio,diego cocca,valladolid,,,,diego cocca,False,False,False,False,False,False,caretaker,high,caretaker_flag_or_short_spell,Valladolid,True,2024-08-19,2025-05-24,38.0,True,False,True,False
AC Ajaccio,Dominique Bijotat,,21/09/2004,20,Rolland Courbis,21/09/2004,ligue_1,2004/05,,https://www.transfermarkt.com/ligue-1/trainerwechsel/wettbewerb/FR1/saison_id/2004,transfermarkt_gap,2004-09-21,2004-09-21,False,False,review,rolland courbis,dominique bijotat,ajaccio,,,,,,False,False,False,True,False,external,review,default_external_needs_review,Ajaccio,True,2004-08-07,2005-05-28,38.0,True,False,False,False
SC Bastia,François Ciccolini,,12/04/2005,19,Bernard Casoni,12/04/2005,ligue_1,2004/05,,https://www.transfermarkt.com/ligue-1/trainerwechsel/wettbewerb/FR1/saison_id/2004,transfermarkt_gap,2005-04-12,2005-04-12,False,False,review,bernard casoni,fran ois ciccolini,bastia,,,,,,False,False,False,True,False,external,review,default_external_needs_review,Bastia,True,2004-08-07,2005-05-28,38.0,True,False,False,False
FC Istres Ouest Provence,Mehmed Bazdarevic,,09/01/2005,20,Xavier Gravelaine,09/01/2005,ligue_1,2004/05,,https://www.transfermarkt.com/ligue-1/trainerwechsel/wettbewerb/FR1/saison_id/2004,transfermarkt_gap,2005-01-09,2005-01-09,False,False,review,xavier gravelaine,mehmed bazdarevic,istresouestprovence,,xavier gravelaine,2005-05-08,,,False,True,False,True,False,external,review,default_external_needs_review,,False,,,,False,False,False,False
FC Istres Ouest Provence,Xavier Gravelaine,,08/05/2005,20,Bernard Rodriguez (caretaker),08/05/2005,ligue_1,2004/05,,https://www.transfermarkt.com/ligue-1/trainerwechsel/wettbewerb/FR1/saison_id/2004,transfermarkt_gap,2005-05-08,2005-05-08,True,False,review,bernard rodriguez,xavier gravelaine,istresouestprovence,,,,xavier gravelaine,False,False,False,True,True,False,caretaker,high,caretaker_flag_or_short_spell,,False,,,,False,False,False,False
RC Lens,Joël Muller,,24/01/2005,14,Francis Gillot,24/01/2005,ligue_1,2004/05,,https://www.transfermarkt.com/ligue-1/trainerwechsel/wettbewerb/FR1/saison_id/2004,transfermarkt_gap,2005-01-24,2005-01-24,False,False,review,francis gillot,jo l muller,lens,,,,,,False,False,False,True,False,external,review,default_external_needs_review,Lens,True,2004-08-07,2005-05-28,38.0,True,False,False,False
FC Nantes,Loïc Amisse,,02/01/2005,17,Serge Le Dizet,02/01/2005,ligue_1,2004/05,,https://www.transfermarkt.com/ligue-1/trainerwechsel/wettbewerb/FR1/saison_id/2004,transfermarkt_gap,2005-01-02,2005-01-02,False,False,review,serge le dizet,lo c amisse,nantes,,,,,,False,False,False,True,False,external,review,default_external_needs_review,Nantes,True,2004-08-07,2005-05-28,38.0,True,False,False,False
OGC Nice,Gernot Rohr,,25/04/2005,17,Frédéric Antonetti,25/04/2005,ligue_1,2004/05,,https://www.transfermarkt.com/ligue-1/trainerwechsel/wettbewerb/FR1/saison_id/2004,transfermarkt_gap,2005-04-25,2005-04-25,False,False,review,fr d ric antonetti,gernot rohr,nice,,,,,,False,False,False,True,False,external,review,default_external_needs_review,Nice,True,2004-08-06,2005-05-28,38.0,True,False,False,False
Olympique Marseille,José Anigo,,22/11/2004,7,Philippe Troussier,22/11/2004,ligue_1,2004/05,,https://www.transfermarkt.com/ligue-1/trainerwechsel/wettbewerb/FR1/saison_id/2004,transfermarkt_gap,2004-11-22,2004-11-22,False,False,review,philippe troussier,jos anigo,olympiquemarseille,,,,,,False,False,False,True,False,external,review,default_external_needs_review,Marseille,True,2004-08-07,2005-05-28,38.0,True,False,False,False
Paris Saint-Germain,Vahid Halilhodzic,,08/02/2005,12,Laurent Fournier,08/02/2005,ligue_1,2004/05,,https://www.transfermarkt.com/ligue-1/trainerwechsel/wettbewerb/FR1/saison_id/2004,transfermarkt_gap,2005-02-08,2005-02-08,False,False,review,laurent fournier,vahid halilhodzic,parissaintgermain,,,,,,False,False,False,True,False,external,review,default_external_needs_review,Paris SG,True,2004-08-07,2005-05-28,38.0,True,False,False,False
SM Caen,Patrick Rémy,,07/05/2005,19,Franck Dumas,07/05/2005,ligue_1,2004/05,,https://www.transfermarkt.com/ligue-1/trainerwechsel/wettbewerb/FR1/saison_id/2004,transfermarkt_gap,2005-05-07,2005-05-07,False,False,review,franck dumas,patrick r my,smcaen,,,,,,False,False,False,True,False,external,review,default_external_needs_review,Caen,True,2004-08-07,2005-05-28,38.0,True,False,False,False
RC Strasbourg Alsace,Antoine Kombouaré,,03/10/2004,20,Jacky Duguépéroux,03/10/2004,ligue_1,2004/05,,https://www.transfermarkt.com/ligue-1/trainerwechsel/wettbewerb/FR1/saison_id/2004,transfermarkt_gap,2004-10-03,2004-10-03,False,False,review,jacky dugu p roux,antoine kombouar,strasbourgalsace,,,,,,False,False,False,True,False,external,review,default_external_needs_review,Strasbourg,True,2004-08-07,2005-05-28,38.0,True,False,False,False
AC Ajaccio,Rolland Courbis,,11/01/2006,19,Oliver Pantoni (caretaker),11/01/2006,ligue_1,2005/06,,https://www.transfermarkt.com/ligue-1/trainerwechsel/wettbewerb/FR1/saison_id/2005,transfermarkt_gap,2006-01-11,2006-01-11,True,False,review,oliver pantoni,rolland courbis,ajaccio,,oliver pantoni,2006-01-12,,,False,True,False,True,False,caretaker,high,caretaker_flag_or_short_spell,Ajaccio,True,2005-07-30,2006-05-13,38.0,True,False,False,False
AC Ajaccio,Oliver Pantoni,,12/01/2006,-,José Pasqualetti,12/01/2006,ligue_1,2005/06,,https://www.transfermarkt.com/ligue-1/trainerwechsel/wettbewerb/FR1/saison_id/2005,transfermarkt_gap,2006-01-12,2006-01-12,False,False,review,jos pasqualetti,oliver pantoni,ajaccio,,,,oliver pantoni,True,False,False,False,True,False,external,review,default_external_needs_review,Ajaccio,True,2005-07-30,2006-05-13,38.0,True,False,False,False
AS Monaco,Didier Deschamps,,19/09/2005,15,Jean Petit (caretaker),19/09/2005,ligue_1,2005/06,,https://www.transfermarkt.com/ligue-1/trainerwechsel/wettbewerb/FR1/saison_id/2005,transfermarkt_gap,2005-09-19,2005-09-19,True,False,review,jean petit,didier deschamps,monaco,,jean petit,2005-10-05,,,False,True,True,True,False,caretaker,high,caretaker_flag_or_short_spell,Monaco,True,2005-07-30,2006-05-13,38.0,True,False,False,False
AS Monaco,Jean Petit,,05/10/2005,11,Ladislau Bölöni,05/10/2005,ligue_1,2005/06,,https://www.transfermarkt.com/ligue-1/trainerwechsel/wettbewerb/FR1/saison_id/2005,transfermarkt_gap,2005-10-05,2005-10-05,False,False,review,ladislau b l ni,jean petit,monaco,,,,jean petit,True,False,False,False,True,False,external,review,default_external_needs_review,Monaco,True,2005-07-30,2006-05-13,38.0,True,False,False,False
Paris Saint-Germain,Laurent Fournier,,27/12/2005,6,Guy Lacombe,27/12/2005,ligue_1,2005/06,,https://www.transfermarkt.com/ligue-1/trainerwechsel/wettbewerb/FR1/saison_id/2005,transfermarkt_gap,2005-12-27,2005-12-27,False,False,review,guy lacombe,laurent fournier,parissaintgermain,,,,,,False,False,False,True,False,external,review,default_external_needs_review,Paris SG,True,2005-07-29,2006-05-13,38.0,True,False,False,False
CS Sedan-Ardennes,Serge Romano,,31/10/2006,19,Landry Chauvin,31/10/2006,ligue_1,2006/07,,https://www.transfermarkt.com/ligue-1/trainerwechsel/wettbewerb/FR1/saison_id/2006,transfermarkt_gap,2006-10-31,2006-10-31,False,False,review,landry chauvin,serge romano,cssedanardennes,,,,,,False,False,False,True,False,external,review,default_external_needs_review,,False,,,,False,False,False,False
AS Monaco,Ladislau Bölöni,,23/10/2006,19,Laurent Banide,23/10/2006,ligue_1,2006/07,,https://www.transfermarkt.com/ligue-1/trainerwechsel/wettbewerb/FR1/saison_id/2006,transfermarkt_gap,2006-10-23,2006-10-23,False,False,review,laurent banide,ladislau b l ni,monaco,,,,,,False,False,False,True,False,external,review,default_external_needs_review,Monaco,True,2006-08-05,2007-05-26,38.0,True,False,False,False
FC Nantes,Serge Le Dizet,,20/09/2006,19,Georges Eo,20/09/2006,ligue_1,2006/07,,https://www.transfermarkt.com/ligue-1/trainerwechsel/wettbewerb/FR1/saison_id/2006,transfermarkt_gap,2006-09-20,2006-09-20,False,False,review,georges eo,serge le dizet,nantes,,georges eo,2007-02-12,,,False,True,False,True,False,external,review,default_external_needs_review,Nantes,True,2006-08-04,2007-05-26,38.0,True,False,False,False
FC Nantes,Georges Eo,,12/02/2007,19,Michel Der Zakarian,12/02/2007,ligue_1,2006/07,,https://www.transfermarkt.com/ligue-1/trainerwechsel/wettbewerb/FR1/saison_id/2006,transfermarkt_gap,2007-02-12,2007-02-12,False,False,review,michel der zakarian,georges eo,nantes,,,,georges eo,False,False,False,False,True,False,external,review,default_external_needs_review,Nantes,True,2006-08-04,2007-05-26,38.0,True,False,False,False
Olympique Lyon,Gérard Houllier,,25/05/2007,1,Alain Perrin,25/05/2007,ligue_1,2006/07,,https://www.transfermarkt.com/ligue-1/trainerwechsel/wettbewerb/FR1/saison_id/2006,transfermarkt_gap,2007-05-25,2007-05-25,False,False,review,alain perrin,g rard houllier,olympiquelyon,,,,,,False,False,False,True,False,external,review,default_external_needs_review,Lyon,True,2006-08-04,2007-05-26,38.0,True,False,False,False
Paris Saint-Germain,Guy Lacombe,,15/01/2007,17,Paul Le Guen,15/01/2007,ligue_1,2006/07,,https://www.transfermarkt.com/ligue-1/trainerwechsel/wettbewerb/FR1/saison_id/2006,transfermarkt_gap,2007-01-15,2007-01-15,False,False,review,paul le guen,guy lacombe,parissaintgermain,,,,,,False,False,False,True,False,external,review,default_external_needs_review,Paris SG,True,2006-08-05,2007-05-26,38.0,True,False,False,False
RC Lens,Guy Roux,,26/08/2007,18,Jean-Guy Wallemme,26/08/2007,ligue_1,2007/08,,https://www.transfermarkt.com/ligue-1/trainerwechsel/wettbewerb/FR1/saison_id/2007,transfermarkt_gap,2007-08-26,2007-08-26,False,False,review,jean guy wallemme,guy roux,lens,,,,,,False,False,False,True,False,external,review,default_external_needs_review,Lens,True,2007-08-04,2008-05-17,38.0,True,False,False,False
FC Metz,Francis De Taddeo,,23/12/2007,20,Yvon Pouliquen,23/12/2007,ligue_1,2007/08,,https://www.transfermarkt.com/ligue-1/trainerwechsel/wettbewerb/FR1/saison_id/2007,transfermarkt_gap,2007-12-23,2007-12-23,False,False,review,yvon pouliquen,francis de taddeo,metz,,,,,,False,False,False,True,False,external,review,default_external_needs_review,Metz,True,2007-08-05,2008-05-17,38.0,True,False,False,False
Olympique Marseille,Albert Emon,,25/09/2007,17,Eric Gerets,25/09/2007,ligue_1,2007/08,,https://www.transfermarkt.com/ligue-1/trainerwechsel/wettbewerb/FR1/saison_id/2007,transfermarkt_gap,2007-09-25,2007-09-25,False,False,review,eric gerets,albert emon,olympiquemarseille,,,,,,False,False,False,True,False,external,review,default_external_needs_review,Marseille,True,2007-08-04,2008-05-17,38.0,True,False,False,False
FC Sochaux-Montbéliard,Frédéric Hantz,,12/12/2007,19,Jean-Luc Ruty (caretaker),12/12/2007,ligue_1,2007/08,,https://www.transfermarkt.com/ligue-1/trainerwechsel/wettbewerb/FR1/saison_id/2007,transfermarkt_gap,2007-12-12,2007-12-12,True,False,review,jean luc ruty,fr d ric hantz,sochauxmontbeliard,,jean luc ruty,2007-12-31,,,False,True,True,True,False,caretaker,high,caretaker_flag_or_short_spell,,False,,,,False,False,False,False
FC Sochaux-Montbéliard,Jean-Luc Ruty,,31/12/2007,19,Francis Gillot,31/12/2007,ligue_1,2007/08,,https://www.transfermarkt.com/ligue-1/trainerwechsel/wettbewerb/FR1/saison_id/2007,transfermarkt_gap,2007-12-31,2007-12-31,False,False,review,francis gillot,jean luc ruty,sochauxmontbeliard,,,,jean luc ruty,True,False,False,False,True,False,external,review,default_external_needs_review,,False,,,,False,False,False,False
Stade Rennais FC,Pierre Dréossi,,16/12/2007,13,Guy Lacombe,16/12/2007,ligue_1,2007/08,,https://www.transfermarkt.com/ligue-1/trainerwechsel/wettbewerb/FR1/saison_id/2007,transfermarkt_gap,2007-12-16,2007-12-16,False,False,review,guy lacombe,pierre dr ossi,staderennais,,,,,,False,False,False,True,False,external,review,default_external_needs_review,Rennes,True,2007-08-04,2008-05-17,38.0,True,False,False,False
Le Havre AC,Jean-Marc Nobilo,,17/12/2008,20,Frédéric Hantz,17/12/2008,ligue_1,2008/09,,https://www.transfermarkt.com/ligue-1/trainerwechsel/wettbewerb/FR1/saison_id/2008,transfermarkt_gap,2008-12-17,2008-12-17,False,False,review,fr d ric hantz,jean marc nobilo,lehavre,,,,,,False,False,False,True,False,external,review,default_external_needs_review,Le Havre,True,2008-08-09,2009-05-30,38.0,True,False,False,False
Le Mans Union Club 72,Yves Bertucci,,02/02/2009,12,Daniel Jeandupeux,02/02/2009,ligue_1,2008/09,,https://www.transfermarkt.com/ligue-1/trainerwechsel/wettbewerb/FR1/saison_id/2008,transfermarkt_gap,2009-02-02,2009-02-02,False,False,review,daniel jeandupeux,yves bertucci,lemansunionclub72,,,,,,False,False,False,True,False,external,review,default_external_needs_review,,False,,,,False,False,False,False
FC Nantes,Michel Der Zakarian,,26/08/2008,20,Christian Larièpe (caretaker),26/08/2008,ligue_1,2008/09,,https://www.transfermarkt.com/ligue-1/trainerwechsel/wettbewerb/FR1/saison_id/2008,transfermarkt_gap,2008-08-26,2008-08-26,True,False,review,christian lari pe,michel der zakarian,nantes,,christian lari pe,2008-09-02,,,False,True,False,True,False,caretaker,high,caretaker_flag_or_short_spell,Nantes,True,2008-08-09,2009-05-30,38.0,True,False,False,False
FC Nantes,Christian Larièpe,,02/09/2008,20,Élie Baup,02/09/2008,ligue_1,2008/09,,https://www.transfermarkt.com/ligue-1/trainerwechsel/wettbewerb/FR1/saison_id/2008,transfermarkt_gap,2008-09-02,2008-09-02,False,False,review,lie baup,christian lari pe,nantes,,,,christian lari pe,True,False,False,False,True,False,external,review,default_external_needs_review,Nantes,True,2008-08-09,2009-05-30,38.0,True,False,False,False
AS Saint-Étienne,Laurent Roussey,,10/11/2008,18,Alain Perrin,10/11/2008,ligue_1,2008/09,,https://www.transfermarkt.com/ligue-1/trainerwechsel/wettbewerb/FR1/saison_id/2008,transfermarkt_gap,2008-11-10,2008-11-10,False,False,review,alain perrin,laurent roussey,saintetienne,,,,,,False,False,False,True,False,external,review,default_external_needs_review,St Etienne,True,2008-08-09,2009-05-30,38.0,True,False,False,False
Boulogne,Philippe Montanier,Signed by Valenciennes,30 June 2009,Off-season,Laurent Guyot,1 July 2009,ligue_1,2009/10,2009–10 Ligue 1,https://en.wikipedia.org/wiki/2009%E2%80%9310_Ligue_1,wikipedia,2009-06-30,2009-07-01,False,False,exclude_signed_by,laurent guyot,philippe montanier,boulogne,,,,,,False,False,False,False,False,external,review,default_external_needs_review,Boulogne,True,2009-08-08,2010-05-15,38.0,False,False,False,False
Le Mans,Arnaud Cormier,Mutual consent,30 June 2009,Off-season,Paulo Duarte,1 July 2009,ligue_1,2009/10,2009–10 Ligue 1,https://en.wikipedia.org/wiki/2009%E2%80%9310_Ligue_1,wikipedia,2009-06-30,2009-07-01,False,False,mutual_consent,paulo duarte,arnaud cormier,lemans,Sacked,paulo duarte,2009-12-10,,,False,True,False,False,False,external,review,default_external_needs_review,Le Mans,True,2009-08-08,2010-05-15,38.0,False,False,False,False
Le Mans,Paulo Duarte,Sacked,10 December 2009,19th,Arnaud Cormier,10 December 2009,ligue_1,2009/10,2009–10 Ligue 1,https://en.wikipedia.org/wiki/2009%E2%80%9310_Ligue_1,wikipedia,2009-12-10,2009-12-10,False,False,sacked,arnaud cormier,paulo duarte,lemans,,,,paulo duarte,False,False,False,False,False,False,internal,manual,Existing assistant promoted as new manager; club made no external contacts,Le Mans,True,2009-08-08,2010-05-15,38.0,True,False,True,False
Marseille,Eric Gerets,Resigned,12 May 2009,Off-season,Didier Deschamps,1 July 2009,ligue_1,2009/10,2009–10 Ligue 1,https://en.wikipedia.org/wiki/2009%E2%80%9310_Ligue_1,wikipedia,2009-05-12,2009-07-01,False,False,exclude_resigned,didier deschamps,eric gerets,marseille,,,,,,False,False,False,False,False,external,review,default_external_needs_review,Marseille,True,2009-08-08,2010-05-15,38.0,False,False,False,False
Monaco,Ricardo Gomes,Contract Expiration,30 June 2009,Off-season,Guy Lacombe,1 July 2009,ligue_1,2009/10,2009–10 Ligue 1,https://en.wikipedia.org/wiki/2009%E2%80%9310_Ligue_1,wikipedia,2009-06-30,2009-07-01,False,False,review,guy lacombe,ricardo gomes,monaco,,,,,,False,False,False,False,True,external,high,arrived_from_other_club_in_sample,Monaco,True,2009-08-08,2010-05-15,38.0,False,False,False,False
Montpellier,Rolland Courbis,Mutual consent,30 June 2009,Off-season,René Girard,1 July 2009,ligue_1,2009/10,2009–10 Ligue 1,https://en.wikipedia.org/wiki/2009%E2%80%9310_Ligue_1,wikipedia,2009-06-30,2009-07-01,False,False,mutual_consent,ren girard,rolland courbis,montpellier,,,,,,False,False,False,False,False,external,review,default_external_needs_review,Montpellier,True,2009-08-08,2010-05-15,38.0,False,False,False,False
Nice,Frédéric Antonetti,Contract Expiration,30 June 2009,Off-season,Didier Ollé-Nicolle,1 July 2009,ligue_1,2009/10,2009–10 Ligue 1,https://en.wikipedia.org/wiki/2009%E2%80%9310_Ligue_1,wikipedia,2009-06-30,2009-07-01,False,False,review,didier oll nicolle,fr d ric antonetti,nice,Sacked,didier oll nicolle,2010-03-09,,,False,True,False,False,False,external,review,default_external_needs_review,Nice,True,2009-08-08,2010-05-15,38.0,False,False,False,False
Nice,Didier Ollé-Nicolle,Sacked,9 March 2010,17th,Eric Roy,9 March 2010,ligue_1,2009/10,2009–10 Ligue 1,https://en.wikipedia.org/wiki/2009%E2%80%9310_Ligue_1,wikipedia,2010-03-09,2010-03-09,False,False,sacked,eric roy,didier oll nicolle,nice,,,,didier oll nicolle,False,False,False,False,True,False,internal,manual,Existing sporting director named new manager; club chose an internal solution,Nice,True,2009-08-08,2010-05-15,38.0,True,False,True,False
Paris Saint-Germain,Paul Le Guen,Contract Expiration,30 June 2009,Off-season,Antoine Kombouaré,1 July 2009,ligue_1,2009/10,2009–10 Ligue 1,https://en.wikipedia.org/wiki/2009%E2%80%9310_Ligue_1,wikipedia,2009-06-30,2009-07-01,False,False,review,antoine kombouar,paul le guen,parissaintgermain,,,,,,False,False,False,False,True,external,high,arrived_from_other_club_in_sample,Paris SG,True,2009-08-08,2010-05-15,38.0,False,False,False,False
Rennes,Guy Lacombe,Signed by Monaco,30 June 2009,Off-season,Frédéric Antonetti,1 July 2009,ligue_1,2009/10,2009–10 Ligue 1,https://en.wikipedia.org/wiki/2009%E2%80%9310_Ligue_1,wikipedia,2009-06-30,2009-07-01,False,False,exclude_signed_by,fr d ric antonetti,guy lacombe,rennes,,,,,,False,False,False,False,True,external,high,arrived_from_other_club_in_sample,Rennes,True,2009-08-08,2010-05-15,38.0,False,False,False,False
Saint-Étienne,Alain Perrin,Sacked,15 December 2009,18th,Christophe Galtier,15 December 2009,ligue_1,2009/10,2009–10 Ligue 1,https://en.wikipedia.org/wiki/2009%E2%80%9310_Ligue_1,wikipedia,2009-12-15,2009-12-15,False,False,sacked,christophe galtier,alain perrin,saintetienne,,,,,,False,False,False,True,False,internal,manual,Existing assistant promoted as new manager on a deal to 2011; president said long term,St Etienne,True,2009-08-08,2010-05-15,38.0,True,False,True,False
Valenciennes,Antoine Kombouaré,Signed by Paris Saint-Germain,30 June 2009,Off-season,Philippe Montanier,1 July 2009,ligue_1,2009/10,2009–10 Ligue 1,https://en.wikipedia.org/wiki/2009%E2%80%9310_Ligue_1,wikipedia,2009-06-30,2009-07-01,False,False,exclude_signed_by,philippe montanier,antoine kombouar,valenciennes,,,,,,False,False,False,False,True,external,high,arrived_from_other_club_in_sample,Valenciennes,True,2009-08-08,2010-05-15,38.0,False,False,False,False
Arles-Avignon,Michel Estevan,Sacked,16 September 2010,20th,Faruk Hadžibegić,2 October 2010,ligue_1,2010/11,2010–11 Ligue 1,https://en.wikipedia.org/wiki/2010%E2%80%9311_Ligue_1,wikipedia,2010-09-16,2010-10-02,False,False,sacked,faruk had ibegi,michel estevan,arlesavignon,,,,,,False,False,True,True,False,caretaker,high,caretaker_flag_or_short_spell,Arles,True,2010-08-07,2011-05-29,38.0,True,False,True,False
Bordeaux,Laurent Blanc,Mutual consent,16 May 2010,Off-season,Jean Tigana,25 May 2010,ligue_1,2010/11,2010–11 Ligue 1,https://en.wikipedia.org/wiki/2010%E2%80%9311_Ligue_1,wikipedia,2010-05-16,2010-05-25,False,False,mutual_consent,jean tigana,laurent blanc,bordeaux,Resigned,jean tigana,2011-05-07,,,False,True,False,False,False,external,review,default_external_needs_review,Bordeaux,True,2010-08-08,2011-05-29,38.0,False,False,False,False
Bordeaux,Jean Tigana,Resigned,7 May 2011,9th,Eric Bédouet,7 May 2011,ligue_1,2010/11,2010–11 Ligue 1,https://en.wikipedia.org/wiki/2010%E2%80%9311_Ligue_1,wikipedia,2011-05-07,2011-05-07,False,False,exclude_resigned,eric b douet,jean tigana,bordeaux,,,,jean tigana,False,False,False,False,False,False,external,review,default_external_needs_review,Bordeaux,True,2010-08-08,2011-05-29,38.0,True,False,False,False
Lens,Jean-Guy Wallemme,Resigned,2 January 2011,19th,László Bölöni,2 January 2011,ligue_1,2010/11,2010–11 Ligue 1,https://en.wikipedia.org/wiki/2010%E2%80%9311_Ligue_1,wikipedia,2011-01-02,2011-01-02,False,False,exclude_resigned,l szl b l ni,jean guy wallemme,lens,,,,,,False,False,False,True,False,external,review,default_external_needs_review,Lens,True,2010-08-07,2011-05-29,38.0,True,False,False,False
Monaco,Guy Lacombe,Sacked,10 January 2011,17th,Laurent Banide,10 January 2011,ligue_1,2010/11,2010–11 Ligue 1,https://en.wikipedia.org/wiki/2010%E2%80%9311_Ligue_1,wikipedia,2011-01-10,2011-01-10,False,False,sacked,laurent banide,guy lacombe,monaco,,,,,,False,False,False,True,False,external,manual,Returning former Monaco coach hired from unemployment; not then on staff,Monaco,True,2010-08-07,2011-05-29,38.0,True,False,True,False
Auxerre,Jean Fernandez,End of contract,2 June 2011,Off-season,Laurent Fournier,8 June 2011,ligue_1,2011/12,2011–12 Ligue 1,https://en.wikipedia.org/wiki/2011%E2%80%9312_Ligue_1,wikipedia,2011-06-02,2011-06-08,False,False,exclude_end_of_contract,laurent fournier,jean fernandez,auxerre,Sacked,laurent fournier,2012-03-18,,,False,True,False,False,False,external,review,default_external_needs_review,Auxerre,True,2011-08-06,2012-05-20,38.0,False,False,False,False
Auxerre,Laurent Fournier,Sacked,18 March 2012,20th,Jean-Guy Wallemme,18 March 2012,ligue_1,2011/12,2011–12 Ligue 1,https://en.wikipedia.org/wiki/2011%E2%80%9312_Ligue_1,wikipedia,2012-03-18,2012-03-18,False,False,sacked,jean guy wallemme,laurent fournier,auxerre,,,,laurent fournier,False,False,False,False,True,False,external,manual,Hired from outside as new manager after Fournier sacking,Auxerre,True,2011-08-06,2012-05-20,38.0,True,False,True,False
Bordeaux,Éric Bédouet,Mutual consent,6 June 2011,Off-season,Francis Gillot,6 June 2011,ligue_1,2011/12,2011–12 Ligue 1,https://en.wikipedia.org/wiki/2011%E2%80%9312_Ligue_1,wikipedia,2011-06-06,2011-06-06,False,False,mutual_consent,francis gillot,ric b douet,bordeaux,,,,,,False,False,False,False,True,external,high,arrived_from_other_club_in_sample,Bordeaux,True,2011-08-07,2012-05-20,38.0,False,False,False,False
Brest,Alex Dupont,Sacked,26 April 2012,18th,Corentin Martins,26 April 2012,ligue_1,2011/12,2011–12 Ligue 1,https://en.wikipedia.org/wiki/2011%E2%80%9312_Ligue_1,wikipedia,2012-04-26,2012-04-26,False,False,sacked,corentin martins,alex dupont,brest,,,,,,False,False,False,False,False,caretaker,manual,Existing sporting director named caretaker until season end after Dupont sacking,Brest,True,2011-08-06,2012-05-20,38.0,True,False,True,False
Evian,Bernard Casoni,Sacked,1 January 2012,11th,Pablo Correa,2 January 2012,ligue_1,2011/12,2011–12 Ligue 1,https://en.wikipedia.org/wiki/2011%E2%80%9312_Ligue_1,wikipedia,2012-01-01,2012-01-02,False,False,sacked,pablo correa,bernard casoni,evian,,,,,,False,False,False,False,False,external,manual,Hired from outside as new manager after Casoni sacking,Evian Thonon Gaillard,True,2011-08-06,2012-05-20,38.0,True,False,True,False
Lyon,Claude Puel,Sacked,20 June 2011,Off-season,Rémi Garde,21 June 2011,ligue_1,2011/12,2011–12 Ligue 1,https://en.wikipedia.org/wiki/2011%E2%80%9312_Ligue_1,wikipedia,2011-06-20,2011-06-21,False,False,sacked,r mi garde,claude puel,lyon,,,,,,False,False,False,False,False,external,review,default_external_needs_review,Lyon,True,2011-08-06,2012-05-20,38.0,False,False,False,False
Nancy,Pablo Correa,Resigned,5 June 2011,Off-season,Jean Fernandez,5 June 2011,ligue_1,2011/12,2011–12 Ligue 1,https://en.wikipedia.org/wiki/2011%E2%80%9312_Ligue_1,wikipedia,2011-06-05,2011-06-05,False,False,exclude_resigned,jean fernandez,pablo correa,nancy,,,,,,False,False,False,False,True,external,high,arrived_from_other_club_in_sample,Nancy,True,2011-08-06,2012-05-20,38.0,False,False,False,False
Nice,Eric Roy,Sacked,15 November 2011,17th,René Marsiglia,15 November 2011,ligue_1,2011/12,2011–12 Ligue 1,https://en.wikipedia.org/wiki/2011%E2%80%9312_Ligue_1,wikipedia,2011-11-15,2011-11-15,False,False,sacked,ren marsiglia,eric roy,nice,,,,,,False,False,False,True,False,internal,manual,Existing assistant promoted as new manager; Roy stayed as sporting director,Nice,True,2011-08-06,2012-05-20,38.0,True,False,True,False
Paris Saint-Germain,Antoine Kombouaré,Mutual consent,30 December 2011,1st,Carlo Ancelotti,30 December 2011,ligue_1,2011/12,2011–12 Ligue 1,https://en.wikipedia.org/wiki/2011%E2%80%9312_Ligue_1,wikipedia,2011-12-30,2011-12-30,False,False,mutual_consent,carlo ancelotti,antoine kombouar,parissaintgermain,,,,,,False,False,False,True,False,external,manual,Hired from outside as PSG's new manager after Kombouaré left by mutual consent.,Paris SG,True,2011-08-06,2012-05-20,38.0,True,False,False,True
Sochaux,Francis Gillot,Resigned,5 June 2011,Off-season,Mehmed Baždarević,10 June 2011,ligue_1,2011/12,2011–12 Ligue 1,https://en.wikipedia.org/wiki/2011%E2%80%9312_Ligue_1,wikipedia,2011-06-05,2011-06-10,False,False,exclude_resigned,mehmed ba darevi,francis gillot,sochaux,Sacked,mehmed ba darevi,2012-03-06,,,False,True,False,False,False,external,review,default_external_needs_review,Sochaux,True,2011-08-06,2012-05-20,38.0,False,False,False,False
Sochaux,Mehmed Baždarević,Sacked,6 March 2012,20th,Éric Hély,6 March 2012,ligue_1,2011/12,2011–12 Ligue 1,https://en.wikipedia.org/wiki/2011%E2%80%9312_Ligue_1,wikipedia,2012-03-06,2012-03-06,False,False,sacked,ric h ly,mehmed ba darevi,sochaux,,,,mehmed ba darevi,False,False,False,False,False,False,internal,manual,Reserves coach promoted as new first-team manager to keep the club up,Sochaux,True,2011-08-06,2012-05-20,38.0,True,False,True,False
Valenciennes,Philippe Montanier,Joined Real Sociedad,4 June 2011,Off-season,Daniel Sanchez,8 June 2011,ligue_1,2011/12,2011–12 Ligue 1,https://en.wikipedia.org/wiki/2011%E2%80%9312_Ligue_1,wikipedia,2011-06-04,2011-06-08,False,False,review,daniel sanchez,philippe montanier,valenciennes,,,,,,False,False,False,False,False,external,review,default_external_needs_review,Valenciennes,True,2011-08-06,2012-05-20,38.0,False,False,False,False
Ajaccio,Olivier Pantaloni,Resigned,14 June 2012,Off-season,Alex Dupont,22 June 2012,ligue_1,2012/13,2012–13 Ligue 1,https://en.wikipedia.org/wiki/2012%E2%80%9313_Ligue_1,wikipedia,2012-06-14,2012-06-22,False,False,exclude_resigned,alex dupont,olivier pantaloni,ajaccio,Sacked,alex dupont,2012-12-17,,,False,True,False,False,True,external,high,arrived_from_other_club_in_sample,Ajaccio,True,2012-08-11,2013-05-26,38.0,False,False,False,False
Ajaccio,Alex Dupont,Sacked,17 December 2012,14th,Albert Emon,21 December 2012,ligue_1,2012/13,2012–13 Ligue 1,https://en.wikipedia.org/wiki/2012%E2%80%9313_Ligue_1,wikipedia,2012-12-17,2012-12-21,False,False,sacked,albert emon,alex dupont,ajaccio,,,,alex dupont,False,False,False,False,True,False,external,manual,Hired from outside as new manager after Dupont sacking,Ajaccio,True,2012-08-11,2013-05-26,38.0,True,False,True,False
Brest,Corentin Martins,Mutual consent,31 May 2012,Off-season,Landry Chauvin,31 May 2012,ligue_1,2012/13,2012–13 Ligue 1,https://en.wikipedia.org/wiki/2012%E2%80%9313_Ligue_1,wikipedia,2012-05-31,2012-05-31,False,False,mutual_consent,landry chauvin,corentin martins,brest,Sacked,landry chauvin,2013-04-02,,,False,True,False,False,False,external,review,default_external_needs_review,Brest,True,2012-08-11,2013-05-26,38.0,False,False,False,False
Brest,Landry Chauvin,Sacked,2 April 2013,18th,Corentin Martins,4 April 2013,ligue_1,2012/13,2012–13 Ligue 1,https://en.wikipedia.org/wiki/2012%E2%80%9313_Ligue_1,wikipedia,2013-04-02,2013-04-04,False,False,sacked,corentin martins,landry chauvin,brest,,,,landry chauvin,False,False,False,False,False,False,caretaker,manual,Existing sporting director named coach only until season end,Brest,True,2012-08-11,2013-05-26,38.0,True,False,True,False
Evian,Pablo Correa,Sacked,3 September 2012,18th,Pascal Dupraz,3 September 2012,ligue_1,2012/13,2012–13 Ligue 1,https://en.wikipedia.org/wiki/2012%E2%80%9313_Ligue_1,wikipedia,2012-09-03,2012-09-03,False,False,sacked,pascal dupraz,pablo correa,evian,,,,,,False,False,False,False,False,internal,manual,Existing sporting director named new first-team manager,Evian Thonon Gaillard,True,2012-08-11,2013-05-26,38.0,True,False,True,False
Marseille,Didier Deschamps,Mutual consent,2 July 2012,Off-season,Élie Baup,4 July 2012,ligue_1,2012/13,2012–13 Ligue 1,https://en.wikipedia.org/wiki/2012%E2%80%9313_Ligue_1,wikipedia,2012-07-02,2012-07-04,False,False,mutual_consent,lie baup,didier deschamps,marseille,,,,,,False,False,False,False,False,external,review,default_external_needs_review,Marseille,True,2012-08-12,2013-05-26,38.0,False,False,False,False
Nancy,Jean Fernandez,Resigned,10 January 2013,20th,Patrick Gabriel,11 January 2013,ligue_1,2012/13,2012–13 Ligue 1,https://en.wikipedia.org/wiki/2012%E2%80%9313_Ligue_1,wikipedia,2013-01-10,2013-01-11,False,False,exclude_resigned,patrick gabriel,jean fernandez,nancy,,,,,,False,False,False,False,False,external,review,default_external_needs_review,Nancy,True,2012-08-11,2013-05-26,38.0,True,False,False,False
Nice,René Marsiglia,Sacked,21 May 2012,Off-season,Claude Puel,24 May 2012,ligue_1,2012/13,2012–13 Ligue 1,https://en.wikipedia.org/wiki/2012%E2%80%9313_Ligue_1,wikipedia,2012-05-21,2012-05-24,False,False,sacked,claude puel,ren marsiglia,nice,,,,,,False,False,False,False,False,external,review,default_external_needs_review,Nice,True,2012-08-11,2013-05-26,38.0,False,False,False,False
Ajaccio,Albert Emon,Resigned,30 May 2013,Off-season,Fabrizio Ravanelli,8 June 2013,ligue_1,2013/14,2013–14 Ligue 1,https://en.wikipedia.org/wiki/2013%E2%80%9314_Ligue_1,wikipedia,2013-05-30,2013-06-08,False,False,exclude_resigned,fabrizio ravanelli,albert emon,ajaccio,Sacked,fabrizio ravanelli,2013-11-02,,,False,True,False,False,False,external,review,default_external_needs_review,Ajaccio,True,2013-08-11,2014-05-17,38.0,False,False,False,False
Ajaccio,Fabrizio Ravanelli,Sacked,2 November 2013,19th,Christian Bracconi,4 November 2013,ligue_1,2013/14,2013–14 Ligue 1,https://en.wikipedia.org/wiki/2013%E2%80%9314_Ligue_1,wikipedia,2013-11-02,2013-11-04,False,False,sacked,christian bracconi,fabrizio ravanelli,ajaccio,,,,fabrizio ravanelli,False,False,False,True,True,False,caretaker,high,caretaker_flag_or_short_spell,Ajaccio,True,2013-08-11,2014-05-17,38.0,True,False,True,False
Lille,Rudi Garcia,Mutual consent,3 June 2013,Off-season,René Girard,14 June 2013,ligue_1,2013/14,2013–14 Ligue 1,https://en.wikipedia.org/wiki/2013%E2%80%9314_Ligue_1,wikipedia,2013-06-03,2013-06-14,False,False,mutual_consent,ren girard,rudi garcia,lille,,,,,,False,False,False,False,True,external,high,arrived_from_other_club_in_sample,Lille,True,2013-08-10,2014-05-17,38.0,False,False,False,False
Marseille,Elie Baup,Sacked,7 December 2013,5th,José Anigo,7 December 2013,ligue_1,2013/14,2013–14 Ligue 1,https://en.wikipedia.org/wiki/2013%E2%80%9314_Ligue_1,wikipedia,2013-12-07,2013-12-07,False,False,sacked,jos anigo,elie baup,marseille,,,,,,False,False,False,False,False,caretaker,manual,Existing sporting director named interim until the winter break,Marseille,True,2013-08-11,2014-05-17,38.0,True,False,True,False
Montpellier,René Girard,Mutual consent,30 May 2013,Off-season,Jean Fernandez,1 July 2013,ligue_1,2013/14,2013–14 Ligue 1,https://en.wikipedia.org/wiki/2013%E2%80%9314_Ligue_1,wikipedia,2013-05-30,2013-07-01,False,False,mutual_consent,jean fernandez,ren girard,montpellier,Resigned,jean fernandez,2013-12-05,,,False,True,False,False,True,external,high,arrived_from_other_club_in_sample,Montpellier,True,2013-08-09,2014-05-17,38.0,False,False,False,False
Montpellier,Jean Fernandez,Resigned,5 December 2013,17th,Rolland Courbis,9 December 2013,ligue_1,2013/14,2013–14 Ligue 1,https://en.wikipedia.org/wiki/2013%E2%80%9314_Ligue_1,wikipedia,2013-12-05,2013-12-09,False,False,exclude_resigned,rolland courbis,jean fernandez,montpellier,,,,jean fernandez,False,False,False,False,False,False,external,review,default_external_needs_review,Montpellier,True,2013-08-09,2014-05-17,38.0,True,False,False,False
Paris Saint-Germain,Carlo Ancelotti,Signed by Real Madrid,25 June 2013,Off-season,Laurent Blanc,25 June 2013,ligue_1,2013/14,2013–14 Ligue 1,https://en.wikipedia.org/wiki/2013%E2%80%9314_Ligue_1,wikipedia,2013-06-25,2013-06-25,False,False,exclude_signed_by,laurent blanc,carlo ancelotti,parissaintgermain,,,,,,False,False,False,False,False,external,review,default_external_needs_review,Paris SG,True,2013-08-09,2014-05-17,38.0,False,False,False,False
Rennes,Frédéric Antonetti,Resigned,30 May 2013,Off-season,Philippe Montanier,1 July 2013,ligue_1,2013/14,2013–14 Ligue 1,https://en.wikipedia.org/wiki/2013%E2%80%9314_Ligue_1,wikipedia,2013-05-30,2013-07-01,False,False,exclude_resigned,philippe montanier,fr d ric antonetti,rennes,,,,,,False,False,False,False,True,external,high,arrived_from_other_club_in_sample,Rennes,True,2013-08-10,2014-05-17,38.0,False,False,False,False
Sochaux,Eric Hély,Resigned,26 September 2013,20th,Omar Daf,27 September 2013,ligue_1,2013/14,2013–14 Ligue 1,https://en.wikipedia.org/wiki/2013%E2%80%9314_Ligue_1,wikipedia,2013-09-26,2013-09-27,False,False,exclude_resigned,omar daf,eric h ly,sochaux,End of caretaker spell,omar daf,2013-10-07,,,True,True,False,False,False,caretaker,high,caretaker_flag_or_short_spell,Sochaux,True,2013-08-10,2014-05-17,38.0,True,False,False,False
Sochaux,Omar Daf,End of caretaker spell,7 October 2013,19th,Hervé Renard,7 October 2013,ligue_1,2013/14,2013–14 Ligue 1,https://en.wikipedia.org/wiki/2013%E2%80%9314_Ligue_1,wikipedia,2013-10-07,2013-10-07,False,False,exclude_end_caretaker,herv renard,omar daf,sochaux,,,,omar daf,False,False,False,False,False,False,external,review,default_external_needs_review,Sochaux,True,2013-08-10,2014-05-17,38.0,True,False,False,False
Valenciennes,Daniel Sanchez,Sacked,7 October 2013,20th,Ariël Jacobs,14 October 2013,ligue_1,2013/14,2013–14 Ligue 1,https://en.wikipedia.org/wiki/2013%E2%80%9314_Ligue_1,wikipedia,2013-10-07,2013-10-14,False,False,sacked,ari l jacobs,daniel sanchez,valenciennes,,,,,,False,False,False,True,False,external,manual,Hired from outside as new manager after Sanchez sacking,Valenciennes,True,2013-08-10,2014-05-17,38.0,True,False,True,False
Bastia,Frédéric Hantz,End of contract,17 May 2014,Pre-season,Claude Makélélé,24 May 2014,ligue_1,2014/15,2014–15 Ligue 1,https://en.wikipedia.org/wiki/2014%E2%80%9315_Ligue_1,wikipedia,2014-05-17,2014-05-24,False,False,exclude_preseason,claude mak l l,fr d ric hantz,bastia,Sacked,claude mak l l,2014-11-03,,,False,True,False,False,False,external,review,default_external_needs_review,Bastia,True,2014-08-09,2015-05-23,38.0,False,True,False,False
Bastia,Claude Makélélé,Sacked,3 November 2014,19th,Ghislain Printant,27 November 2014,ligue_1,2014/15,2014–15 Ligue 1,https://en.wikipedia.org/wiki/2014%E2%80%9315_Ligue_1,wikipedia,2014-11-03,2014-11-27,False,False,sacked,ghislain printant,claude mak l l,bastia,,,,claude mak l l,False,False,False,False,True,False,caretaker,manual,Academy director named interim at the vacancy; later confirmed until season end,Bastia,True,2014-08-09,2015-05-23,38.0,True,False,True,False
Bordeaux,Francis Gillot,End of contract,17 May 2014,Pre-season,Willy Sagnol,23 May 2014,ligue_1,2014/15,2014–15 Ligue 1,https://en.wikipedia.org/wiki/2014%E2%80%9315_Ligue_1,wikipedia,2014-05-17,2014-05-23,False,False,exclude_preseason,willy sagnol,francis gillot,bordeaux,,,,,,False,False,False,False,False,external,review,default_external_needs_review,Bordeaux,True,2014-08-09,2015-05-23,38.0,False,True,False,False
Lorient,Christian Gourcuff,End of contract,17 May 2014,Pre-season,Sylvain Ripoll,25 May 2014,ligue_1,2014/15,2014–15 Ligue 1,https://en.wikipedia.org/wiki/2014%E2%80%9315_Ligue_1,wikipedia,2014-05-17,2014-05-25,False,False,exclude_preseason,sylvain ripoll,christian gourcuff,lorient,,,,,,False,False,False,False,False,external,review,default_external_needs_review,Lorient,True,2014-08-10,2015-05-23,38.0,False,True,False,False
Lyon,Rémi Garde,End of contract,21 May 2014,Pre-season,Hubert Fournier,23 May 2014,ligue_1,2014/15,2014–15 Ligue 1,https://en.wikipedia.org/wiki/2014%E2%80%9315_Ligue_1,wikipedia,2014-05-21,2014-05-23,False,False,exclude_preseason,hubert fournier,r mi garde,lyon,,,,,,False,False,False,False,True,external,high,arrived_from_other_club_in_sample,Lyon,True,2014-08-10,2015-05-23,38.0,False,True,False,False
Marseille,José Anigo,Resigned,17 May 2014,Pre-season,Marcelo Bielsa,21 May 2014,ligue_1,2014/15,2014–15 Ligue 1,https://en.wikipedia.org/wiki/2014%E2%80%9315_Ligue_1,wikipedia,2014-05-17,2014-05-21,False,False,exclude_preseason,marcelo bielsa,jos anigo,marseille,,,,,,False,False,False,False,False,external,review,default_external_needs_review,Marseille,True,2014-08-09,2015-05-23,38.0,False,True,False,False
Monaco,Claudio Ranieri,End of contract,17 May 2014,Pre-season,Leonardo Jardim,6 June 2014,ligue_1,2014/15,2014–15 Ligue 1,https://en.wikipedia.org/wiki/2014%E2%80%9315_Ligue_1,wikipedia,2014-05-17,2014-06-06,False,False,exclude_preseason,leonardo jardim,claudio ranieri,monaco,,,,,,False,False,False,False,False,external,review,default_external_needs_review,Monaco,True,2014-08-10,2015-05-23,38.0,False,True,False,False
Reims,Hubert Fournier,Signed by Olympique Lyonnais,23 May 2014,Pre-season,Jean-Luc Vasseur,13 June 2014,ligue_1,2014/15,2014–15 Ligue 1,https://en.wikipedia.org/wiki/2014%E2%80%9315_Ligue_1,wikipedia,2014-05-23,2014-06-13,False,False,exclude_preseason,jean luc vasseur,hubert fournier,reims,Sacked,jean luc vasseur,2015-04-08,,,False,True,False,False,False,external,review,default_external_needs_review,Reims,True,2014-08-08,2015-05-23,38.0,False,True,False,False
Reims,Jean-Luc Vasseur,Sacked,8 April 2015,16th,Olivier Guégan,8 April 2015,ligue_1,2014/15,2014–15 Ligue 1,https://en.wikipedia.org/wiki/2014%E2%80%9315_Ligue_1,wikipedia,2015-04-08,2015-04-08,False,False,sacked,olivier gu gan,jean luc vasseur,reims,,,,jean luc vasseur,False,False,False,False,False,False,caretaker,manual,Existing assistant named interim for the last seven games to keep Reims up,Reims,True,2014-08-08,2015-05-23,38.0,True,False,True,False
Toulouse,Alain Casanova,Sacked,16 March 2015,18th,Dominique Arribagé,16 March 2015,ligue_1,2014/15,2014–15 Ligue 1,https://en.wikipedia.org/wiki/2014%E2%80%9315_Ligue_1,wikipedia,2015-03-16,2015-03-16,False,False,sacked,dominique arribag,alain casanova,toulouse,,,,,,False,False,False,True,False,internal,manual,Recruitment-staff member named new first-team manager; already at the club,Toulouse,True,2014-08-09,2015-05-23,38.0,True,False,True,False
Bastia,Ghislain Printant,Sacked,28 January 2016,15th,François Ciccolini,29 January 2016,ligue_1,2015/16,2015–16 Ligue 1,https://en.wikipedia.org/wiki/2015%E2%80%9316_Ligue_1,wikipedia,2016-01-28,2016-01-29,False,False,sacked,fran ois ciccolini,ghislain printant,bastia,,,,,,False,False,False,True,False,caretaker,manual,Existing assistant given the first team on an interim basis until season end,Bastia,True,2015-08-08,2016-05-14,38.0,True,False,True,False
Bordeaux,Willy Sagnol,Sacked,14 March 2016,14th,Ulrich Ramé,14 March 2016,ligue_1,2015/16,2015–16 Ligue 1,https://en.wikipedia.org/wiki/2015%E2%80%9316_Ligue_1,wikipedia,2016-03-14,2016-03-14,False,False,sacked,ulrich ram,willy sagnol,bordeaux,,,,,,False,False,False,False,False,caretaker,manual,Academy performance director given an eight-match stay-up mission until season end,Bordeaux,True,2015-08-09,2016-05-14,38.0,True,False,True,False
Lille,René Girard,Mutual consent,24 May 2015,Pre-season,Hervé Renard,25 May 2015,ligue_1,2015/16,2015–16 Ligue 1,https://en.wikipedia.org/wiki/2015%E2%80%9316_Ligue_1,wikipedia,2015-05-24,2015-05-25,False,False,exclude_preseason,herv renard,ren girard,lille,Mutual consent,herv renard,2015-11-11,,,False,True,False,False,False,external,review,default_external_needs_review,Lille,True,2015-08-07,2016-05-14,38.0,False,True,False,False
Lille,Hervé Renard,Mutual consent,11 November 2015,16th,Frédéric Antonetti,22 November 2015,ligue_1,2015/16,2015–16 Ligue 1,https://en.wikipedia.org/wiki/2015%E2%80%9316_Ligue_1,wikipedia,2015-11-11,2015-11-22,False,False,mutual_consent,fr d ric antonetti,herv renard,lille,,,,herv renard,False,False,False,False,False,False,external,manual,Hired from outside as Lille's new manager after Renard's departure.,Lille,True,2015-08-07,2016-05-14,38.0,True,False,False,True
Lyon,Hubert Fournier,Sacked,24 December 2015,9th,Bruno Génésio,24 December 2015,ligue_1,2015/16,2015–16 Ligue 1,https://en.wikipedia.org/wiki/2015%E2%80%9316_Ligue_1,wikipedia,2015-12-24,2015-12-24,False,False,sacked,bruno g n sio,hubert fournier,lyon,,,,,,False,False,False,False,False,internal,manual,Existing assistant named new first-team manager until season end; no interim label,Lyon,True,2015-08-09,2016-05-14,38.0,True,False,True,False
Marseille,Marcelo Bielsa,Resigned,8 August 2015,19th,Míchel,19 August 2015,ligue_1,2015/16,2015–16 Ligue 1,https://en.wikipedia.org/wiki/2015%E2%80%9316_Ligue_1,wikipedia,2015-08-08,2015-08-19,False,False,exclude_resigned,m chel,marcelo bielsa,marseille,Sacked,m chel,2016-04-19,,,False,True,False,False,False,external,review,default_external_needs_review,Marseille,True,2015-08-08,2016-05-14,38.0,True,False,False,False
Marseille,Míchel,Sacked,19 April 2016,15th,Franck Passi (caretaker),19 April 2016,ligue_1,2015/16,2015–16 Ligue 1,https://en.wikipedia.org/wiki/2015%E2%80%9316_Ligue_1,wikipedia,2016-04-19,2016-04-19,True,False,sacked,franck passi,m chel,marseille,,,,m chel,False,False,False,False,False,False,caretaker,high,caretaker_flag_or_short_spell,Marseille,True,2015-08-08,2016-05-14,38.0,True,False,True,False
Montpellier,Rolland Courbis,Resigned,23 December 2015,15th,Frédéric Hantz,27 December 2015,ligue_1,2015/16,2015–16 Ligue 1,https://en.wikipedia.org/wiki/2015%E2%80%9316_Ligue_1,wikipedia,2015-12-23,2015-12-27,False,False,exclude_resigned,fr d ric hantz,rolland courbis,montpellier,,,,,,False,False,False,False,False,external,review,default_external_needs_review,Montpellier,True,2015-08-08,2016-05-14,38.0,True,False,False,False
Reims,Olivier Guégan,Sacked,23 April 2016,17th,David Guion (caretaker),23 April 2016,ligue_1,2015/16,2015–16 Ligue 1,https://en.wikipedia.org/wiki/2015%E2%80%9316_Ligue_1,wikipedia,2016-04-23,2016-04-23,True,False,sacked,david guion,olivier gu gan,reims,,,,,,False,False,False,False,False,caretaker,high,caretaker_flag_or_short_spell,Reims,True,2015-08-09,2016-05-14,38.0,True,False,True,False
Rennes,Philippe Montanier,Sacked,20 January 2016,6th,Rolland Courbis,21 January 2016,ligue_1,2015/16,2015–16 Ligue 1,https://en.wikipedia.org/wiki/2015%E2%80%9316_Ligue_1,wikipedia,2016-01-20,2016-01-21,False,False,sacked,rolland courbis,philippe montanier,rennes,,,,,,False,False,False,False,True,external,high,arrived_from_other_club_in_sample,Rennes,True,2015-08-08,2016-05-14,38.0,True,False,True,False
Toulouse,Dominique Arribagé,Resigned,27 February 2016,19th,Pascal Dupraz,2 March 2016,ligue_1,2015/16,2015–16 Ligue 1,https://en.wikipedia.org/wiki/2015%E2%80%9316_Ligue_1,wikipedia,2016-02-27,2016-03-02,False,False,exclude_resigned,pascal dupraz,dominique arribag,toulouse,,,,,,False,False,False,True,False,external,review,default_external_needs_review,Toulouse,True,2015-08-09,2016-05-14,38.0,True,False,False,False
Troyes,Jean-Marc Furlan,Mutual consent,3 December 2015,20th,Claude Robin,8 December 2015,ligue_1,2015/16,2015–16 Ligue 1,https://en.wikipedia.org/wiki/2015%E2%80%9316_Ligue_1,wikipedia,2015-12-03,2015-12-08,False,False,mutual_consent,claude robin,jean marc furlan,troyes,Sacked,claude robin,2016-02-04,,,False,True,False,False,False,internal,manual,"Academy director already at the club named nouvel entraîneur, not as an interim.",Troyes,True,2015-08-08,2016-05-14,38.0,True,False,False,True
Troyes,Claude Robin,Sacked,4 February 2016,20th,Mohamed Bradja,5 February 2016,ligue_1,2015/16,2015–16 Ligue 1,https://en.wikipedia.org/wiki/2015%E2%80%9316_Ligue_1,wikipedia,2016-02-04,2016-02-05,False,False,sacked,mohamed bradja,claude robin,troyes,,,,claude robin,False,False,False,False,False,False,caretaker,manual,Existing staff trio given the first team on a provisional basis after Robin sacking,Troyes,True,2015-08-08,2016-05-14,38.0,True,False,True,False
Bastia,François Ciccolini,Sacked,27 February 2017,19th,Rui Almeida,27 February 2017,ligue_1,2016/17,2016–17 Ligue 1,https://en.wikipedia.org/wiki/2016%E2%80%9317_Ligue_1,wikipedia,2017-02-27,2017-02-27,False,False,sacked,rui almeida,fran ois ciccolini,bastia,,,,,,False,False,False,True,False,external,manual,Hired from Red Star unemployment as new manager on a 2.5-year deal,Bastia,True,2016-08-12,2017-05-20,38.0,True,False,True,False
Bordeaux,Ulrich Ramé,End of contract,27 May 2016,Pre-season,Jocelyn Gourvennec,27 May 2016,ligue_1,2016/17,2016–17 Ligue 1,https://en.wikipedia.org/wiki/2016%E2%80%9317_Ligue_1,wikipedia,2016-05-27,2016-05-27,False,False,exclude_preseason,jocelyn gourvennec,ulrich ram,bordeaux,,,,,,False,False,False,False,True,external,high,arrived_from_other_club_in_sample,Bordeaux,True,2016-08-13,2017-05-20,38.0,False,True,False,False
Guingamp,Jocelyn Gourvennec,Signed by Bordeaux,27 May 2016,Pre-season,Antoine Kombouaré,30 May 2016,ligue_1,2016/17,2016–17 Ligue 1,https://en.wikipedia.org/wiki/2016%E2%80%9317_Ligue_1,wikipedia,2016-05-27,2016-05-30,False,False,exclude_preseason,antoine kombouar,jocelyn gourvennec,guingamp,,,,,,False,False,False,False,False,external,review,default_external_needs_review,Guingamp,True,2016-08-12,2017-05-20,38.0,False,True,False,False
Lille,Frédéric Antonetti,Resigned,22 November 2016,19th,Patrick Collot (caretaker),22 November 2016,ligue_1,2016/17,2016–17 Ligue 1,https://en.wikipedia.org/wiki/2016%E2%80%9317_Ligue_1,wikipedia,2016-11-22,2016-11-22,True,False,exclude_resigned,patrick collot,fr d ric antonetti,lille,End of interim,patrick collot,2017-02-14,,,True,True,False,False,False,caretaker,high,caretaker_flag_or_short_spell,Lille,True,2016-08-13,2017-05-20,38.0,True,False,False,False
Lille,Patrick Collot,End of interim,14 February 2017,17th,Franck Passi (caretaker),14 February 2017,ligue_1,2016/17,2016–17 Ligue 1,https://en.wikipedia.org/wiki/2016%E2%80%9317_Ligue_1,wikipedia,2017-02-14,2017-02-14,True,False,exclude_end_caretaker,franck passi,patrick collot,lille,,,,patrick collot,True,False,False,False,False,True,caretaker,high,caretaker_flag_or_short_spell,Lille,True,2016-08-13,2017-05-20,38.0,True,False,False,False
Lorient,Sylvain Ripoll,Resigned,23 October 2016,20th,Bernard Casoni,8 November 2016,ligue_1,2016/17,2016–17 Ligue 1,https://en.wikipedia.org/wiki/2016%E2%80%9317_Ligue_1,wikipedia,2016-10-23,2016-11-08,False,False,exclude_resigned,bernard casoni,sylvain ripoll,lorient,,,,,,False,False,True,True,False,caretaker,high,caretaker_flag_or_short_spell,Lorient,True,2016-08-13,2017-05-20,38.0,True,False,False,False
Marseille,Franck Passi,End of interim,20 October 2016,12th,Rudi Garcia,20 October 2016,ligue_1,2016/17,2016–17 Ligue 1,https://en.wikipedia.org/wiki/2016%E2%80%9317_Ligue_1,wikipedia,2016-10-20,2016-10-20,False,False,exclude_end_caretaker,rudi garcia,franck passi,marseille,,,,,,False,False,False,False,False,external,review,default_external_needs_review,Marseille,True,2016-08-14,2017-05-20,38.0,True,False,False,False
Montpellier,Frédéric Hantz,Sacked,30 January 2017,15th,Jean-Louis Gasset,30 January 2017,ligue_1,2016/17,2016–17 Ligue 1,https://en.wikipedia.org/wiki/2016%E2%80%9317_Ligue_1,wikipedia,2017-01-30,2017-01-30,False,False,sacked,jean louis gasset,fr d ric hantz,montpellier,,,,,,False,False,False,False,False,external,manual,Returning former coach hired from outside as new manager; not then on staff,Montpellier,True,2016-08-13,2017-05-20,38.0,True,False,True,False
Nantes,Michel Der Zakarian,End of contract,17 May 2016,Pre-season,René Girard,17 May 2016,ligue_1,2016/17,2016–17 Ligue 1,https://en.wikipedia.org/wiki/2016%E2%80%9317_Ligue_1,wikipedia,2016-05-17,2016-05-17,False,False,exclude_preseason,ren girard,michel der zakarian,nantes,Resigned,ren girard,2016-12-01,,,False,True,False,False,False,external,review,default_external_needs_review,Nantes,True,2016-08-13,2017-05-20,38.0,False,True,False,False
Nantes,René Girard,Resigned,1 December 2016,19th,Sérgio Conceição,8 December 2016,ligue_1,2016/17,2016–17 Ligue 1,https://en.wikipedia.org/wiki/2016%E2%80%9317_Ligue_1,wikipedia,2016-12-01,2016-12-08,False,False,exclude_resigned,s rgio concei o,ren girard,nantes,,,,ren girard,False,False,False,False,True,False,external,review,default_external_needs_review,Nantes,True,2016-08-13,2017-05-20,38.0,True,False,False,False
Nice,Claude Puel,Mutual consent,24 May 2016,Pre-season,Lucien Favre,24 May 2016,ligue_1,2016/17,2016–17 Ligue 1,https://en.wikipedia.org/wiki/2016%E2%80%9317_Ligue_1,wikipedia,2016-05-24,2016-05-24,False,False,exclude_preseason,lucien favre,claude puel,nice,,,,,,False,False,False,False,False,external,review,default_external_needs_review,Nice,True,2016-08-14,2017-05-20,38.0,False,True,False,False
Paris Saint-Germain,Laurent Blanc,Resigned,27 June 2016,Pre-season,Unai Emery,28 June 2016,ligue_1,2016/17,2016–17 Ligue 1,https://en.wikipedia.org/wiki/2016%E2%80%9317_Ligue_1,wikipedia,2016-06-27,2016-06-28,False,False,exclude_preseason,unai emery,laurent blanc,parissaintgermain,,,,,,False,False,False,False,True,external,high,arrived_from_other_club_in_sample,Paris SG,True,2016-08-12,2017-05-20,38.0,False,True,False,False
Rennes,Rolland Courbis,End of contract,17 May 2016,Pre-season,Christian Gourcuff,17 May 2016,ligue_1,2016/17,2016–17 Ligue 1,https://en.wikipedia.org/wiki/2016%E2%80%9317_Ligue_1,wikipedia,2016-05-17,2016-05-17,False,False,exclude_preseason,christian gourcuff,rolland courbis,rennes,,,,,,False,False,False,False,False,external,review,default_external_needs_review,Rennes,True,2016-08-14,2017-05-20,38.0,False,True,False,False
Bordeaux,Jocelyn Gourvennec,Sacked,18 January 2018,13th,Gus Poyet,20 January 2018,ligue_1,2017/18,2017–18 Ligue 1,https://en.wikipedia.org/wiki/2017%E2%80%9318_Ligue_1,wikipedia,2018-01-18,2018-01-20,False,False,sacked,gus poyet,jocelyn gourvennec,bordeaux,,,,,,False,False,False,False,False,external,manual,Hired from outside as new manager after Gourvennec sacking,Bordeaux,True,2017-08-06,2018-05-19,38.0,True,False,True,False
Lille,Franck Passi,End of interim,20 May 2017,Pre-season,Marcelo Bielsa,30 June 2017,ligue_1,2017/18,2017–18 Ligue 1,https://en.wikipedia.org/wiki/2017%E2%80%9318_Ligue_1,wikipedia,2017-05-20,2017-06-30,False,False,exclude_preseason,marcelo bielsa,franck passi,lille,Sacked,marcelo bielsa,2017-12-15,,,False,True,False,False,False,external,review,default_external_needs_review,Lille,True,2017-08-06,2018-05-19,38.0,False,True,False,False
Lille,Marcelo Bielsa,Sacked,15 December 2017,18th,Christophe Galtier,29 December 2017,ligue_1,2017/18,2017–18 Ligue 1,https://en.wikipedia.org/wiki/2017%E2%80%9318_Ligue_1,wikipedia,2017-12-15,2017-12-29,False,False,sacked,christophe galtier,marcelo bielsa,lille,,,,marcelo bielsa,False,False,False,False,False,False,external,manual,Hired from outside as new manager after Bielsa sacking,Lille,True,2017-08-06,2018-05-19,38.0,True,False,True,False
Metz,Philippe Hinschberger,Sacked,22 October 2017,20th,Frédéric Hantz,29 October 2017,ligue_1,2017/18,2017–18 Ligue 1,https://en.wikipedia.org/wiki/2017%E2%80%9318_Ligue_1,wikipedia,2017-10-22,2017-10-29,False,False,sacked,fr d ric hantz,philippe hinschberger,metz,,,,,,False,False,False,True,False,external,manual,Hired from outside as new manager after Hinschberger sacking,Metz,True,2017-08-05,2018-05-19,38.0,True,False,True,False
Montpellier,Jean-Louis Gasset,End of contract,20 May 2017,Pre-season,Michel Der Zakarian,23 May 2017,ligue_1,2017/18,2017–18 Ligue 1,https://en.wikipedia.org/wiki/2017%E2%80%9318_Ligue_1,wikipedia,2017-05-20,2017-05-23,False,False,exclude_preseason,michel der zakarian,jean louis gasset,montpellier,,,,,,False,False,False,False,False,external,review,default_external_needs_review,Montpellier,True,2017-08-05,2018-05-19,38.0,False,True,False,False
Nantes,Sérgio Conceição,Resigned to join Porto,6 June 2017,Pre-season,Claudio Ranieri,13 June 2017,ligue_1,2017/18,2017–18 Ligue 1,https://en.wikipedia.org/wiki/2017%E2%80%9318_Ligue_1,wikipedia,2017-06-06,2017-06-13,False,False,exclude_preseason,claudio ranieri,s rgio concei o,nantes,,,,,,False,False,False,False,True,external,high,arrived_from_other_club_in_sample,Nantes,True,2017-08-06,2018-05-19,38.0,False,True,False,False
Rennes,Christian Gourcuff,Sacked,8 November 2017,10th,Sabri Lamouchi,8 November 2017,ligue_1,2017/18,2017–18 Ligue 1,https://en.wikipedia.org/wiki/2017%E2%80%9318_Ligue_1,wikipedia,2017-11-08,2017-11-08,False,False,sacked,sabri lamouchi,christian gourcuff,rennes,,,,,,False,False,False,False,False,external,manual,Hired from outside as new manager after Gourcuff sacking,Rennes,True,2017-08-05,2018-05-19,38.0,True,False,True,False
Saint-Étienne,Christophe Galtier,Resigned,20 May 2017,Pre-season,Óscar García,15 June 2017,ligue_1,2017/18,2017–18 Ligue 1,https://en.wikipedia.org/wiki/2017%E2%80%9318_Ligue_1,wikipedia,2017-05-20,2017-06-15,False,False,exclude_preseason,scar garc a,christophe galtier,saintetienne,Resigned,scar garc a,2017-11-15,,,False,True,False,False,False,external,review,default_external_needs_review,St Etienne,True,2017-08-05,2018-05-19,38.0,False,True,False,False
Saint-Étienne,Óscar García,Resigned,15 November 2017,6th,Julien Sablé,15 November 2017,ligue_1,2017/18,2017–18 Ligue 1,https://en.wikipedia.org/wiki/2017%E2%80%9318_Ligue_1,wikipedia,2017-11-15,2017-11-15,False,False,exclude_resigned,julien sabl,scar garc a,saintetienne,Sacked,julien sabl,2017-12-20,scar garc a,False,False,True,False,True,False,caretaker,review,caretaker_flag_or_short_spell,St Etienne,True,2017-08-05,2018-05-19,38.0,True,False,False,False
Saint-Étienne,Julien Sablé,Sacked,20 December 2017,16th,Jean-Louis Gasset,20 December 2017,ligue_1,2017/18,2017–18 Ligue 1,https://en.wikipedia.org/wiki/2017%E2%80%9318_Ligue_1,wikipedia,2017-12-20,2017-12-20,False,False,sacked,jean louis gasset,julien sabl,saintetienne,,,,julien sabl,False,False,False,False,True,False,internal,manual,Existing assistant already on staff promoted as new first-team manager after Sable sacking,St Etienne,True,2017-08-05,2018-05-19,38.0,True,False,True,False
Toulouse,Pascal Dupraz,Sacked,22 January 2018,19th,Mickaël Debève,22 January 2018,ligue_1,2017/18,2017–18 Ligue 1,https://en.wikipedia.org/wiki/2017%E2%80%9318_Ligue_1,wikipedia,2018-01-22,2018-01-22,False,False,sacked,micka l deb ve,pascal dupraz,toulouse,,,,,,False,False,True,True,False,caretaker,high,caretaker_flag_or_short_spell,Toulouse,True,2017-08-04,2018-05-19,38.0,True,False,True,False
Bordeaux,Gustavo Poyet,Sacked,17 August 2018,19th,Ricardo Gomes,5 September 2018,ligue_1,2018/19,2018–19 Ligue 1,https://en.wikipedia.org/wiki/2018%E2%80%9319_Ligue_1,wikipedia,2018-08-17,2018-09-05,False,False,sacked,ricardo gomes,gustavo poyet,bordeaux,Sacked,ricardo gomes,2019-02-26,,,False,True,False,False,False,external,manual,Hired from outside as manager général; not already on Bordeaux staff.,Bordeaux,True,2018-08-12,2019-05-24,38.0,True,False,True,False
Bordeaux,Ricardo Gomes,Sacked,26 February 2019,13th,Paulo Sousa,8 March 2019,ligue_1,2018/19,2018–19 Ligue 1,https://en.wikipedia.org/wiki/2018%E2%80%9319_Ligue_1,wikipedia,2019-02-26,2019-03-08,False,False,sacked,paulo sousa,ricardo gomes,bordeaux,,,,ricardo gomes,False,False,False,False,False,False,external,manual,Hired from outside as new manager after Gomes sacking,Bordeaux,True,2018-08-12,2019-05-24,38.0,True,False,True,False
Caen,Patrice Garande,End of contract,19 May 2018,Pre-season,Fabien Mercadal,8 June 2018,ligue_1,2018/19,2018–19 Ligue 1,https://en.wikipedia.org/wiki/2018%E2%80%9319_Ligue_1,wikipedia,2018-05-19,2018-06-08,False,False,exclude_preseason,fabien mercadal,patrice garande,caen,,,,,,False,False,False,False,False,external,review,default_external_needs_review,Caen,True,2018-08-12,2019-05-24,38.0,False,True,False,False
Dijon,Olivier Dall'Oglio,Sacked,31 December 2018,18th,Antoine Kombouaré,10 January 2019,ligue_1,2018/19,2018–19 Ligue 1,https://en.wikipedia.org/wiki/2018%E2%80%9319_Ligue_1,wikipedia,2018-12-31,2019-01-10,False,False,sacked,antoine kombouar,olivier dall oglio,dijon,,,,,,False,False,False,False,True,external,high,arrived_from_other_club_in_sample,Dijon,True,2018-08-11,2019-05-24,38.0,True,False,True,False
Guingamp,Antoine Kombouaré,Sacked,6 November 2018,20th,Jocelyn Gourvennec,8 November 2018,ligue_1,2018/19,2018–19 Ligue 1,https://en.wikipedia.org/wiki/2018%E2%80%9319_Ligue_1,wikipedia,2018-11-06,2018-11-08,False,False,sacked,jocelyn gourvennec,antoine kombouar,guingamp,,,,,,False,False,False,False,False,external,manual,Returning former manager hired from outside; not then on Guingamp staff,Guingamp,True,2018-08-11,2019-05-24,38.0,True,False,True,False
Monaco,Leonardo Jardim,Sacked,11 October 2018,18th,Thierry Henry,13 October 2018,ligue_1,2018/19,2018–19 Ligue 1,https://en.wikipedia.org/wiki/2018%E2%80%9319_Ligue_1,wikipedia,2018-10-11,2018-10-13,False,False,sacked,thierry henry,leonardo jardim,monaco,Sacked,thierry henry,2019-01-24,,,False,True,False,True,False,external,manual,Hired from outside as new manager after Jardim sacking,Monaco,True,2018-08-11,2019-05-24,38.0,True,False,True,False
Monaco,Thierry Henry,Sacked,24 January 2019,19th,Leonardo Jardim,25 January 2019,ligue_1,2018/19,2018–19 Ligue 1,https://en.wikipedia.org/wiki/2018%E2%80%9319_Ligue_1,wikipedia,2019-01-24,2019-01-25,False,False,sacked,leonardo jardim,thierry henry,monaco,,,,thierry henry,False,False,False,False,True,False,external,manual,Returning former manager hired from outside; not then on Monaco staff,Monaco,True,2018-08-11,2019-05-24,38.0,True,False,True,False
Nantes,Claudio Ranieri,Mutual consent,19 May 2018,Pre-season,Miguel Cardoso,13 June 2018,ligue_1,2018/19,2018–19 Ligue 1,https://en.wikipedia.org/wiki/2018%E2%80%9319_Ligue_1,wikipedia,2018-05-19,2018-06-13,False,False,exclude_preseason,miguel cardoso,claudio ranieri,nantes,Sacked,miguel cardoso,2018-10-01,,,False,True,False,False,False,external,review,default_external_needs_review,Nantes,True,2018-08-11,2019-05-24,38.0,False,True,False,False
Nantes,Miguel Cardoso,Sacked,1 October 2018,19th,Vahid Halilhodžić,1 October 2018,ligue_1,2018/19,2018–19 Ligue 1,https://en.wikipedia.org/wiki/2018%E2%80%9319_Ligue_1,wikipedia,2018-10-01,2018-10-01,False,False,sacked,vahid halilhod i,miguel cardoso,nantes,,,,miguel cardoso,False,False,False,False,True,False,external,manual,Hired from outside as new manager after Cardoso sacking,Nantes,True,2018-08-11,2019-05-24,38.0,True,False,True,False
Nice,Lucien Favre,Mutual consent,19 May 2018,Pre-season,Patrick Vieira,11 June 2018,ligue_1,2018/19,2018–19 Ligue 1,https://en.wikipedia.org/wiki/2018%E2%80%9319_Ligue_1,wikipedia,2018-05-19,2018-06-11,False,False,exclude_preseason,patrick vieira,lucien favre,nice,,,,,,False,False,False,False,False,external,review,default_external_needs_review,Nice,True,2018-08-11,2019-05-24,38.0,False,True,False,False
Paris Saint-Germain,Unai Emery,End of contract,19 May 2018,Pre-season,Thomas Tuchel,1 June 2018,ligue_1,2018/19,2018–19 Ligue 1,https://en.wikipedia.org/wiki/2018%E2%80%9319_Ligue_1,wikipedia,2018-05-19,2018-06-01,False,False,exclude_preseason,thomas tuchel,unai emery,parissaintgermain,,,,,,False,False,False,False,False,external,review,default_external_needs_review,Paris SG,True,2018-08-12,2019-05-24,38.0,False,True,False,False
Rennes,Sabri Lamouchi,Sacked,3 December 2018,14th,Julien Stephan,3 December 2018,ligue_1,2018/19,2018–19 Ligue 1,https://en.wikipedia.org/wiki/2018%E2%80%9319_Ligue_1,wikipedia,2018-12-03,2018-12-03,False,False,sacked,julien stephan,sabri lamouchi,rennes,,,,,,False,False,False,False,False,caretaker,manual,B-team coach named interim at the vacancy; later given a permanent deal,Rennes,True,2018-08-11,2019-05-24,38.0,True,False,True,False
Toulouse,Mickaël Debève,Signed by Lens as assistant,14 June 2018,Pre-season,Alain Casanova,22 June 2018,ligue_1,2018/19,2018–19 Ligue 1,https://en.wikipedia.org/wiki/2018%E2%80%9319_Ligue_1,wikipedia,2018-06-14,2018-06-22,False,False,exclude_preseason,alain casanova,micka l deb ve,toulouse,,,,,,False,False,False,False,False,external,review,default_external_needs_review,Toulouse,True,2018-08-10,2019-05-24,38.0,False,True,False,False
Amiens,Christophe Pélissier,Signed by Lorient,29 May 2019,Pre-season,Luka Elsner,19 June 2019,ligue_1,2019/20,2019–20 Ligue 1,https://en.wikipedia.org/wiki/2019%E2%80%9320_Ligue_1,wikipedia,2019-05-29,2019-06-19,False,False,exclude_preseason,luka elsner,christophe p lissier,amiens,,,,,,False,False,False,False,False,external,review,default_external_needs_review,Amiens,True,2019-08-10,2020-03-06,28.0,False,True,False,False
Brest,Jean-Marc Furlan,End of contract,17 May 2019,Pre-season,Olivier Dall'Oglio,26 May 2019,ligue_1,2019/20,2019–20 Ligue 1,https://en.wikipedia.org/wiki/2019%E2%80%9320_Ligue_1,wikipedia,2019-05-17,2019-05-26,False,False,exclude_preseason,olivier dall oglio,jean marc furlan,brest,,,,,,False,False,False,False,True,external,high,arrived_from_other_club_in_sample,Brest,True,2019-08-10,2020-03-07,28.0,False,True,False,False
Dijon,Antoine Kombouaré,Resigned,10 June 2019,Pre-season,Stéphane Jobard,20 June 2019,ligue_1,2019/20,2019–20 Ligue 1,https://en.wikipedia.org/wiki/2019%E2%80%9320_Ligue_1,wikipedia,2019-06-10,2019-06-20,False,False,exclude_preseason,st phane jobard,antoine kombouar,dijon,,,,,,False,False,False,False,False,external,review,default_external_needs_review,Dijon,True,2019-08-10,2020-03-07,28.0,False,True,False,False
Lyon,Bruno Génésio,End of contract,25 May 2019,Pre-season,Sylvinho,25 May 2019,ligue_1,2019/20,2019–20 Ligue 1,https://en.wikipedia.org/wiki/2019%E2%80%9320_Ligue_1,wikipedia,2019-05-25,2019-05-25,False,False,exclude_preseason,sylvinho,bruno g n sio,lyon,Sacked,sylvinho,2019-10-07,,,False,True,False,False,False,external,review,default_external_needs_review,Lyon,True,2019-08-09,2020-03-08,28.0,False,True,False,False
Lyon,Sylvinho,Sacked,7 October 2019,14th,Rudi Garcia,14 October 2019,ligue_1,2019/20,2019–20 Ligue 1,https://en.wikipedia.org/wiki/2019%E2%80%9320_Ligue_1,wikipedia,2019-10-07,2019-10-14,False,False,sacked,rudi garcia,sylvinho,lyon,,,,sylvinho,False,False,False,False,False,True,external,high,arrived_from_other_club_in_sample,Lyon,True,2019-08-09,2020-03-08,28.0,True,False,True,False
Marseille,Rudi Garcia,Resigned,25 May 2019,Pre-season,André Villas-Boas,28 May 2019,ligue_1,2019/20,2019–20 Ligue 1,https://en.wikipedia.org/wiki/2019%E2%80%9320_Ligue_1,wikipedia,2019-05-25,2019-05-28,False,False,exclude_preseason,andr villas boas,rudi garcia,marseille,,,,,,False,False,False,False,False,external,review,default_external_needs_review,Marseille,True,2019-08-10,2020-03-06,28.0,False,True,False,False
Metz,Frédéric Antonetti,Resigned for personal reasons,18 May 2019,Pre-season,Vincent Hognon,18 May 2019,ligue_1,2019/20,2019–20 Ligue 1,https://en.wikipedia.org/wiki/2019%E2%80%9320_Ligue_1,wikipedia,2019-05-18,2019-05-18,False,False,exclude_preseason,vincent hognon,fr d ric antonetti,metz,,,,,,False,False,False,False,False,external,review,default_external_needs_review,Metz,True,2019-08-11,2020-03-07,28.0,False,True,False,False
Monaco,Leonardo Jardim,Sacked,28 December 2019,7th,Robert Moreno,28 December 2019,ligue_1,2019/20,2019–20 Ligue 1,https://en.wikipedia.org/wiki/2019%E2%80%9320_Ligue_1,wikipedia,2019-12-28,2019-12-28,False,False,sacked,robert moreno,leonardo jardim,monaco,,,,,,False,False,False,True,False,external,manual,Hired from outside as new manager after Jardim sacking,Monaco,True,2019-08-09,2020-03-07,28.0,True,False,True,False
Nantes,Vahid Halilhodžić,Mutual consent,2 August 2019,Pre-season,Christian Gourcuff,8 August 2019,ligue_1,2019/20,2019–20 Ligue 1,https://en.wikipedia.org/wiki/2019%E2%80%9320_Ligue_1,wikipedia,2019-08-02,2019-08-08,False,False,exclude_preseason,christian gourcuff,vahid halilhod i,nantes,,,,,,False,False,False,True,False,external,review,default_external_needs_review,Nantes,True,2019-08-11,2020-03-07,28.0,False,True,False,False
Saint-Étienne,Jean-Louis Gasset,End of contract,25 May 2019,Pre-season,Ghislain Printant,25 May 2019,ligue_1,2019/20,2019–20 Ligue 1,https://en.wikipedia.org/wiki/2019%E2%80%9320_Ligue_1,wikipedia,2019-05-25,2019-05-25,False,False,exclude_preseason,ghislain printant,jean louis gasset,saintetienne,Sacked,ghislain printant,2019-10-04,,,False,True,False,False,False,external,review,default_external_needs_review,St Etienne,True,2019-08-10,2020-03-08,28.0,False,True,False,False
Saint-Étienne,Ghislain Printant,Sacked,4 October 2019,19th,Claude Puel,4 October 2019,ligue_1,2019/20,2019–20 Ligue 1,https://en.wikipedia.org/wiki/2019%E2%80%9320_Ligue_1,wikipedia,2019-10-04,2019-10-04,False,False,sacked,claude puel,ghislain printant,saintetienne,,,,ghislain printant,False,False,False,False,True,False,external,manual,"hired from outside as manager and directeur général until 2022, not then on staff",St Etienne,True,2019-08-10,2020-03-08,28.0,True,False,True,False
Toulouse,Alain Casanova,Mutual consent,10 October 2019,18th,Antoine Kombouaré,14 October 2019,ligue_1,2019/20,2019–20 Ligue 1,https://en.wikipedia.org/wiki/2019%E2%80%9320_Ligue_1,wikipedia,2019-10-10,2019-10-14,False,False,mutual_consent,antoine kombouar,alain casanova,toulouse,Sacked,antoine kombouar,2020-01-05,,,False,True,False,True,True,external,manual,"Hired from outside as nouveau coach on a contract to 2021, not as a caretaker.",Toulouse,True,2019-08-10,2020-03-07,28.0,True,False,False,True
Toulouse,Antoine Kombouaré,Sacked,5 January 2020,20th,Denis Zanko,6 January 2020,ligue_1,2019/20,2019–20 Ligue 1,https://en.wikipedia.org/wiki/2019%E2%80%9320_Ligue_1,wikipedia,2020-01-05,2020-01-06,False,False,sacked,denis zanko,antoine kombouar,toulouse,,,,antoine kombouar,False,False,False,True,True,False,caretaker,high,caretaker_flag_or_short_spell,Toulouse,True,2019-08-10,2020-03-07,28.0,True,False,True,False
Bordeaux,Paulo Sousa,Resigned,10 August 2020,Pre-season,Jean-Louis Gasset,10 August 2020,ligue_1,2020/21,2020–21 Ligue 1,https://en.wikipedia.org/wiki/2020%E2%80%9321_Ligue_1,wikipedia,2020-08-10,2020-08-10,False,False,exclude_preseason,jean louis gasset,paulo sousa,bordeaux,,,,,,False,False,False,False,False,external,review,default_external_needs_review,Bordeaux,True,2020-08-21,2021-05-23,38.0,False,True,False,False
Dijon,Stéphane Jobard,Sacked,5 November 2020,20th,David Linarès,5 November 2020,ligue_1,2020/21,2020–21 Ligue 1,https://en.wikipedia.org/wiki/2020%E2%80%9321_Ligue_1,wikipedia,2020-11-05,2020-11-05,False,False,sacked,david linar s,st phane jobard,dijon,,,,,,False,False,False,False,False,caretaker,manual,assistant named intérim at Jobard sacking; confirmed as manager a week later on 12 Nov,Dijon,True,2020-08-22,2021-05-23,38.0,True,False,True,False
Marseille,André Villas-Boas,Resigned and then sacked,2 February 2021,9th,Jorge Sampaoli,26 February 2021,ligue_1,2020/21,2020–21 Ligue 1,https://en.wikipedia.org/wiki/2020%E2%80%9321_Ligue_1,wikipedia,2021-02-02,2021-02-26,False,False,sacked,jorge sampaoli,andr villas boas,marseille,,,,,,False,False,False,False,False,external,manual,hired from Atlético Mineiro as new manager until 2023,Marseille,True,2020-08-30,2021-05-23,38.0,True,False,True,False
Metz,Vincent Hognon,Mutual consent,12 October 2020,15th,Frédéric Antonetti,12 October 2020,ligue_1,2020/21,2020–21 Ligue 1,https://en.wikipedia.org/wiki/2020%E2%80%9321_Ligue_1,wikipedia,2020-10-12,2020-10-12,False,False,mutual_consent,fr d ric antonetti,vincent hognon,metz,,,,,,False,False,False,True,False,internal,manual,Already Metz manager général; returned to the first-team bench rather than being hired from outside.,Metz,True,2020-08-30,2021-05-23,38.0,True,False,False,True
Monaco,Robert Moreno,Sacked,19 July 2020,Pre-season,Niko Kovač,19 July 2020,ligue_1,2020/21,2020–21 Ligue 1,https://en.wikipedia.org/wiki/2020%E2%80%9321_Ligue_1,wikipedia,2020-07-19,2020-07-19,False,False,exclude_preseason,niko kova,robert moreno,monaco,,,,,,False,False,False,False,False,external,review,default_external_needs_review,Monaco,True,2020-08-23,2021-05-23,38.0,False,True,False,False
Nantes,Christian Gourcuff,Sacked,8 December 2020,14th,Raymond Domenech,26 December 2020,ligue_1,2020/21,2020–21 Ligue 1,https://en.wikipedia.org/wiki/2020%E2%80%9321_Ligue_1,wikipedia,2020-12-08,2020-12-26,False,False,sacked,raymond domenech,christian gourcuff,nantes,Sacked,raymond domenech,2021-02-10,,,False,True,True,True,False,caretaker,high,caretaker_flag_or_short_spell,Nantes,True,2020-08-21,2021-05-23,38.0,True,False,True,False
Nantes,Raymond Domenech,Sacked,10 February 2021,18th,Antoine Kombouaré,11 February 2021,ligue_1,2020/21,2020–21 Ligue 1,https://en.wikipedia.org/wiki/2020%E2%80%9321_Ligue_1,wikipedia,2021-02-10,2021-02-11,False,False,sacked,antoine kombouar,raymond domenech,nantes,,,,raymond domenech,False,False,False,False,True,False,external,manual,"hired from outside as entraîneur principal, free after Toulouse",Nantes,True,2020-08-21,2021-05-23,38.0,True,False,True,False
Nice,Patrick Vieira,Sacked,4 December 2020,11th,Adrian Ursea,4 December 2020,ligue_1,2020/21,2020–21 Ligue 1,https://en.wikipedia.org/wiki/2020%E2%80%9321_Ligue_1,wikipedia,2020-12-04,2020-12-04,False,False,sacked,adrian ursea,patrick vieira,nice,,,,,,False,False,False,True,False,internal,manual,assistant already on staff announced as the coach until at least season end; president said not a simple intérimaire and they were not looking for anyone else,Nice,True,2020-08-23,2021-05-23,38.0,True,False,True,False
Nîmes,Bernard Blaquart,Mutual consent,23 June 2020,Pre-season,Jérôme Arpinon,23 June 2020,ligue_1,2020/21,2020–21 Ligue 1,https://en.wikipedia.org/wiki/2020%E2%80%9321_Ligue_1,wikipedia,2020-06-23,2020-06-23,False,False,exclude_preseason,j r me arpinon,bernard blaquart,nmes,Sacked,j r me arpinon,2021-02-05,,,False,True,False,False,False,external,review,default_external_needs_review,,False,,,,False,True,False,False
Nîmes,Jérôme Arpinon,Sacked,5 February 2021,20th,Pascal Plancque,5 February 2021,ligue_1,2020/21,2020–21 Ligue 1,https://en.wikipedia.org/wiki/2020%E2%80%9321_Ligue_1,wikipedia,2021-02-05,2021-02-05,False,False,sacked,pascal plancque,j r me arpinon,nmes,,,,j r me arpinon,False,False,False,False,False,False,external,review,default_external_needs_review,,False,,,,False,False,False,False
Paris Saint-Germain,Thomas Tuchel,Sacked,29 December 2020,3rd,Mauricio Pochettino,2 January 2021,ligue_1,2020/21,2020–21 Ligue 1,https://en.wikipedia.org/wiki/2020%E2%80%9321_Ligue_1,wikipedia,2020-12-29,2021-01-02,False,False,sacked,mauricio pochettino,thomas tuchel,parissaintgermain,,,,,,False,False,False,True,False,external,manual,"hired from outside as new manager until 2022, not then on PSG staff",Paris SG,True,2020-09-10,2021-05-23,38.0,True,False,True,False
Rennes,Julien Stéphan,Resigned,1 March 2021,9th,Bruno Génésio,4 March 2021,ligue_1,2020/21,2020–21 Ligue 1,https://en.wikipedia.org/wiki/2020%E2%80%9321_Ligue_1,wikipedia,2021-03-01,2021-03-04,False,False,exclude_resigned,bruno g n sio,julien st phan,rennes,,,,,,False,False,False,False,False,external,review,default_external_needs_review,Rennes,True,2020-08-22,2021-05-23,38.0,True,False,False,False
ESTAC Troyes,Laurent Batlles,,30/12/2021,15,Bruno Irles,30/12/2021,ligue_1,2021/22,,https://www.transfermarkt.com/ligue-1/trainerwechsel/wettbewerb/FR1/saison_id/2021,transfermarkt_gap,2021-12-30,2021-12-30,False,False,review,bruno irles,laurent batlles,estactroyes,,,,,,False,False,False,True,False,external,review,default_external_needs_review,Troyes,True,2021-08-07,2022-05-21,38.0,True,False,False,False
FC Girondins Bordeaux,Vladimir Petkovic,,07/02/2022,19,Jaroslav Plasil (caretaker),07/02/2022,ligue_1,2021/22,,https://www.transfermarkt.com/ligue-1/trainerwechsel/wettbewerb/FR1/saison_id/2021,transfermarkt_gap,2022-02-07,2022-02-07,True,False,review,jaroslav plasil,vladimir petkovic,girondinsbordeaux,,jaroslav plasil,2022-02-16,,,False,True,False,True,False,caretaker,high,caretaker_flag_or_short_spell,Bordeaux,True,2021-08-08,2022-05-21,38.0,True,False,False,False
FC Girondins Bordeaux,Jaroslav Plasil,,16/02/2022,20,David Guion,16/02/2022,ligue_1,2021/22,,https://www.transfermarkt.com/ligue-1/trainerwechsel/wettbewerb/FR1/saison_id/2021,transfermarkt_gap,2022-02-16,2022-02-16,False,False,review,david guion,jaroslav plasil,girondinsbordeaux,,,,jaroslav plasil,True,False,False,False,True,False,external,review,default_external_needs_review,Bordeaux,True,2021-08-08,2022-05-21,38.0,True,False,False,False
AS Monaco,Niko Kovac,,01/01/2022,7,Stéphane Nado (caretaker),01/01/2022,ligue_1,2021/22,,https://www.transfermarkt.com/ligue-1/trainerwechsel/wettbewerb/FR1/saison_id/2021,transfermarkt_gap,2022-01-01,2022-01-01,True,False,review,st phane nado,niko kovac,monaco,,st phane nado,2022-01-02,,,False,True,False,True,False,caretaker,high,caretaker_flag_or_short_spell,Monaco,True,2021-08-06,2022-05-21,38.0,True,False,False,False
AS Monaco,Stéphane Nado,,02/01/2022,-,Philippe Clement,02/01/2022,ligue_1,2021/22,,https://www.transfermarkt.com/ligue-1/trainerwechsel/wettbewerb/FR1/saison_id/2021,transfermarkt_gap,2022-01-02,2022-01-02,False,False,review,philippe clement,st phane nado,monaco,,,,st phane nado,True,False,False,False,True,False,external,review,default_external_needs_review,Monaco,True,2021-08-06,2022-05-21,38.0,True,False,False,False
AS Saint-Étienne,Claude Puel,,05/12/2021,20,Julien Sablé (caretaker),05/12/2021,ligue_1,2021/22,,https://www.transfermarkt.com/ligue-1/trainerwechsel/wettbewerb/FR1/saison_id/2021,transfermarkt_gap,2021-12-05,2021-12-05,True,False,review,julien sabl,claude puel,saintetienne,,julien sabl,2021-12-14,,,False,True,False,True,False,caretaker,high,caretaker_flag_or_short_spell,St Etienne,True,2021-08-08,2022-05-21,38.0,True,False,False,False
AS Saint-Étienne,Julien Sablé,,14/12/2021,20,Pascal Dupraz,14/12/2021,ligue_1,2021/22,,https://www.transfermarkt.com/ligue-1/trainerwechsel/wettbewerb/FR1/saison_id/2021,transfermarkt_gap,2021-12-14,2021-12-14,False,False,review,pascal dupraz,julien sabl,saintetienne,,,,julien sabl,True,False,False,False,True,False,external,review,default_external_needs_review,St Etienne,True,2021-08-08,2022-05-21,38.0,True,False,False,False
Angers,Gérald Baticle,Sacked,22 December 2022,20th,Abdel Bouhazama,5 January 2023,ligue_1,2022/23,2022–23 Ligue 1,https://en.wikipedia.org/wiki/2022%E2%80%9323_Ligue_1,wikipedia,2022-12-22,2023-01-05,False,False,sacked,abdel bouhazama,g rald baticle,angers,Resigned,abdel bouhazama,2023-03-07,,,False,True,False,True,False,caretaker,manual,academy/B-team coach already running as interim when Baticle was sacked; confirmed permanent only on 5 Jan 2023,Angers,True,2022-08-07,2023-06-03,38.0,True,False,True,False
Angers,Abdel Bouhazama,Resigned,7 March 2023,20th,Alexandre Dujeux,7 March 2023,ligue_1,2022/23,2022–23 Ligue 1,https://en.wikipedia.org/wiki/2022%E2%80%9323_Ligue_1,wikipedia,2023-03-07,2023-03-07,False,False,exclude_resigned,alexandre dujeux,abdel bouhazama,angers,,,,abdel bouhazama,False,False,False,False,True,False,external,review,default_external_needs_review,Angers,True,2022-08-07,2023-06-03,38.0,True,False,False,False
Auxerre,Jean-Marc Furlan,Sacked,11 October 2022,16th,Christophe Pélissier,26 October 2022,ligue_1,2022/23,2022–23 Ligue 1,https://en.wikipedia.org/wiki/2022%E2%80%9323_Ligue_1,wikipedia,2022-10-11,2022-10-26,False,False,sacked,christophe p lissier,jean marc furlan,auxerre,,,,,,False,False,True,True,True,caretaker,high,caretaker_flag_or_short_spell,Auxerre,True,2022-08-07,2023-06-03,38.0,True,False,True,False
Brest,Michel Der Zakarian,Sacked,11 October 2022,20th,Eric Roy,3 January 2023,ligue_1,2022/23,2022–23 Ligue 1,https://en.wikipedia.org/wiki/2022%E2%80%9323_Ligue_1,wikipedia,2022-10-11,2023-01-03,False,False,sacked,eric roy,michel der zakarian,brest,,,,,,False,False,False,False,False,external,manual,hired from outside in January after Grougi/Lachuer/Bourgis interim; not then at Brest,Brest,True,2022-08-07,2023-06-03,38.0,True,False,True,False
Lille,Jocelyn Gourvennec,Sacked,16 June 2022,Pre-season,Paulo Fonseca,29 June 2022,ligue_1,2022/23,2022–23 Ligue 1,https://en.wikipedia.org/wiki/2022%E2%80%9323_Ligue_1,wikipedia,2022-06-16,2022-06-29,False,False,exclude_preseason,paulo fonseca,jocelyn gourvennec,lille,,,,,,False,False,False,False,False,external,review,default_external_needs_review,Lille,True,2022-08-07,2023-06-03,38.0,False,True,False,False
Lorient,Christophe Pélissier,Sacked,19 June 2022,Pre-season,Régis Le Bris,27 June 2022,ligue_1,2022/23,2022–23 Ligue 1,https://en.wikipedia.org/wiki/2022%E2%80%9323_Ligue_1,wikipedia,2022-06-19,2022-06-27,False,False,exclude_preseason,r gis le bris,christophe p lissier,lorient,,,,,,False,False,False,False,False,external,review,default_external_needs_review,Lorient,True,2022-08-07,2023-06-03,38.0,False,True,False,False
Lyon,Peter Bosz,Sacked,9 October 2022,7th,Laurent Blanc,9 October 2022,ligue_1,2022/23,2022–23 Ligue 1,https://en.wikipedia.org/wiki/2022%E2%80%9323_Ligue_1,wikipedia,2022-10-09,2022-10-09,False,False,sacked,laurent blanc,peter bosz,lyon,,,,,,False,False,False,False,False,external,manual,hired from outside as new manager until 2024 the day Bosz was sacked,Lyon,True,2022-08-05,2023-06-03,38.0,True,False,True,False
Marseille,Jorge Sampaoli,Resigned,1 July 2022,Pre-season,Igor Tudor,4 July 2022,ligue_1,2022/23,2022–23 Ligue 1,https://en.wikipedia.org/wiki/2022%E2%80%9323_Ligue_1,wikipedia,2022-07-01,2022-07-04,False,False,exclude_preseason,igor tudor,jorge sampaoli,marseille,,,,,,False,False,False,False,True,external,high,arrived_from_other_club_in_sample,Marseille,True,2022-08-07,2023-06-03,38.0,False,True,False,False
Montpellier,Olivier Dall'Oglio,Sacked,17 October 2022,11th,Romain Pitau,14 November 2022,ligue_1,2022/23,2022–23 Ligue 1,https://en.wikipedia.org/wiki/2022%E2%80%9323_Ligue_1,wikipedia,2022-10-17,2022-11-14,False,False,sacked,romain pitau,olivier dall oglio,montpellier,Sacked,romain pitau,2023-02-07,,,False,True,False,False,False,caretaker,manual,assistant named coach par intérim at least until the World Cup break,Montpellier,True,2022-08-07,2023-06-03,38.0,True,False,True,False
Montpellier,Romain Pitau,Sacked,7 February 2023,15th,Michel Der Zakarian,8 February 2023,ligue_1,2022/23,2022–23 Ligue 1,https://en.wikipedia.org/wiki/2022%E2%80%9323_Ligue_1,wikipedia,2023-02-07,2023-02-08,False,False,sacked,michel der zakarian,romain pitau,montpellier,,,,romain pitau,False,False,False,False,False,True,external,high,arrived_from_other_club_in_sample,Montpellier,True,2022-08-07,2023-06-03,38.0,True,False,True,False
Nantes,Antoine Kombouaré,Sacked,9 May 2023,17th,Pierre Aristouy,9 May 2023,ligue_1,2022/23,2022–23 Ligue 1,https://en.wikipedia.org/wiki/2022%E2%80%9323_Ligue_1,wikipedia,2023-05-09,2023-05-09,False,False,sacked,pierre aristouy,antoine kombouar,nantes,,,,,,False,False,False,True,False,caretaker,manual,U19 coach took the last four games; only later given a contract to 2025 after keeping Nantes up.,Nantes,True,2022-08-07,2023-06-03,38.0,True,False,True,False
Nice,Christophe Galtier,Mutual consent,27 June 2022,Pre-season,Lucien Favre,27 June 2022,ligue_1,2022/23,2022–23 Ligue 1,https://en.wikipedia.org/wiki/2022%E2%80%9323_Ligue_1,wikipedia,2022-06-27,2022-06-27,False,False,exclude_preseason,lucien favre,christophe galtier,nice,Sacked,lucien favre,2023-01-09,,,False,True,False,False,False,external,review,default_external_needs_review,Nice,True,2022-08-07,2023-06-03,38.0,False,True,False,False
Nice,Lucien Favre,Sacked,9 January 2023,11th,Didier Digard (caretaker),9 January 2023,ligue_1,2022/23,2022–23 Ligue 1,https://en.wikipedia.org/wiki/2022%E2%80%9323_Ligue_1,wikipedia,2023-01-09,2023-01-09,True,False,sacked,didier digard,lucien favre,nice,,,,lucien favre,False,False,False,True,True,False,caretaker,high,caretaker_flag_or_short_spell,Nice,True,2022-08-07,2023-06-03,38.0,True,False,True,False
Paris Saint-Germain,Mauricio Pochettino,Mutual consent,1 July 2022,Pre-season,Christophe Galtier,5 July 2022,ligue_1,2022/23,2022–23 Ligue 1,https://en.wikipedia.org/wiki/2022%E2%80%9323_Ligue_1,wikipedia,2022-07-01,2022-07-05,False,False,exclude_preseason,christophe galtier,mauricio pochettino,parissaintgermain,,,,,,False,False,False,True,True,external,high,arrived_from_other_club_in_sample,Paris SG,True,2022-08-06,2023-06-03,38.0,False,True,False,False
Reims,Óscar García,Sacked,13 October 2022,20th,Will Still,13 October 2022,ligue_1,2022/23,2022–23 Ligue 1,https://en.wikipedia.org/wiki/2022%E2%80%9323_Ligue_1,wikipedia,2022-10-13,2022-10-13,False,False,sacked,will still,scar garc a,reims,,,,,,False,False,False,False,False,caretaker,manual,assistant named to assurer l'intérim at Garcia sacking; confirmed as manager only on 30 Nov,Reims,True,2022-08-07,2023-06-03,38.0,True,False,True,False
Strasbourg,Julien Stéphan,Sacked,9 January 2023,19th,Frédéric Antonetti,21 January 2023,ligue_1,2022/23,2022–23 Ligue 1,https://en.wikipedia.org/wiki/2022%E2%80%9323_Ligue_1,wikipedia,2023-01-09,2023-01-21,False,False,sacked,fr d ric antonetti,julien st phan,strasbourg,,,,,,False,False,False,False,False,external,manual,hired from outside as new manager on a six-month deal after Le Scornet interim,Strasbourg,True,2022-08-06,2023-06-03,38.0,True,False,True,False
Troyes,Bruno Irles,Sacked,8 November 2022,13th,Patrick Kisnorbo,23 November 2022,ligue_1,2022/23,2022–23 Ligue 1,https://en.wikipedia.org/wiki/2022%E2%80%9323_Ligue_1,wikipedia,2022-11-08,2022-11-23,False,False,sacked,patrick kisnorbo,bruno irles,troyes,,,,,,False,False,False,False,False,external,manual,"hired from Melbourne City as new ESTAC manager, not then on Troyes staff",Troyes,True,2022-08-07,2023-06-03,38.0,True,False,True,False
Lyon,Laurent Blanc,Sacked,8 September 2023,18th,Fabio Grosso,16 September 2023,ligue_1,2023/24,2023–24 Ligue 1,https://en.wikipedia.org/wiki/2023%E2%80%9324_Ligue_1,wikipedia,2023-09-08,2023-09-16,False,False,sacked,fabio grosso,laurent blanc,lyon,Sacked,fabio grosso,2023-11-30,,,False,True,False,False,True,external,manual,"hired from Frosinone as new manager until June 2024 with option, not a caretaker appointment",Lyon,True,2023-08-13,2024-05-19,34.0,True,False,True,False
Lyon,Fabio Grosso,Sacked,30 November 2023,18th,Pierre Sage,30 November 2023,ligue_1,2023/24,2023–24 Ligue 1,https://en.wikipedia.org/wiki/2023%E2%80%9324_Ligue_1,wikipedia,2023-11-30,2023-11-30,False,False,sacked,pierre sage,fabio grosso,lyon,,,,fabio grosso,False,False,False,False,False,False,caretaker,manual,academy director named provisoirement/intérim while club searched for a new manager,Lyon,True,2023-08-13,2024-05-19,34.0,True,False,True,False
Marseille,Igor Tudor,Resigned,1 June 2023,Pre-season,Marcelino,23 June 2023,ligue_1,2023/24,2023–24 Ligue 1,https://en.wikipedia.org/wiki/2023%E2%80%9324_Ligue_1,wikipedia,2023-06-01,2023-06-23,False,False,exclude_preseason,marcelino,igor tudor,marseille,Resigned,marcelino,2023-09-20,,,False,True,False,False,False,caretaker,review,caretaker_flag_or_short_spell,Marseille,True,2023-08-12,2024-05-19,34.0,False,True,False,False
Marseille,Marcelino,Resigned,20 September 2023,3rd,Gennaro Gattuso,27 September 2023,ligue_1,2023/24,2023–24 Ligue 1,https://en.wikipedia.org/wiki/2023%E2%80%9324_Ligue_1,wikipedia,2023-09-20,2023-09-27,False,False,exclude_resigned,gennaro gattuso,marcelino,marseille,Sacked,gennaro gattuso,2024-02-19,marcelino,False,False,True,False,False,False,external,review,default_external_needs_review,Marseille,True,2023-08-12,2024-05-19,34.0,True,False,False,False
Marseille,Gennaro Gattuso,Sacked,19 February 2024,9th,Jean-Louis Gasset,20 February 2024,ligue_1,2023/24,2023–24 Ligue 1,https://en.wikipedia.org/wiki/2023%E2%80%9324_Ligue_1,wikipedia,2024-02-19,2024-02-20,False,False,sacked,jean louis gasset,gennaro gattuso,marseille,,,,gennaro gattuso,False,False,False,False,False,False,external,manual,"hired from outside as new first-team manager until end of season, not labelled intérim",Marseille,True,2023-08-12,2024-05-19,34.0,True,False,True,False
Monaco,Philippe Clement,Sacked,4 June 2023,Pre-season,Adi Hütter,4 July 2023,ligue_1,2023/24,2023–24 Ligue 1,https://en.wikipedia.org/wiki/2023%E2%80%9324_Ligue_1,wikipedia,2023-06-04,2023-07-04,False,False,exclude_preseason,adi h tter,philippe clement,monaco,,,,,,False,False,False,False,False,external,review,default_external_needs_review,Monaco,True,2023-08-13,2024-05-19,34.0,False,True,False,False
Nantes,Pierre Aristouy,Sacked,28 November 2023,11th,Jocelyn Gourvennec,29 November 2023,ligue_1,2023/24,2023–24 Ligue 1,https://en.wikipedia.org/wiki/2023%E2%80%9324_Ligue_1,wikipedia,2023-11-28,2023-11-29,False,False,sacked,jocelyn gourvennec,pierre aristouy,nantes,Sacked,jocelyn gourvennec,2024-03-17,,,False,True,False,True,False,external,manual,"hired from outside as new manager, not then on Nantes staff",Nantes,True,2023-08-13,2024-05-19,34.0,True,False,True,False
Nantes,Jocelyn Gourvennec,Sacked,17 March 2024,16th,Antoine Kombouaré,17 March 2024,ligue_1,2023/24,2023–24 Ligue 1,https://en.wikipedia.org/wiki/2023%E2%80%9324_Ligue_1,wikipedia,2024-03-17,2024-03-17,False,False,sacked,antoine kombouar,jocelyn gourvennec,nantes,,,,jocelyn gourvennec,False,False,False,False,True,False,external,manual,"returning former manager hired from outside, not then on staff",Nantes,True,2023-08-13,2024-05-19,34.0,True,False,True,False
Nice,Didier Digard,End of interim spell,1 July 2023,Pre-season,Francesco Farioli,1 July 2023,ligue_1,2023/24,2023–24 Ligue 1,https://en.wikipedia.org/wiki/2023%E2%80%9324_Ligue_1,wikipedia,2023-07-01,2023-07-01,False,False,exclude_preseason,francesco farioli,didier digard,nice,,,,,,False,False,False,False,False,external,review,default_external_needs_review,Nice,True,2023-08-11,2024-05-19,34.0,False,True,False,False
Paris Saint-Germain,Christophe Galtier,Sacked,5 July 2023,Pre-season,Luis Enrique,5 July 2023,ligue_1,2023/24,2023–24 Ligue 1,https://en.wikipedia.org/wiki/2023%E2%80%9324_Ligue_1,wikipedia,2023-07-05,2023-07-05,False,False,exclude_preseason,luis enrique,christophe galtier,parissaintgermain,,,,,,False,False,False,False,False,external,review,default_external_needs_review,Paris SG,True,2023-08-12,2024-05-19,34.0,False,True,False,False
Reims,Will Still,Mutual consent,2 May 2024,11th,Samba Diawara (caretaker),3 May 2024,ligue_1,2023/24,2023–24 Ligue 1,https://en.wikipedia.org/wiki/2023%E2%80%9324_Ligue_1,wikipedia,2024-05-02,2024-05-03,True,False,mutual_consent,samba diawara,will still,reims,,,,,,False,False,False,False,False,caretaker,high,caretaker_flag_or_short_spell,Reims,True,2023-08-12,2024-05-19,34.0,True,False,False,True
Rennes,Bruno Génésio,Resigned,19 November 2023,13th,Julien Stéphan,19 November 2023,ligue_1,2023/24,2023–24 Ligue 1,https://en.wikipedia.org/wiki/2023%E2%80%9324_Ligue_1,wikipedia,2023-11-19,2023-11-19,False,False,exclude_resigned,julien st phan,bruno g n sio,rennes,,,,,,False,False,False,False,False,external,review,default_external_needs_review,Rennes,True,2023-08-13,2024-05-19,34.0,True,False,False,False
Strasbourg,Frédéric Antonetti,Resigned,27 June 2023,Pre-season,Patrick Vieira,30 June 2023,ligue_1,2023/24,2023–24 Ligue 1,https://en.wikipedia.org/wiki/2023%E2%80%9324_Ligue_1,wikipedia,2023-06-27,2023-06-30,False,False,exclude_preseason,patrick vieira,fr d ric antonetti,strasbourg,,,,,,False,False,False,False,True,external,high,arrived_from_other_club_in_sample,Strasbourg,True,2023-08-13,2024-05-19,34.0,False,True,False,False
Toulouse,Philippe Montanier,Sacked,14 June 2023,Pre-season,Carles Martínez Novell,14 June 2023,ligue_1,2023/24,2023–24 Ligue 1,https://en.wikipedia.org/wiki/2023%E2%80%9324_Ligue_1,wikipedia,2023-06-14,2023-06-14,False,False,exclude_preseason,carles mart nez novell,philippe montanier,toulouse,,,,,,False,False,False,False,False,external,review,default_external_needs_review,Toulouse,True,2023-08-13,2024-05-19,34.0,False,True,False,False
Le Havre,Luka Elsner,Signed by Reims,25 June 2024,Pre-season,Didier Digard,1 July 2024,ligue_1,2024/25,2024–25 Ligue 1,https://en.wikipedia.org/wiki/2024%E2%80%9325_Ligue_1,wikipedia,2024-06-25,2024-07-01,False,False,exclude_preseason,didier digard,luka elsner,lehavre,,,,,,False,False,False,False,False,external,review,default_external_needs_review,Le Havre,True,2024-08-16,2025-05-17,34.0,False,True,False,False
Lens,Franck Haise,Signed by Nice,6 June 2024,Pre-season,Will Still,10 June 2024,ligue_1,2024/25,2024–25 Ligue 1,https://en.wikipedia.org/wiki/2024%E2%80%9325_Ligue_1,wikipedia,2024-06-06,2024-06-10,False,False,exclude_preseason,will still,franck haise,lens,,,,,,False,False,False,False,True,external,high,arrived_from_other_club_in_sample,Lens,True,2024-08-18,2025-05-17,34.0,False,True,False,False
Lille,Paulo Fonseca,Mutual consent,5 June 2024,Pre-season,Bruno Génésio,1 July 2024,ligue_1,2024/25,2024–25 Ligue 1,https://en.wikipedia.org/wiki/2024%E2%80%9325_Ligue_1,wikipedia,2024-06-05,2024-07-01,False,False,exclude_preseason,bruno g n sio,paulo fonseca,lille,,,,,,False,False,False,False,False,external,review,default_external_needs_review,Lille,True,2024-08-17,2025-05-17,34.0,False,True,False,False
Lyon,Pierre Sage,Sacked,27 January 2025,6th,Paulo Fonseca,31 January 2025,ligue_1,2024/25,2024–25 Ligue 1,https://en.wikipedia.org/wiki/2024%E2%80%9325_Ligue_1,wikipedia,2025-01-27,2025-01-31,False,False,sacked,paulo fonseca,pierre sage,lyon,Suspended,paulo fonseca,2025-03-05,,,False,True,False,False,True,external,manual,"hired from outside (ex-Milan) as new manager until 2027, not a caretaker appointment",Lyon,True,2024-08-18,2025-05-17,34.0,True,False,True,False
Lyon,Paulo Fonseca,Suspended,5 March 2025,6th,Jorge Maciel (caretaker),6 March 2025,ligue_1,2024/25,2024–25 Ligue 1,https://en.wikipedia.org/wiki/2024%E2%80%9325_Ligue_1,wikipedia,2025-03-05,2025-03-06,True,False,review,jorge maciel,paulo fonseca,lyon,,,,paulo fonseca,False,False,False,False,False,False,caretaker,high,caretaker_flag_or_short_spell,Lyon,True,2024-08-18,2025-05-17,34.0,True,False,False,False
Marseille,Jean-Louis Gasset,Retired,20 May 2024,Pre-season,Roberto De Zerbi,1 July 2024,ligue_1,2024/25,2024–25 Ligue 1,https://en.wikipedia.org/wiki/2024%E2%80%9325_Ligue_1,wikipedia,2024-05-20,2024-07-01,False,False,exclude_preseason,roberto de zerbi,jean louis gasset,marseille,,,,,,False,False,False,False,True,external,high,arrived_from_other_club_in_sample,Marseille,True,2024-08-17,2025-05-17,34.0,False,True,False,False
Montpellier,Michel Der Zakarian,Sacked,20 October 2024,18th,Jean-Louis Gasset,22 October 2024,ligue_1,2024/25,2024–25 Ligue 1,https://en.wikipedia.org/wiki/2024%E2%80%9325_Ligue_1,wikipedia,2024-10-20,2024-10-22,False,False,sacked,jean louis gasset,michel der zakarian,montpellier,Sacked,jean louis gasset,2025-04-07,,,False,True,False,False,True,external,high,arrived_from_other_club_in_sample,Montpellier,True,2024-08-18,2025-05-17,34.0,True,False,True,False
Montpellier,Jean-Louis Gasset,Sacked,7 April 2025,18th,Zoumana Camara,8 April 2025,ligue_1,2024/25,2024–25 Ligue 1,https://en.wikipedia.org/wiki/2024%E2%80%9325_Ligue_1,wikipedia,2025-04-07,2025-04-08,False,False,sacked,zoumana camara,jean louis gasset,montpellier,,,,jean louis gasset,False,False,False,False,False,False,external,manual,"hired from PSG U19 as first-team coach for remainder of season, not then at MHSC",Montpellier,True,2024-08-18,2025-05-17,34.0,True,False,True,False
Nice,Francesco Farioli,Signed by Ajax,23 May 2024,Pre-season,Franck Haise,1 July 2024,ligue_1,2024/25,2024–25 Ligue 1,https://en.wikipedia.org/wiki/2024%E2%80%9325_Ligue_1,wikipedia,2024-05-23,2024-07-01,False,False,exclude_preseason,franck haise,francesco farioli,nice,,,,,,False,False,False,False,True,external,high,arrived_from_other_club_in_sample,Nice,True,2024-08-18,2025-05-17,34.0,False,True,False,False
Reims,Samba Diawara,End of caretaker spell,19 May 2024,Pre-season,Luka Elsner,25 June 2024,ligue_1,2024/25,2024–25 Ligue 1,https://en.wikipedia.org/wiki/2024%E2%80%9325_Ligue_1,wikipedia,2024-05-19,2024-06-25,False,False,exclude_preseason,luka elsner,samba diawara,reims,Sacked,luka elsner,2025-02-03,,,False,True,False,False,True,external,high,arrived_from_other_club_in_sample,Reims,True,2024-08-17,2025-05-17,34.0,False,True,False,False
Reims,Luka Elsner,Sacked,3 February 2025,13th,Samba Diawara,3 February 2025,ligue_1,2024/25,2024–25 Ligue 1,https://en.wikipedia.org/wiki/2024%E2%80%9325_Ligue_1,wikipedia,2025-02-03,2025-02-03,False,False,sacked,samba diawara,luka elsner,reims,,,,luka elsner,False,False,False,False,False,False,caretaker,manual,assistant named to assurer l'intérim at Elsner sacking; later confirmed as not a simple intérimaire,Reims,True,2024-08-17,2025-05-17,34.0,True,False,True,False
Rennes,Julien Stéphan,Sacked,7 November 2024,13th,Jorge Sampaoli,11 November 2024,ligue_1,2024/25,2024–25 Ligue 1,https://en.wikipedia.org/wiki/2024%E2%80%9325_Ligue_1,wikipedia,2024-11-07,2024-11-11,False,False,sacked,jorge sampaoli,julien st phan,rennes,Sacked,jorge sampaoli,2025-01-30,,,False,True,False,False,False,external,manual,"hired from outside as new head coach on an 18-month contract, not a caretaker appointment",Rennes,True,2024-08-18,2025-05-17,34.0,True,False,True,False
Rennes,Jorge Sampaoli,Sacked,30 January 2025,16th,Habib Beye,30 January 2025,ligue_1,2024/25,2024–25 Ligue 1,https://en.wikipedia.org/wiki/2024%E2%80%9325_Ligue_1,wikipedia,2025-01-30,2025-01-30,False,False,sacked,habib beye,jorge sampaoli,rennes,,,,jorge sampaoli,False,False,False,False,False,False,external,manual,hired from outside (ex-Red Star) as new manager until season end with auto extension,Rennes,True,2024-08-18,2025-05-17,34.0,True,False,True,False
Saint-Étienne,Olivier Dall'Oglio,Sacked,14 December 2024,16th,Eirik Horneland,20 December 2024,ligue_1,2024/25,2024–25 Ligue 1,https://en.wikipedia.org/wiki/2024%E2%80%9325_Ligue_1,wikipedia,2024-12-14,2024-12-20,False,False,sacked,eirik horneland,olivier dall oglio,saintetienne,,,,,,False,False,False,True,False,external,manual,hired from SK Brann as new manager until 2027,St Etienne,True,2024-08-17,2025-05-17,34.0,True,False,True,False
Strasbourg,Patrick Vieira,Mutual consent,18 July 2024,Pre-season,Liam Rosenior,25 July 2024,ligue_1,2024/25,2024–25 Ligue 1,https://en.wikipedia.org/wiki/2024%E2%80%9325_Ligue_1,wikipedia,2024-07-18,2024-07-25,False,False,exclude_preseason,liam rosenior,patrick vieira,strasbourg,,,,,,False,False,False,False,False,external,review,default_external_needs_review,Strasbourg,True,2024-08-18,2025-05-17,34.0,False,True,False,False
Blackburn Rovers,Graeme Souness,Signed by Newcastle United,6 September 2004,19th,Mark Hughes,16 September 2004,premier_league,2004/05,2004–05 Premier League,https://en.wikipedia.org/wiki/2004%E2%80%9305_Premier_League,wikipedia,2004-09-06,2004-09-16,False,False,exclude_signed_by,mark hughes,graeme souness,blackburnrovers,,,,,,False,False,False,True,False,external,review,default_external_needs_review,Blackburn,True,2004-08-14,2005-04-20,33.0,True,False,False,False
Chelsea,Claudio Ranieri,Sacked,31 May 2004,Pre-season,José Mourinho,2 June 2004,premier_league,2004/05,2004–05 Premier League,https://en.wikipedia.org/wiki/2004%E2%80%9305_Premier_League,wikipedia,2004-05-31,2004-06-02,False,False,exclude_preseason,jos mourinho,claudio ranieri,chelsea,,,,,,False,False,False,False,False,external,review,default_external_needs_review,Chelsea,True,2004-08-15,2005-04-20,33.0,False,True,False,False
Liverpool,Gérard Houllier,Mutual consent,24 May 2004,Pre-season,Rafael Benítez,16 June 2004,premier_league,2004/05,2004–05 Premier League,https://en.wikipedia.org/wiki/2004%E2%80%9305_Premier_League,wikipedia,2004-05-24,2004-06-16,False,False,exclude_preseason,rafael ben tez,g rard houllier,liverpool,,,,,,False,False,False,False,False,external,review,default_external_needs_review,Liverpool,True,2004-08-14,2005-04-20,34.0,False,True,False,False
Manchester City,Kevin Keegan,Resigned,11 March 2005,12th,Stuart Pearce (caretaker),11 March 2005,premier_league,2004/05,2004–05 Premier League,https://en.wikipedia.org/wiki/2004%E2%80%9305_Premier_League,wikipedia,2005-03-11,2005-03-11,True,False,exclude_resigned,stuart pearce,kevin keegan,manchestercity,End of caretaker period,stuart pearce,2005-05-12,,,True,True,False,True,False,caretaker,high,caretaker_flag_or_short_spell,Man City,True,2004-08-14,2005-04-20,34.0,True,False,False,False
Manchester City,Stuart Pearce (caretaker),End of caretaker period,12 May 2005,8th,Stuart Pearce,12 May 2005,premier_league,2004/05,2004–05 Premier League,https://en.wikipedia.org/wiki/2004%E2%80%9305_Premier_League,wikipedia,2005-05-12,2005-05-12,False,True,exclude_end_caretaker,stuart pearce,stuart pearce,manchestercity,,,,stuart pearce,True,False,False,False,False,False,internal,high,promoted_from_prior_spell_at_club,Man City,True,2004-08-14,2005-04-20,34.0,False,False,False,False
Newcastle United,Sir Bobby Robson,Sacked,30 August 2004,17th,Graeme Souness,6 September 2004,premier_league,2004/05,2004–05 Premier League,https://en.wikipedia.org/wiki/2004%E2%80%9305_Premier_League,wikipedia,2004-08-30,2004-09-06,False,False,sacked,graeme souness,sir bobby robson,newcastleunited,,,,,,False,False,True,True,True,caretaker,high,caretaker_flag_or_short_spell,Newcastle,True,2004-08-14,2005-04-20,32.0,True,False,True,False
Portsmouth,Harry Redknapp,Resigned,24 November 2004,12th,Velimir Zajec,21 December 2004,premier_league,2004/05,2004–05 Premier League,https://en.wikipedia.org/wiki/2004%E2%80%9305_Premier_League,wikipedia,2004-11-24,2004-12-21,False,False,exclude_resigned,velimir zajec,harry redknapp,portsmouth,Returned to director of football position,velimir zajec,2005-04-07,,,False,True,True,True,False,caretaker,high,caretaker_flag_or_short_spell,Portsmouth,True,2004-08-14,2005-04-20,34.0,True,False,False,False
Portsmouth,Velimir Zajec,Returned to director of football position,7 April 2005,16th,Alain Perrin,7 April 2005,premier_league,2004/05,2004–05 Premier League,https://en.wikipedia.org/wiki/2004%E2%80%9305_Premier_League,wikipedia,2005-04-07,2005-04-07,False,False,review,alain perrin,velimir zajec,portsmouth,,,,velimir zajec,False,False,False,False,True,False,external,review,default_external_needs_review,Portsmouth,True,2004-08-14,2005-04-20,34.0,True,False,False,False
Southampton,Paul Sturrock,Mutual consent,23 August 2004,10th,Steve Wigley,23 August 2004,premier_league,2004/05,2004–05 Premier League,https://en.wikipedia.org/wiki/2004%E2%80%9305_Premier_League,wikipedia,2004-08-23,2004-08-23,False,False,mutual_consent,steve wigley,paul sturrock,southampton,Sacked,steve wigley,2004-12-08,,,False,True,False,True,False,internal,manual,"Academy director already at the club confirmed as full-time head coach the same day, not a caretaker.",Southampton,True,2004-08-14,2005-04-19,34.0,True,False,False,True
Southampton,Steve Wigley,Sacked,8 December 2004,18th,Harry Redknapp,21 December 2004,premier_league,2004/05,2004–05 Premier League,https://en.wikipedia.org/wiki/2004%E2%80%9305_Premier_League,wikipedia,2004-12-08,2004-12-21,False,False,sacked,harry redknapp,steve wigley,southampton,,,,steve wigley,False,False,False,False,True,True,external,high,arrived_from_other_club_in_sample,Southampton,True,2004-08-14,2005-04-19,34.0,True,False,True,False
Tottenham Hotspur,David Pleat (caretaker),End of caretaker spell,1 June 2004,Pre-season,Jacques Santini,3 June 2004,premier_league,2004/05,2004–05 Premier League,https://en.wikipedia.org/wiki/2004%E2%80%9305_Premier_League,wikipedia,2004-06-01,2004-06-03,False,True,exclude_preseason,jacques santini,david pleat,tottenhamhotspur,Resigned,jacques santini,2004-11-05,,,False,True,False,False,False,external,review,default_external_needs_review,Tottenham,True,2004-08-14,2005-04-20,34.0,False,True,False,False
Tottenham Hotspur,Jacques Santini,Resigned,5 November 2004,11th,Martin Jol,8 November 2004,premier_league,2004/05,2004–05 Premier League,https://en.wikipedia.org/wiki/2004%E2%80%9305_Premier_League,wikipedia,2004-11-05,2004-11-08,False,False,exclude_resigned,martin jol,jacques santini,tottenhamhotspur,,,,jacques santini,False,False,False,False,True,False,external,review,default_external_needs_review,Tottenham,True,2004-08-14,2005-04-20,34.0,True,False,False,False
West Bromwich Albion,Gary Megson,Sacked,26 October 2004,16th,Bryan Robson,9 November 2004,premier_league,2004/05,2004–05 Premier League,https://en.wikipedia.org/wiki/2004%E2%80%9305_Premier_League,wikipedia,2004-10-26,2004-11-09,False,False,sacked,bryan robson,gary megson,westbromwichalbion,,,,,,False,False,True,True,False,caretaker,high,caretaker_flag_or_short_spell,West Brom,True,2004-08-14,2005-04-20,33.0,True,False,True,False
Newcastle United,Graeme Souness,Sacked,2 February 2006,15th,Glenn Roeder (caretaker),2 February 2006,premier_league,2005/06,2005–06 Premier League,https://en.wikipedia.org/wiki/2005%E2%80%9306_Premier_League,wikipedia,2006-02-02,2006-02-02,True,False,sacked,glenn roeder,graeme souness,newcastleunited,,,,,,False,False,False,True,False,caretaker,high,caretaker_flag_or_short_spell,Newcastle,True,2005-08-14,2006-05-07,38.0,True,False,True,False
Portsmouth,Alain Perrin,Sacked,24 November 2005,17th,Harry Redknapp,2 December 2005,premier_league,2005/06,2005–06 Premier League,https://en.wikipedia.org/wiki/2005%E2%80%9306_Premier_League,wikipedia,2005-11-24,2005-12-02,False,False,sacked,harry redknapp,alain perrin,portsmouth,,,,,,False,False,True,True,False,caretaker,high,caretaker_flag_or_short_spell,Portsmouth,True,2005-08-13,2006-05-07,38.0,True,False,True,False
Sunderland,Mick McCarthy,Sacked,6 March 2006,20th,Kevin Ball (caretaker),7 March 2006,premier_league,2005/06,2005–06 Premier League,https://en.wikipedia.org/wiki/2005%E2%80%9306_Premier_League,wikipedia,2006-03-06,2006-03-07,True,False,sacked,kevin ball,mick mccarthy,sunderland,,,,,,False,False,True,True,False,caretaker,high,caretaker_flag_or_short_spell,Sunderland,True,2005-08-13,2006-05-07,38.0,True,False,True,False
Aston Villa,David O'Leary,Sacked,19 July 2006,Pre-season,Martin O'Neill,4 August 2006,premier_league,2006/07,2006–07 Premier League,https://en.wikipedia.org/wiki/2006%E2%80%9307_Premier_League,wikipedia,2006-07-19,2006-08-04,False,False,exclude_preseason,martin o neill,david o leary,astonvilla,,,,,,False,False,True,True,False,caretaker,high,caretaker_flag_or_short_spell,Aston Villa,True,2006-08-19,2007-05-13,38.0,False,True,False,False
Bolton Wanderers,Sam Allardyce,Resigned,29 April 2007,5th,Sammy Lee,30 April 2007,premier_league,2006/07,2006–07 Premier League,https://en.wikipedia.org/wiki/2006%E2%80%9307_Premier_League,wikipedia,2007-04-29,2007-04-30,False,False,exclude_resigned,sammy lee,sam allardyce,boltonwanderers,,,,,,False,False,False,True,False,external,review,default_external_needs_review,Bolton,True,2006-08-19,2007-05-13,38.0,True,False,False,False
Charlton Athletic,Alan Curbishley,End of contract,24 April 2006,Pre-season,Iain Dowie,27 May 2006,premier_league,2006/07,2006–07 Premier League,https://en.wikipedia.org/wiki/2006%E2%80%9307_Premier_League,wikipedia,2006-04-24,2006-05-27,False,False,exclude_preseason,iain dowie,alan curbishley,charltonathletic,Sacked,iain dowie,2006-11-13,,,False,True,False,False,False,external,review,default_external_needs_review,Charlton,True,2006-08-19,2007-05-13,38.0,False,True,False,False
Charlton Athletic,Iain Dowie,Sacked,13 November 2006,20th,Les Reed,13 November 2006,premier_league,2006/07,2006–07 Premier League,https://en.wikipedia.org/wiki/2006%E2%80%9307_Premier_League,wikipedia,2006-11-13,2006-11-13,False,False,sacked,les reed,iain dowie,charltonathletic,Sacked,les reed,2006-12-20,iain dowie,False,False,True,False,True,False,internal,manual,"assistant appointed head coach on a permanent basis, not labelled caretaker",Charlton,True,2006-08-19,2007-05-13,38.0,True,False,True,False
Charlton Athletic,Les Reed,Sacked,20 December 2006,19th,Alan Pardew,24 December 2006,premier_league,2006/07,2006–07 Premier League,https://en.wikipedia.org/wiki/2006%E2%80%9307_Premier_League,wikipedia,2006-12-20,2006-12-24,False,False,sacked,alan pardew,les reed,charltonathletic,,,,les reed,False,False,False,False,True,True,external,high,arrived_from_other_club_in_sample,Charlton,True,2006-08-19,2007-05-13,38.0,True,False,True,False
Fulham,Chris Coleman,Sacked,10 April 2007,15th,Lawrie Sanchez,10 April 2007,premier_league,2006/07,2006–07 Premier League,https://en.wikipedia.org/wiki/2006%E2%80%9307_Premier_League,wikipedia,2007-04-10,2007-04-10,False,False,sacked,lawrie sanchez,chris coleman,fulham,,,,,,False,False,False,True,False,caretaker,manual,Northern Ireland manager hired as caretaker for remaining five games,Fulham,True,2006-08-20,2007-05-13,38.0,True,False,True,False
Middlesbrough,Steve McClaren,Signed by England,4 May 2006,Pre-season,Gareth Southgate,7 June 2006,premier_league,2006/07,2006–07 Premier League,https://en.wikipedia.org/wiki/2006%E2%80%9307_Premier_League,wikipedia,2006-05-04,2006-06-07,False,False,exclude_preseason,gareth southgate,steve mcclaren,middlesbrough,,,,,,False,False,False,False,False,external,review,default_external_needs_review,Middlesbrough,True,2006-08-19,2007-05-13,38.0,False,True,False,False
Newcastle United,Glenn Roeder,Resigned,6 May 2007,13th,Nigel Pearson (caretaker),6 May 2007,premier_league,2006/07,2006–07 Premier League,https://en.wikipedia.org/wiki/2006%E2%80%9307_Premier_League,wikipedia,2007-05-06,2007-05-06,True,False,exclude_resigned,nigel pearson,glenn roeder,newcastleunited,,,,,,False,False,False,True,False,caretaker,high,caretaker_flag_or_short_spell,Newcastle,True,2006-08-19,2007-05-13,38.0,True,False,False,False
West Ham United,Alan Pardew,Sacked,11 December 2006,18th,Alan Curbishley,13 December 2006,premier_league,2006/07,2006–07 Premier League,https://en.wikipedia.org/wiki/2006%E2%80%9307_Premier_League,wikipedia,2006-12-11,2006-12-13,False,False,sacked,alan curbishley,alan pardew,westhamunited,,,,,,False,False,False,True,False,external,manual,"hired from outside as new manager after leaving Charlton, not then on West Ham staff",West Ham,True,2006-08-19,2007-05-13,38.0,True,False,True,False
Birmingham City,Steve Bruce,Signed by Wigan,19 November 2007,15th,Alex McLeish,28 November 2007,premier_league,2007/08,2007–08 Premier League,https://en.wikipedia.org/wiki/2007%E2%80%9308_Premier_League,wikipedia,2007-11-19,2007-11-28,False,False,exclude_signed_by,alex mcleish,steve bruce,birminghamcity,,,,,,False,False,False,True,False,external,review,default_external_needs_review,Birmingham,True,2007-08-12,2008-05-11,38.0,True,False,False,False
Bolton Wanderers,Sammy Lee,Mutual consent,17 October 2007,19th,Gary Megson,25 October 2007,premier_league,2007/08,2007–08 Premier League,https://en.wikipedia.org/wiki/2007%E2%80%9308_Premier_League,wikipedia,2007-10-17,2007-10-25,False,False,mutual_consent,gary megson,sammy lee,boltonwanderers,,,,,,False,False,False,True,False,external,manual,"Hired from Leicester City as Bolton's new manager, not from club staff.",Bolton,True,2007-08-11,2008-05-11,38.0,True,False,False,True
Chelsea,José Mourinho,Mutual consent,20 September 2007,5th,Avram Grant,20 September 2007,premier_league,2007/08,2007–08 Premier League,https://en.wikipedia.org/wiki/2007%E2%80%9308_Premier_League,wikipedia,2007-09-20,2007-09-20,False,False,mutual_consent,avram grant,jos mourinho,chelsea,,,,,,False,False,False,True,False,internal,manual,Chelsea director of football already at the club assigned the manager's role after Mourinho left.,Chelsea,True,2007-08-12,2008-05-11,38.0,True,False,False,True
Derby County,Billy Davies,Mutual consent,26 November 2007,20th,Paul Jewell,28 November 2007,premier_league,2007/08,2007–08 Premier League,https://en.wikipedia.org/wiki/2007%E2%80%9308_Premier_League,wikipedia,2007-11-26,2007-11-28,False,False,mutual_consent,paul jewell,billy davies,derbycounty,,,,,,False,False,False,True,False,external,manual,Hired from outside as Derby's new manager after Davies left.,Derby,True,2007-08-11,2008-05-11,38.0,True,False,False,True
Fulham,Lawrie Sanchez,Sacked,21 December 2007,18th,Roy Hodgson,30 December 2007,premier_league,2007/08,2007–08 Premier League,https://en.wikipedia.org/wiki/2007%E2%80%9308_Premier_League,wikipedia,2007-12-21,2007-12-30,False,False,sacked,roy hodgson,lawrie sanchez,fulham,,,,,,False,False,False,True,False,external,manual,hired from Finland job as new manager on a long-term contract,Fulham,True,2007-08-12,2008-05-11,38.0,True,False,True,False
Manchester City,Stuart Pearce,Sacked,14 May 2007,Pre-season,Sven-Göran Eriksson,6 July 2007,premier_league,2007/08,2007–08 Premier League,https://en.wikipedia.org/wiki/2007%E2%80%9308_Premier_League,wikipedia,2007-05-14,2007-07-06,False,False,exclude_preseason,sven g ran eriksson,stuart pearce,manchestercity,,,,,,False,False,False,False,False,external,review,default_external_needs_review,Man City,True,2007-08-11,2008-05-11,38.0,False,True,False,False
Newcastle United,Nigel Pearson,End of caretaker period,14 May 2007,Pre-season,Sam Allardyce,15 May 2007,premier_league,2007/08,2007–08 Premier League,https://en.wikipedia.org/wiki/2007%E2%80%9308_Premier_League,wikipedia,2007-05-14,2007-05-15,False,False,exclude_preseason,sam allardyce,nigel pearson,newcastleunited,Mutual consent,sam allardyce,2008-01-09,,,False,True,False,True,True,external,high,arrived_from_other_club_in_sample,Newcastle,True,2007-08-11,2008-05-11,38.0,False,True,False,False
Newcastle United,Sam Allardyce,Mutual consent,9 January 2008,11th,Kevin Keegan,16 January 2008,premier_league,2007/08,2007–08 Premier League,https://en.wikipedia.org/wiki/2007%E2%80%9308_Premier_League,wikipedia,2008-01-09,2008-01-16,False,False,mutual_consent,kevin keegan,sam allardyce,newcastleunited,,,,sam allardyce,False,False,False,False,True,False,external,manual,Returning former manager hired from outside; not on the staff at the vacancy.,Newcastle,True,2007-08-11,2008-05-11,38.0,True,False,False,True
Tottenham Hotspur,Martin Jol,Sacked,25 October 2007,18th,Juande Ramos,27 October 2007,premier_league,2007/08,2007–08 Premier League,https://en.wikipedia.org/wiki/2007%E2%80%9308_Premier_League,wikipedia,2007-10-25,2007-10-27,False,False,sacked,juande ramos,martin jol,tottenhamhotspur,,,,,,False,False,False,True,True,external,high,arrived_from_other_club_in_sample,Tottenham,True,2007-08-11,2008-05-11,38.0,True,False,True,False
Wigan Athletic,Paul Jewell,Resigned,14 May 2007,Pre-season,Chris Hutchings,14 May 2007,premier_league,2007/08,2007–08 Premier League,https://en.wikipedia.org/wiki/2007%E2%80%9308_Premier_League,wikipedia,2007-05-14,2007-05-14,False,False,exclude_preseason,chris hutchings,paul jewell,wiganathletic,Sacked,chris hutchings,2007-11-05,,,False,True,False,False,False,external,review,default_external_needs_review,Wigan,True,2007-08-11,2008-05-11,38.0,False,True,False,False
Wigan Athletic,Chris Hutchings,Sacked,5 November 2007,18th,Steve Bruce,26 November 2007,premier_league,2007/08,2007–08 Premier League,https://en.wikipedia.org/wiki/2007%E2%80%9308_Premier_League,wikipedia,2007-11-05,2007-11-26,False,False,sacked,steve bruce,chris hutchings,wiganathletic,,,,chris hutchings,False,False,False,True,True,True,caretaker,high,caretaker_flag_or_short_spell,Wigan,True,2007-08-11,2008-05-11,38.0,True,False,True,False
Blackburn Rovers,Mark Hughes,Signed by Manchester City,4 June 2008,,Paul Ince,22 June 2008,premier_league,2008/09,2008–09 Premier League,https://en.wikipedia.org/wiki/2008%E2%80%9309_Premier_League,wikipedia,2008-06-04,2008-06-22,False,False,exclude_signed_by,paul ince,mark hughes,blackburnrovers,Sacked,paul ince,2008-12-16,,,False,True,False,False,False,external,review,default_external_needs_review,Blackburn,True,2008-08-16,2009-05-24,38.0,False,False,False,False
Blackburn Rovers,Paul Ince,Sacked,16 December 2008,,Sam Allardyce,17 December 2008,premier_league,2008/09,2008–09 Premier League,https://en.wikipedia.org/wiki/2008%E2%80%9309_Premier_League,wikipedia,2008-12-16,2008-12-17,False,False,sacked,sam allardyce,paul ince,blackburnrovers,,,,paul ince,False,False,False,False,True,False,external,manual,hired from outside on a three-year deal after Newcastle sacking,Blackburn,True,2008-08-16,2009-05-24,38.0,True,False,True,False
Chelsea,Avram Grant,Sacked,24 May 2008,,Luiz Felipe Scolari,1 July 2008,premier_league,2008/09,2008–09 Premier League,https://en.wikipedia.org/wiki/2008%E2%80%9309_Premier_League,wikipedia,2008-05-24,2008-07-01,False,False,sacked,luiz felipe scolari,avram grant,chelsea,Sacked,luiz felipe scolari,2009-02-09,,,False,True,False,False,False,external,review,default_external_needs_review,Chelsea,True,2008-08-17,2009-05-24,38.0,False,False,False,False
Chelsea,Luiz Felipe Scolari,Sacked,9 February 2009,,Guus Hiddink,11 February 2009,premier_league,2008/09,2008–09 Premier League,https://en.wikipedia.org/wiki/2008%E2%80%9309_Premier_League,wikipedia,2009-02-09,2009-02-11,False,False,sacked,guus hiddink,luiz felipe scolari,chelsea,,,,luiz felipe scolari,False,False,False,False,True,False,caretaker,manual,outside manager hired as interim until end of season while remaining Russia coach,Chelsea,True,2008-08-17,2009-05-24,38.0,True,False,True,False
Manchester City,Sven-Göran Eriksson,Mutual consent,2 June 2008,,Mark Hughes,4 June 2008,premier_league,2008/09,2008–09 Premier League,https://en.wikipedia.org/wiki/2008%E2%80%9309_Premier_League,wikipedia,2008-06-02,2008-06-04,False,False,mutual_consent,mark hughes,sven g ran eriksson,manchestercity,,,,,,False,False,False,False,True,external,high,arrived_from_other_club_in_sample,Man City,True,2008-08-17,2009-05-24,38.0,False,False,False,False
Newcastle United,Kevin Keegan,Resigned,4 September 2008,,Joe Kinnear,26 September 2008,premier_league,2008/09,2008–09 Premier League,https://en.wikipedia.org/wiki/2008%E2%80%9309_Premier_League,wikipedia,2008-09-04,2008-09-26,False,False,exclude_resigned,joe kinnear,kevin keegan,newcastleunited,Medical break clause,joe kinnear,2009-02-16,,,False,True,True,True,False,caretaker,high,caretaker_flag_or_short_spell,Newcastle,True,2008-08-17,2009-05-24,38.0,True,False,False,False
Newcastle United,Joe Kinnear,Medical break clause,16 February 2009,,Alan Shearer,31 March 2009,premier_league,2008/09,2008–09 Premier League,https://en.wikipedia.org/wiki/2008%E2%80%9309_Premier_League,wikipedia,2009-02-16,2009-03-31,False,False,review,alan shearer,joe kinnear,newcastleunited,,,,joe kinnear,False,False,False,True,True,False,caretaker,high,caretaker_flag_or_short_spell,Newcastle,True,2008-08-17,2009-05-24,38.0,True,False,False,False
Portsmouth,Harry Redknapp,Signed by Tottenham,26 October 2008,,Tony Adams,28 October 2008,premier_league,2008/09,2008–09 Premier League,https://en.wikipedia.org/wiki/2008%E2%80%9309_Premier_League,wikipedia,2008-10-26,2008-10-28,False,False,exclude_signed_by,tony adams,harry redknapp,portsmouth,Sacked,tony adams,2009-02-09,,,False,True,True,True,False,caretaker,high,caretaker_flag_or_short_spell,Portsmouth,True,2008-08-17,2009-05-24,38.0,True,False,False,False
Portsmouth,Tony Adams,Sacked,9 February 2009,,Paul Hart,9 February 2009,premier_league,2008/09,2008–09 Premier League,https://en.wikipedia.org/wiki/2008%E2%80%9309_Premier_League,wikipedia,2009-02-09,2009-02-09,False,False,sacked,paul hart,tony adams,portsmouth,,,,tony adams,False,False,False,False,True,False,caretaker,manual,"youth director asked to take over as caretaker, initially for one game; made permanent only in July",Portsmouth,True,2008-08-17,2009-05-24,38.0,True,False,True,False
Sunderland,Roy Keane,Resigned,4 December 2008,,Ricky Sbragia,27 December 2008,premier_league,2008/09,2008–09 Premier League,https://en.wikipedia.org/wiki/2008%E2%80%9309_Premier_League,wikipedia,2008-12-04,2008-12-27,False,False,exclude_resigned,ricky sbragia,roy keane,sunderland,,,,,,False,False,False,True,False,external,review,default_external_needs_review,Sunderland,True,2008-08-16,2009-05-24,38.0,True,False,False,False
Tottenham Hotspur,Juande Ramos,Sacked,25 October 2008,,Harry Redknapp,26 October 2008,premier_league,2008/09,2008–09 Premier League,https://en.wikipedia.org/wiki/2008%E2%80%9309_Premier_League,wikipedia,2008-10-25,2008-10-26,False,False,sacked,harry redknapp,juande ramos,tottenhamhotspur,,,,,,False,False,False,True,True,external,high,arrived_from_other_club_in_sample,Tottenham,True,2008-08-16,2009-05-24,38.0,True,False,True,False
West Ham United,Alan Curbishley,Resigned,3 September 2008,,Gianfranco Zola,11 September 2008,premier_league,2008/09,2008–09 Premier League,https://en.wikipedia.org/wiki/2008%E2%80%9309_Premier_League,wikipedia,2008-09-03,2008-09-11,False,False,exclude_resigned,gianfranco zola,alan curbishley,westhamunited,,,,,,False,False,False,True,False,external,review,default_external_needs_review,West Ham,True,2008-08-16,2009-05-24,38.0,True,False,False,False
Bolton Wanderers,Gary Megson,Sacked,30 December 2009,,Owen Coyle,8 January 2010,premier_league,2009/10,2009–10 Premier League,https://en.wikipedia.org/wiki/2009%E2%80%9310_Premier_League,wikipedia,2009-12-30,2010-01-08,False,False,sacked,owen coyle,gary megson,boltonwanderers,,,,,,False,False,False,True,True,external,high,arrived_from_other_club_in_sample,Bolton,True,2009-08-15,2010-05-09,38.0,True,False,True,False
Burnley,Owen Coyle,Signed by Bolton Wanderers,8 January 2010,,Brian Laws,13 January 2010,premier_league,2009/10,2009–10 Premier League,https://en.wikipedia.org/wiki/2009%E2%80%9310_Premier_League,wikipedia,2010-01-08,2010-01-13,False,False,exclude_signed_by,brian laws,owen coyle,burnley,,,,,,False,False,False,True,False,external,review,default_external_needs_review,Burnley,True,2009-08-15,2010-05-09,38.0,True,False,False,False
Chelsea,Guus Hiddink,End of interim contract,31 May 2009,,Carlo Ancelotti,1 June 2009,premier_league,2009/10,2009–10 Premier League,https://en.wikipedia.org/wiki/2009%E2%80%9310_Premier_League,wikipedia,2009-05-31,2009-06-01,False,False,exclude_end_caretaker,carlo ancelotti,guus hiddink,chelsea,,,,,,False,False,False,False,True,external,high,arrived_from_other_club_in_sample,Chelsea,True,2009-08-15,2010-05-09,38.0,False,False,False,False
Hull City,Phil Brown,Resigned,15 March 2010,,Iain Dowie,17 March 2010,premier_league,2009/10,2009–10 Premier League,https://en.wikipedia.org/wiki/2009%E2%80%9310_Premier_League,wikipedia,2010-03-15,2010-03-17,False,False,exclude_resigned,iain dowie,phil brown,hullcity,,,,,,False,False,False,True,False,external,review,default_external_needs_review,Hull,True,2009-08-15,2010-05-09,38.0,True,False,False,False
Manchester City,Mark Hughes,Sacked,19 December 2009,,Roberto Mancini,19 December 2009,premier_league,2009/10,2009–10 Premier League,https://en.wikipedia.org/wiki/2009%E2%80%9310_Premier_League,wikipedia,2009-12-19,2009-12-19,False,False,sacked,roberto mancini,mark hughes,manchestercity,,,,,,False,False,False,True,False,external,manual,hired from outside on a 3.5-year contract as new manager,Man City,True,2009-08-15,2010-05-09,38.0,True,False,True,False
Portsmouth,Paul Hart,Sacked,24 November 2009,,Avram Grant,26 November 2009,premier_league,2009/10,2009–10 Premier League,https://en.wikipedia.org/wiki/2009%E2%80%9310_Premier_League,wikipedia,2009-11-24,2009-11-26,False,False,sacked,avram grant,paul hart,portsmouth,,,,,,False,False,False,True,False,external,manual,"hired from outside as new manager, not then on Portsmouth staff",Portsmouth,True,2009-08-15,2010-05-09,38.0,True,False,True,False
Sunderland,Ricky Sbragia,Resigned,24 May 2009,,Steve Bruce,2 June 2009,premier_league,2009/10,2009–10 Premier League,https://en.wikipedia.org/wiki/2009%E2%80%9310_Premier_League,wikipedia,2009-05-24,2009-06-02,False,False,exclude_resigned,steve bruce,ricky sbragia,sunderland,,,,,,False,False,False,False,True,external,high,arrived_from_other_club_in_sample,Sunderland,True,2009-08-15,2010-05-09,38.0,False,False,False,False
Wigan Athletic,Steve Bruce,Signed by Sunderland,2 June 2009,,Roberto Martínez,15 June 2009,premier_league,2009/10,2009–10 Premier League,https://en.wikipedia.org/wiki/2009%E2%80%9310_Premier_League,wikipedia,2009-06-02,2009-06-15,False,False,exclude_signed_by,roberto mart nez,steve bruce,wiganathletic,,,,,,False,False,False,False,False,external,review,default_external_needs_review,Wigan,True,2009-08-15,2010-05-09,38.0,False,False,False,False
Aston Villa,Martin O'Neill,Resigned,9 August 2010,,Gérard Houllier,8 September 2010,premier_league,2010/11,2010–11 Premier League,https://en.wikipedia.org/wiki/2010%E2%80%9311_Premier_League,wikipedia,2010-08-09,2010-09-08,False,False,exclude_resigned,g rard houllier,martin o neill,astonvilla,,,,,,False,False,True,True,False,caretaker,high,caretaker_flag_or_short_spell,Aston Villa,True,2010-08-14,2011-05-22,38.0,False,False,False,False
Blackburn Rovers,Sam Allardyce,Sacked,13 December 2010,,Steve Kean,22 December 2010,premier_league,2010/11,2010–11 Premier League,https://en.wikipedia.org/wiki/2010%E2%80%9311_Premier_League,wikipedia,2010-12-13,2010-12-22,False,False,sacked,steve kean,sam allardyce,blackburnrovers,,,,,,False,False,False,True,False,caretaker,manual,first-team coach named caretaker for the immediate future at Allardyce sacking,Blackburn,True,2010-08-14,2011-05-22,38.0,True,False,True,False
Fulham,Roy Hodgson,Signed by Liverpool,1 July 2010,,Mark Hughes,29 July 2010,premier_league,2010/11,2010–11 Premier League,https://en.wikipedia.org/wiki/2010%E2%80%9311_Premier_League,wikipedia,2010-07-01,2010-07-29,False,False,exclude_signed_by,mark hughes,roy hodgson,fulham,,,,,,False,False,False,False,False,external,review,default_external_needs_review,Fulham,True,2010-08-14,2011-05-22,38.0,False,False,False,False
Liverpool,Rafael Benítez,Mutual agreement,3 June 2010,,Roy Hodgson,1 July 2010,premier_league,2010/11,2010–11 Premier League,https://en.wikipedia.org/wiki/2010%E2%80%9311_Premier_League,wikipedia,2010-06-03,2010-07-01,False,False,mutual_consent,roy hodgson,rafael ben tez,liverpool,Mutual consent,roy hodgson,2011-01-08,,,False,True,False,False,True,external,high,arrived_from_other_club_in_sample,Liverpool,True,2010-08-15,2011-05-22,38.0,False,False,False,False
Liverpool,Roy Hodgson,Mutual consent,8 January 2011,,Kenny Dalglish,8 January 2011,premier_league,2010/11,2010–11 Premier League,https://en.wikipedia.org/wiki/2010%E2%80%9311_Premier_League,wikipedia,2011-01-08,2011-01-08,False,False,mutual_consent,kenny dalglish,roy hodgson,liverpool,,,,roy hodgson,False,False,False,False,True,False,caretaker,manual,Club placed ambassador Dalglish in charge until the end of the season after Hodgson left.,Liverpool,True,2010-08-15,2011-05-22,38.0,True,False,False,True
Newcastle United,Chris Hughton,Sacked,6 December 2010,,Alan Pardew,9 December 2010,premier_league,2010/11,2010–11 Premier League,https://en.wikipedia.org/wiki/2010%E2%80%9311_Premier_League,wikipedia,2010-12-06,2010-12-09,False,False,sacked,alan pardew,chris hughton,newcastleunited,,,,,,False,False,False,True,False,external,manual,"hired from Southampton as new Newcastle manager, not then on staff",Newcastle,True,2010-08-16,2011-05-22,38.0,True,False,True,False
West Bromwich Albion,Roberto Di Matteo,Sacked,6 February 2011,,Roy Hodgson,11 February 2011,premier_league,2010/11,2010–11 Premier League,https://en.wikipedia.org/wiki/2010%E2%80%9311_Premier_League,wikipedia,2011-02-06,2011-02-11,False,False,sacked,roy hodgson,roberto di matteo,westbromwichalbion,,,,,,False,False,False,True,True,external,high,arrived_from_other_club_in_sample,West Brom,True,2010-08-14,2011-05-22,38.0,True,False,True,False
West Ham United,Gianfranco Zola,Sacked,11 May 2010,,Avram Grant,3 June 2010,premier_league,2010/11,2010–11 Premier League,https://en.wikipedia.org/wiki/2010%E2%80%9311_Premier_League,wikipedia,2010-05-11,2010-06-03,False,False,sacked,avram grant,gianfranco zola,westhamunited,Sacked,avram grant,2011-05-15,,,False,True,False,False,False,external,review,default_external_needs_review,West Ham,True,2010-08-14,2011-05-22,38.0,False,False,False,False
West Ham United,Avram Grant,Sacked,15 May 2011,,Kevin Keen (caretaker),15 May 2011,premier_league,2010/11,2010–11 Premier League,https://en.wikipedia.org/wiki/2010%E2%80%9311_Premier_League,wikipedia,2011-05-15,2011-05-15,True,False,sacked,kevin keen,avram grant,westhamunited,,,,avram grant,False,False,False,True,True,False,caretaker,high,caretaker_flag_or_short_spell,West Ham,True,2010-08-14,2011-05-22,38.0,True,False,True,False
Aston Villa,Gérard Houllier,Resigned on grounds of ill health,1 June 2011,Pre-season,Alex McLeish,17 June 2011,premier_league,2011/12,2011–12 Premier League,https://en.wikipedia.org/wiki/2011%E2%80%9312_Premier_League,wikipedia,2011-06-01,2011-06-17,False,False,exclude_preseason,alex mcleish,g rard houllier,astonvilla,,,,,,False,False,False,False,False,external,review,default_external_needs_review,Aston Villa,True,2011-08-13,2012-05-13,38.0,False,True,False,False
Chelsea,Carlo Ancelotti,Sacked,22 May 2011,Pre-season,André Villas-Boas,22 June 2011,premier_league,2011/12,2011–12 Premier League,https://en.wikipedia.org/wiki/2011%E2%80%9312_Premier_League,wikipedia,2011-05-22,2011-06-22,False,False,exclude_preseason,andr villas boas,carlo ancelotti,chelsea,Sacked,andr villas boas,2012-03-04,,,False,True,False,False,False,external,review,default_external_needs_review,Chelsea,True,2011-08-14,2012-05-13,38.0,False,True,False,False
Chelsea,André Villas-Boas,Sacked,4 March 2012,5th,Roberto Di Matteo,4 March 2012,premier_league,2011/12,2011–12 Premier League,https://en.wikipedia.org/wiki/2011%E2%80%9312_Premier_League,wikipedia,2012-03-04,2012-03-04,False,False,sacked,roberto di matteo,andr villas boas,chelsea,,,,andr villas boas,False,False,False,True,True,False,caretaker,high,caretaker_flag_or_short_spell,Chelsea,True,2011-08-14,2012-05-13,38.0,True,False,True,False
Fulham,Mark Hughes,Resigned,2 June 2011,Pre-season,Martin Jol,7 June 2011,premier_league,2011/12,2011–12 Premier League,https://en.wikipedia.org/wiki/2011%E2%80%9312_Premier_League,wikipedia,2011-06-02,2011-06-07,False,False,exclude_preseason,martin jol,mark hughes,fulham,,,,,,False,False,False,False,False,external,review,default_external_needs_review,Fulham,True,2011-08-13,2012-05-13,38.0,False,True,False,False
Queens Park Rangers,Neil Warnock,Sacked,8 January 2012,17th,Mark Hughes,10 January 2012,premier_league,2011/12,2011–12 Premier League,https://en.wikipedia.org/wiki/2011%E2%80%9312_Premier_League,wikipedia,2012-01-08,2012-01-10,False,False,sacked,mark hughes,neil warnock,queensparkrangers,,,,,,False,False,False,True,False,external,manual,"hired from outside as new QPR manager, not then on staff",QPR,True,2011-08-13,2012-05-13,38.0,True,False,True,False
Sunderland,Steve Bruce,Sacked,30 November 2011,16th,Martin O'Neill,3 December 2011,premier_league,2011/12,2011–12 Premier League,https://en.wikipedia.org/wiki/2011%E2%80%9312_Premier_League,wikipedia,2011-11-30,2011-12-03,False,False,sacked,martin o neill,steve bruce,sunderland,,,,,,False,False,False,True,False,external,manual,hired from outside as new Sunderland manager,Sunderland,True,2011-08-13,2012-05-13,38.0,True,False,True,False
Wolverhampton Wanderers,Mick McCarthy,Sacked,13 February 2012,18th,Terry Connor,24 February 2012,premier_league,2011/12,2011–12 Premier League,https://en.wikipedia.org/wiki/2011%E2%80%9312_Premier_League,wikipedia,2012-02-13,2012-02-24,False,False,sacked,terry connor,mick mccarthy,wolverhamptonwanderers,,,,,,False,False,True,True,False,caretaker,high,caretaker_flag_or_short_spell,Wolves,True,2011-08-13,2012-05-13,38.0,True,False,True,False
Aston Villa,Alex McLeish,Sacked,14 May 2012,Pre-season,Paul Lambert,2 June 2012,premier_league,2012/13,2012–13 Premier League,https://en.wikipedia.org/wiki/2012%E2%80%9313_Premier_League,wikipedia,2012-05-14,2012-06-02,False,False,exclude_preseason,paul lambert,alex mcleish,astonvilla,,,,,,False,False,False,False,True,external,high,arrived_from_other_club_in_sample,Aston Villa,True,2012-08-18,2013-05-19,38.0,False,True,False,False
Chelsea,Roberto Di Matteo,Sacked,21 November 2012,3rd,Rafael Benítez,21 November 2012,premier_league,2012/13,2012–13 Premier League,https://en.wikipedia.org/wiki/2012%E2%80%9313_Premier_League,wikipedia,2012-11-21,2012-11-21,False,False,sacked,rafael ben tez,roberto di matteo,chelsea,,,,,,False,False,False,True,False,caretaker,manual,club labelled him interim manager until end of season,Chelsea,True,2012-08-19,2013-05-19,38.0,True,False,True,False
Liverpool,Kenny Dalglish,Sacked,16 May 2012,Pre-season,Brendan Rodgers,1 June 2012,premier_league,2012/13,2012–13 Premier League,https://en.wikipedia.org/wiki/2012%E2%80%9313_Premier_League,wikipedia,2012-05-16,2012-06-01,False,False,exclude_preseason,brendan rodgers,kenny dalglish,liverpool,,,,,,False,False,False,False,True,external,high,arrived_from_other_club_in_sample,Liverpool,True,2012-08-18,2013-05-19,38.0,False,True,False,False
Manchester City,Roberto Mancini,Sacked,13 May 2013,2nd,Brian Kidd (caretaker),13 May 2013,premier_league,2012/13,2012–13 Premier League,https://en.wikipedia.org/wiki/2012%E2%80%9313_Premier_League,wikipedia,2013-05-13,2013-05-13,True,False,sacked,brian kidd,roberto mancini,manchestercity,,,,,,False,False,False,True,False,caretaker,high,caretaker_flag_or_short_spell,Man City,True,2012-08-19,2013-05-19,38.0,True,False,True,False
Norwich City,Paul Lambert,Signed by Aston Villa,2 June 2012,Pre-season,Chris Hughton,7 June 2012,premier_league,2012/13,2012–13 Premier League,https://en.wikipedia.org/wiki/2012%E2%80%9313_Premier_League,wikipedia,2012-06-02,2012-06-07,False,False,exclude_preseason,chris hughton,paul lambert,norwichcity,,,,,,False,False,False,False,False,external,review,default_external_needs_review,Norwich,True,2012-08-18,2013-05-19,38.0,False,True,False,False
Queens Park Rangers,Mark Hughes,Sacked,23 November 2012,20th,Harry Redknapp,24 November 2012,premier_league,2012/13,2012–13 Premier League,https://en.wikipedia.org/wiki/2012%E2%80%9313_Premier_League,wikipedia,2012-11-23,2012-11-24,False,False,sacked,harry redknapp,mark hughes,queensparkrangers,,,,,,False,False,False,True,True,external,high,arrived_from_other_club_in_sample,QPR,True,2012-08-18,2013-05-19,38.0,True,False,True,False
Reading,Brian McDermott,Sacked,11 March 2013,19th,Nigel Adkins,26 March 2013,premier_league,2012/13,2012–13 Premier League,https://en.wikipedia.org/wiki/2012%E2%80%9313_Premier_League,wikipedia,2013-03-11,2013-03-26,False,False,sacked,nigel adkins,brian mcdermott,reading,,,,,,False,False,True,True,True,caretaker,high,caretaker_flag_or_short_spell,Reading,True,2012-08-18,2013-05-19,38.0,True,False,True,False
Southampton,Nigel Adkins,Sacked,18 January 2013,15th,Mauricio Pochettino,18 January 2013,premier_league,2012/13,2012–13 Premier League,https://en.wikipedia.org/wiki/2012%E2%80%9313_Premier_League,wikipedia,2013-01-18,2013-01-18,False,False,sacked,mauricio pochettino,nigel adkins,southampton,,,,,,False,False,False,True,True,external,high,arrived_from_other_club_in_sample,Southampton,True,2012-08-19,2013-05-19,38.0,True,False,True,False
Sunderland,Martin O'Neill,Sacked,30 March 2013,16th,Paolo Di Canio,31 March 2013,premier_league,2012/13,2012–13 Premier League,https://en.wikipedia.org/wiki/2012%E2%80%9313_Premier_League,wikipedia,2013-03-30,2013-03-31,False,False,sacked,paolo di canio,martin o neill,sunderland,,,,,,False,False,False,True,False,external,manual,hired from Swindon as new Sunderland manager,Sunderland,True,2012-08-18,2013-05-19,38.0,True,False,True,False
Swansea City,Brendan Rodgers,Signed by Liverpool,1 June 2012,Pre-season,Michael Laudrup,15 June 2012,premier_league,2012/13,2012–13 Premier League,https://en.wikipedia.org/wiki/2012%E2%80%9313_Premier_League,wikipedia,2012-06-01,2012-06-15,False,False,exclude_preseason,michael laudrup,brendan rodgers,swanseacity,,,,,,False,False,False,False,False,external,review,default_external_needs_review,Swansea,True,2012-08-18,2013-05-19,38.0,False,True,False,False
Tottenham Hotspur,Harry Redknapp,Sacked,13 June 2012,Pre-season,André Villas-Boas,3 July 2012,premier_league,2012/13,2012–13 Premier League,https://en.wikipedia.org/wiki/2012%E2%80%9313_Premier_League,wikipedia,2012-06-13,2012-07-03,False,False,exclude_preseason,andr villas boas,harry redknapp,tottenhamhotspur,,,,,,False,False,False,False,True,external,high,arrived_from_other_club_in_sample,Tottenham,True,2012-08-18,2013-05-19,38.0,False,True,False,False
West Bromwich Albion,Roy Hodgson,Signed by England,13 May 2012,Pre-season,Steve Clarke,8 June 2012,premier_league,2012/13,2012–13 Premier League,https://en.wikipedia.org/wiki/2012%E2%80%9313_Premier_League,wikipedia,2012-05-13,2012-06-08,False,False,exclude_preseason,steve clarke,roy hodgson,westbromwichalbion,,,,,,False,False,False,False,False,external,review,default_external_needs_review,West Brom,True,2012-08-18,2013-05-19,38.0,False,True,False,False
Cardiff City,Malky Mackay,Sacked,27 December 2013,16th,Ole Gunnar Solskjær,2 January 2014,premier_league,2013/14,2013–14 Premier League,https://en.wikipedia.org/wiki/2013%E2%80%9314_Premier_League,wikipedia,2013-12-27,2014-01-02,False,False,sacked,ole gunnar solskj r,malky mackay,cardiffcity,,,,,,False,False,False,True,False,external,manual,hired from Molde as new Cardiff manager,Cardiff,True,2013-08-17,2014-05-11,38.0,True,False,True,False
Chelsea,Rafael Benítez,End of contract,27 May 2013,Pre-season,José Mourinho,3 June 2013,premier_league,2013/14,2013–14 Premier League,https://en.wikipedia.org/wiki/2013%E2%80%9314_Premier_League,wikipedia,2013-05-27,2013-06-03,False,False,exclude_preseason,jos mourinho,rafael ben tez,chelsea,,,,,,False,False,False,False,True,external,high,arrived_from_other_club_in_sample,Chelsea,True,2013-08-18,2014-05-11,38.0,False,True,False,False
Crystal Palace,Ian Holloway,Mutual consent,23 October 2013,19th,Tony Pulis,23 November 2013,premier_league,2013/14,2013–14 Premier League,https://en.wikipedia.org/wiki/2013%E2%80%9314_Premier_League,wikipedia,2013-10-23,2013-11-23,False,False,mutual_consent,tony pulis,ian holloway,crystalpalace,,,,,,False,False,True,True,False,caretaker,high,caretaker_flag_or_short_spell,Crystal Palace,True,2013-08-18,2014-05-11,38.0,True,False,False,True
Everton,David Moyes,End of contract,19 May 2013,Pre-season,Roberto Martínez,5 June 2013,premier_league,2013/14,2013–14 Premier League,https://en.wikipedia.org/wiki/2013%E2%80%9314_Premier_League,wikipedia,2013-05-19,2013-06-05,False,False,exclude_preseason,roberto mart nez,david moyes,everton,,,,,,False,False,False,False,False,external,review,default_external_needs_review,Everton,True,2013-08-17,2014-05-11,38.0,False,True,False,False
Fulham,Martin Jol,Sacked,1 December 2013,18th,René Meulensteen,1 December 2013,premier_league,2013/14,2013–14 Premier League,https://en.wikipedia.org/wiki/2013%E2%80%9314_Premier_League,wikipedia,2013-12-01,2013-12-01,False,False,sacked,ren meulensteen,martin jol,fulham,Sacked,ren meulensteen,2014-02-14,,,False,True,False,True,False,internal,manual,"already Fulham head coach, appointed to run first team as manager, not labelled caretaker",Fulham,True,2013-08-17,2014-05-11,38.0,True,False,True,False
Fulham,René Meulensteen,Sacked,14 February 2014,20th,Felix Magath,14 February 2014,premier_league,2013/14,2013–14 Premier League,https://en.wikipedia.org/wiki/2013%E2%80%9314_Premier_League,wikipedia,2014-02-14,2014-02-14,False,False,sacked,felix magath,ren meulensteen,fulham,,,,ren meulensteen,False,False,False,False,True,False,external,manual,hired from outside on an 18-month contract as new manager,Fulham,True,2013-08-17,2014-05-11,38.0,True,False,True,False
Manchester City,Brian Kidd (caretaker),End of caretaker spell,19 May 2013,Pre-season,Manuel Pellegrini,14 June 2013,premier_league,2013/14,2013–14 Premier League,https://en.wikipedia.org/wiki/2013%E2%80%9314_Premier_League,wikipedia,2013-05-19,2013-06-14,False,True,exclude_preseason,manuel pellegrini,brian kidd,manchestercity,,,,,,False,False,False,False,True,external,high,arrived_from_other_club_in_sample,Man City,True,2013-08-19,2014-05-11,38.0,False,True,False,False
Manchester United,Alex Ferguson,Retired,1 July 2013,Pre-season,David Moyes,1 July 2013,premier_league,2013/14,2013–14 Premier League,https://en.wikipedia.org/wiki/2013%E2%80%9314_Premier_League,wikipedia,2013-07-01,2013-07-01,False,False,exclude_preseason,david moyes,alex ferguson,manchesterunited,Sacked,david moyes,2014-04-22,,,False,True,False,False,True,external,high,arrived_from_other_club_in_sample,Man United,True,2013-08-17,2014-05-11,38.0,False,True,False,False
Manchester United,David Moyes,Sacked,22 April 2014,7th,Ryan Giggs (interim player-manager),22 April 2014,premier_league,2013/14,2013–14 Premier League,https://en.wikipedia.org/wiki/2013%E2%80%9314_Premier_League,wikipedia,2014-04-22,2014-04-22,True,False,sacked,ryan giggs,david moyes,manchesterunited,End of caretaker spell,ryan giggs,2014-05-19,david moyes,False,True,True,False,True,False,caretaker,high,caretaker_flag_or_short_spell,Man United,True,2013-08-17,2014-05-11,38.0,True,False,True,False
Manchester United,Ryan Giggs,End of caretaker spell,19 May 2014,7th,Louis van Gaal,19 May 2014,premier_league,2013/14,2013–14 Premier League,https://en.wikipedia.org/wiki/2013%E2%80%9314_Premier_League,wikipedia,2014-05-19,2014-05-19,False,False,exclude_end_caretaker,louis van gaal,ryan giggs,manchesterunited,,,,ryan giggs,True,False,False,False,False,False,external,review,default_external_needs_review,Man United,True,2013-08-17,2014-05-11,38.0,False,False,False,False
Norwich City,Chris Hughton,Sacked,6 April 2014,17th,Neil Adams,6 April 2014,premier_league,2013/14,2013–14 Premier League,https://en.wikipedia.org/wiki/2013%E2%80%9314_Premier_League,wikipedia,2014-04-06,2014-04-06,False,False,sacked,neil adams,chris hughton,norwichcity,,,,,,False,False,False,True,False,internal,manual,"U18 coach promoted and appointed first-team manager, not labelled caretaker",Norwich,True,2013-08-17,2014-05-11,38.0,True,False,True,False
Stoke City,Tony Pulis,Mutual consent,21 May 2013,Pre-season,Mark Hughes,30 May 2013,premier_league,2013/14,2013–14 Premier League,https://en.wikipedia.org/wiki/2013%E2%80%9314_Premier_League,wikipedia,2013-05-21,2013-05-30,False,False,exclude_preseason,mark hughes,tony pulis,stokecity,,,,,,False,False,False,False,False,external,review,default_external_needs_review,Stoke,True,2013-08-17,2014-05-11,38.0,False,True,False,False
Sunderland,Paolo Di Canio,Sacked,22 September 2013,20th,Gus Poyet,8 October 2013,premier_league,2013/14,2013–14 Premier League,https://en.wikipedia.org/wiki/2013%E2%80%9314_Premier_League,wikipedia,2013-09-22,2013-10-08,False,False,sacked,gus poyet,paolo di canio,sunderland,,,,,,False,False,True,True,False,caretaker,high,caretaker_flag_or_short_spell,Sunderland,True,2013-08-17,2014-05-11,38.0,True,False,True,False
Swansea City,Michael Laudrup,Sacked,4 February 2014,12th,Garry Monk,4 February 2014,premier_league,2013/14,2013–14 Premier League,https://en.wikipedia.org/wiki/2013%E2%80%9314_Premier_League,wikipedia,2014-02-04,2014-02-04,False,False,sacked,garry monk,michael laudrup,swanseacity,,,,,,False,False,False,True,False,caretaker,manual,club captain put in charge as caretaker after Laudrup sacking,Swansea,True,2013-08-17,2014-05-11,38.0,True,False,True,False
Tottenham Hotspur,André Villas-Boas,Mutual consent,16 December 2013,7th,Tim Sherwood,16 December 2013,premier_league,2013/14,2013–14 Premier League,https://en.wikipedia.org/wiki/2013%E2%80%9314_Premier_League,wikipedia,2013-12-16,2013-12-16,False,False,mutual_consent,tim sherwood,andr villas boas,tottenhamhotspur,,,,,,False,False,False,True,False,caretaker,manual,Technical coordinator named head coach initially on a caretaker basis; given until season end a week later.,Tottenham,True,2013-08-18,2014-05-11,38.0,True,False,False,True
West Bromwich Albion,Steve Clarke,Sacked,14 December 2013,16th,Pepe Mel,9 January 2014,premier_league,2013/14,2013–14 Premier League,https://en.wikipedia.org/wiki/2013%E2%80%9314_Premier_League,wikipedia,2013-12-14,2014-01-09,False,False,sacked,pepe mel,steve clarke,westbromwichalbion,,,,,,False,False,True,True,True,caretaker,high,caretaker_flag_or_short_spell,West Brom,True,2013-08-17,2014-05-11,38.0,True,False,True,False
Aston Villa,Paul Lambert,Sacked,11 February 2015,18th,Tim Sherwood,14 February 2015,premier_league,2014/15,2014–15 Premier League,https://en.wikipedia.org/wiki/2014%E2%80%9315_Premier_League,wikipedia,2015-02-11,2015-02-14,False,False,sacked,tim sherwood,paul lambert,astonvilla,,,,,,False,False,False,True,False,external,manual,"hired from outside as new Villa manager, not then on staff",Aston Villa,True,2014-08-16,2015-05-24,38.0,True,False,True,False
Crystal Palace,Tony Pulis,Mutual consent,14 August 2014,Pre-season,Neil Warnock,27 August 2014,premier_league,2014/15,2014–15 Premier League,https://en.wikipedia.org/wiki/2014%E2%80%9315_Premier_League,wikipedia,2014-08-14,2014-08-27,False,False,exclude_preseason,neil warnock,tony pulis,crystalpalace,Sacked,neil warnock,2014-12-27,,,False,True,True,True,False,caretaker,high,caretaker_flag_or_short_spell,Crystal Palace,True,2014-08-16,2015-05-24,38.0,False,True,False,False
Crystal Palace,Neil Warnock,Sacked,27 December 2014,18th,Alan Pardew,2 January 2015,premier_league,2014/15,2014–15 Premier League,https://en.wikipedia.org/wiki/2014%E2%80%9315_Premier_League,wikipedia,2014-12-27,2015-01-02,False,False,sacked,alan pardew,neil warnock,crystalpalace,,,,neil warnock,False,False,False,False,True,True,external,high,arrived_from_other_club_in_sample,Crystal Palace,True,2014-08-16,2015-05-24,38.0,True,False,True,False
Newcastle United,Alan Pardew,Signed by Crystal Palace,2 January 2015,10th,John Carver,26 January 2015,premier_league,2014/15,2014–15 Premier League,https://en.wikipedia.org/wiki/2014%E2%80%9315_Premier_League,wikipedia,2015-01-02,2015-01-26,False,False,exclude_signed_by,john carver,alan pardew,newcastleunited,,,,,,False,False,False,True,False,external,review,default_external_needs_review,Newcastle,True,2014-08-17,2015-05-24,38.0,True,False,False,False
Queens Park Rangers,Harry Redknapp,Resigned,3 February 2015,19th,Chris Ramsey,12 February 2015,premier_league,2014/15,2014–15 Premier League,https://en.wikipedia.org/wiki/2014%E2%80%9315_Premier_League,wikipedia,2015-02-03,2015-02-12,False,False,exclude_resigned,chris ramsey,harry redknapp,queensparkrangers,,,,,,False,False,True,True,False,caretaker,high,caretaker_flag_or_short_spell,QPR,True,2014-08-16,2015-05-24,38.0,True,False,False,False
Southampton,Mauricio Pochettino,Signed by Tottenham,27 May 2014,Pre-season,Ronald Koeman,16 June 2014,premier_league,2014/15,2014–15 Premier League,https://en.wikipedia.org/wiki/2014%E2%80%9315_Premier_League,wikipedia,2014-05-27,2014-06-16,False,False,exclude_preseason,ronald koeman,mauricio pochettino,southampton,,,,,,False,False,False,False,False,external,review,default_external_needs_review,Southampton,True,2014-08-17,2015-05-24,38.0,False,True,False,False
Sunderland,Gus Poyet,Sacked,16 March 2015,17th,Dick Advocaat,17 March 2015,premier_league,2014/15,2014–15 Premier League,https://en.wikipedia.org/wiki/2014%E2%80%9315_Premier_League,wikipedia,2015-03-16,2015-03-17,False,False,sacked,dick advocaat,gus poyet,sunderland,,,,,,False,False,False,True,False,external,manual,"hired from outside as new manager until end of season, not labelled caretaker",Sunderland,True,2014-08-16,2015-05-24,38.0,True,False,True,False
Tottenham Hotspur,Tim Sherwood,Sacked,13 May 2014,Pre-season,Mauricio Pochettino,27 May 2014,premier_league,2014/15,2014–15 Premier League,https://en.wikipedia.org/wiki/2014%E2%80%9315_Premier_League,wikipedia,2014-05-13,2014-05-27,False,False,exclude_preseason,mauricio pochettino,tim sherwood,tottenhamhotspur,,,,,,False,False,False,False,True,external,high,arrived_from_other_club_in_sample,Tottenham,True,2014-08-16,2015-05-24,38.0,False,True,False,False
West Bromwich Albion,Pepe Mel,Mutual consent,12 May 2014,Pre-season,Alan Irvine,14 June 2014,premier_league,2014/15,2014–15 Premier League,https://en.wikipedia.org/wiki/2014%E2%80%9315_Premier_League,wikipedia,2014-05-12,2014-06-14,False,False,exclude_preseason,alan irvine,pepe mel,westbromwichalbion,Sacked,alan irvine,2014-12-29,,,False,True,False,False,False,external,review,default_external_needs_review,West Brom,True,2014-08-16,2015-05-24,38.0,False,True,False,False
West Bromwich Albion,Alan Irvine,Sacked,29 December 2014,16th,Tony Pulis,1 January 2015,premier_league,2014/15,2014–15 Premier League,https://en.wikipedia.org/wiki/2014%E2%80%9315_Premier_League,wikipedia,2014-12-29,2015-01-01,False,False,sacked,tony pulis,alan irvine,westbromwichalbion,,,,alan irvine,False,False,False,False,True,True,external,high,arrived_from_other_club_in_sample,West Brom,True,2014-08-16,2015-05-24,38.0,True,False,True,False
Aston Villa,Tim Sherwood,Sacked,25 October 2015,19th,Rémi Garde,2 November 2015,premier_league,2015/16,2015–16 Premier League,https://en.wikipedia.org/wiki/2015%E2%80%9316_Premier_League,wikipedia,2015-10-25,2015-11-02,False,False,sacked,r mi garde,tim sherwood,astonvilla,Mutual consent,r mi garde,2016-03-29,,,False,True,False,True,False,external,manual,hired from outside as new Villa manager,Aston Villa,True,2015-08-08,2016-05-15,38.0,True,False,True,False
Aston Villa,Rémi Garde,Mutual consent,29 March 2016,20th,Eric Black,29 March 2016,premier_league,2015/16,2015–16 Premier League,https://en.wikipedia.org/wiki/2015%E2%80%9316_Premier_League,wikipedia,2016-03-29,2016-03-29,False,False,mutual_consent,eric black,r mi garde,astonvilla,,,,r mi garde,False,False,False,True,True,False,caretaker,high,caretaker_flag_or_short_spell,Aston Villa,True,2015-08-08,2016-05-15,38.0,True,False,False,True
Chelsea,José Mourinho,Sacked,17 December 2015,16th,Guus Hiddink,19 December 2015,premier_league,2015/16,2015–16 Premier League,https://en.wikipedia.org/wiki/2015%E2%80%9316_Premier_League,wikipedia,2015-12-17,2015-12-19,False,False,sacked,guus hiddink,jos mourinho,chelsea,,,,,,False,False,True,True,False,caretaker,high,caretaker_flag_or_short_spell,Chelsea,True,2015-08-08,2016-05-15,38.0,True,False,True,False
Everton,Roberto Martínez,Sacked,12 May 2016,12th,David Unsworth Joe Royle (caretakers),12 May 2016,premier_league,2015/16,2015–16 Premier League,https://en.wikipedia.org/wiki/2015%E2%80%9316_Premier_League,wikipedia,2016-05-12,2016-05-12,False,False,sacked,david unsworth joe royle caretakers,roberto mart nez,everton,,,,,,False,False,True,True,False,caretaker,high,caretaker_flag_or_short_spell,Everton,True,2015-08-08,2016-05-15,38.0,True,False,True,False
Leicester City,Nigel Pearson,Sacked,30 June 2015,Pre-season,Claudio Ranieri,13 July 2015,premier_league,2015/16,2015–16 Premier League,https://en.wikipedia.org/wiki/2015%E2%80%9316_Premier_League,wikipedia,2015-06-30,2015-07-13,False,False,exclude_preseason,claudio ranieri,nigel pearson,leicestercity,,,,,,False,False,False,False,False,external,review,default_external_needs_review,Leicester,True,2015-08-08,2016-05-15,38.0,False,True,False,False
Liverpool,Brendan Rodgers,Sacked,4 October 2015,10th,Jürgen Klopp,8 October 2015,premier_league,2015/16,2015–16 Premier League,https://en.wikipedia.org/wiki/2015%E2%80%9316_Premier_League,wikipedia,2015-10-04,2015-10-08,False,False,sacked,j rgen klopp,brendan rodgers,liverpool,,,,,,False,False,False,True,True,external,high,arrived_from_other_club_in_sample,Liverpool,True,2015-08-09,2016-05-15,38.0,True,False,True,False
Newcastle United,John Carver,Sacked,9 June 2015,Pre-season,Steve McClaren,10 June 2015,premier_league,2015/16,2015–16 Premier League,https://en.wikipedia.org/wiki/2015%E2%80%9316_Premier_League,wikipedia,2015-06-09,2015-06-10,False,False,exclude_preseason,steve mcclaren,john carver,newcastleunited,Sacked,steve mcclaren,2016-03-11,,,False,True,False,False,False,external,review,default_external_needs_review,Newcastle,True,2015-08-09,2016-05-15,38.0,False,True,False,False
Newcastle United,Steve McClaren,Sacked,11 March 2016,19th,Rafael Benítez,11 March 2016,premier_league,2015/16,2015–16 Premier League,https://en.wikipedia.org/wiki/2015%E2%80%9316_Premier_League,wikipedia,2016-03-11,2016-03-11,False,False,sacked,rafael ben tez,steve mcclaren,newcastleunited,,,,steve mcclaren,False,False,False,False,True,True,external,high,arrived_from_other_club_in_sample,Newcastle,True,2015-08-09,2016-05-15,38.0,True,False,True,False
Sunderland,Dick Advocaat,Resigned,4 October 2015,19th,Sam Allardyce,9 October 2015,premier_league,2015/16,2015–16 Premier League,https://en.wikipedia.org/wiki/2015%E2%80%9316_Premier_League,wikipedia,2015-10-04,2015-10-09,False,False,exclude_resigned,sam allardyce,dick advocaat,sunderland,,,,,,False,False,False,True,True,external,high,arrived_from_other_club_in_sample,Sunderland,True,2015-08-08,2016-05-15,38.0,True,False,False,False
Swansea City,Garry Monk,Sacked,9 December 2015,15th,Alan Curtis,7 January 2016,premier_league,2015/16,2015–16 Premier League,https://en.wikipedia.org/wiki/2015%E2%80%9316_Premier_League,wikipedia,2015-12-09,2016-01-07,False,False,sacked,alan curtis,garry monk,swanseacity,End of caretaker spell,alan curtis,2016-01-18,,,True,True,True,True,False,caretaker,high,caretaker_flag_or_short_spell,Swansea,True,2015-08-08,2016-05-15,38.0,True,False,True,False
Swansea City,Alan Curtis,End of caretaker spell,18 January 2016,18th,Francesco Guidolin,18 January 2016,premier_league,2015/16,2015–16 Premier League,https://en.wikipedia.org/wiki/2015%E2%80%9316_Premier_League,wikipedia,2016-01-18,2016-01-18,False,False,exclude_end_caretaker,francesco guidolin,alan curtis,swanseacity,,,,alan curtis,False,False,False,False,True,False,external,review,default_external_needs_review,Swansea,True,2015-08-08,2016-05-15,38.0,True,False,False,False
Watford,Slaviša Jokanović,End of contract,5 June 2015,Pre-season,Quique Sánchez Flores,5 June 2015,premier_league,2015/16,2015–16 Premier League,https://en.wikipedia.org/wiki/2015%E2%80%9316_Premier_League,wikipedia,2015-06-05,2015-06-05,False,False,exclude_preseason,quique s nchez flores,slavi a jokanovi,watford,,,,,,False,False,False,False,True,external,high,arrived_from_other_club_in_sample,Watford,True,2015-08-08,2016-05-15,38.0,False,True,False,False
West Ham United,Sam Allardyce,End of contract,24 May 2015,Pre-season,Slaven Bilić,9 June 2015,premier_league,2015/16,2015–16 Premier League,https://en.wikipedia.org/wiki/2015%E2%80%9316_Premier_League,wikipedia,2015-05-24,2015-06-09,False,False,exclude_preseason,slaven bili,sam allardyce,westhamunited,,,,,,False,False,False,False,False,external,review,default_external_needs_review,West Ham,True,2015-08-09,2016-05-15,38.0,False,True,False,False
Chelsea,Guus Hiddink,End of caretaker spell,30 June 2016,Pre-season,Antonio Conte,1 July 2016,premier_league,2016/17,2016–17 Premier League,https://en.wikipedia.org/wiki/2016%E2%80%9317_Premier_League,wikipedia,2016-06-30,2016-07-01,False,False,exclude_preseason,antonio conte,guus hiddink,chelsea,,,,,,False,False,False,False,False,external,review,default_external_needs_review,Chelsea,True,2016-08-15,2017-05-21,38.0,False,True,False,False
Crystal Palace,Alan Pardew,Sacked,22 December 2016,17th,Sam Allardyce,23 December 2016,premier_league,2016/17,2016–17 Premier League,https://en.wikipedia.org/wiki/2016%E2%80%9317_Premier_League,wikipedia,2016-12-22,2016-12-23,False,False,sacked,sam allardyce,alan pardew,crystalpalace,,,,,,False,False,False,True,True,external,high,arrived_from_other_club_in_sample,Crystal Palace,True,2016-08-13,2017-05-21,38.0,True,False,True,False
Everton,David Unsworth Joe Royle,End of caretaker spell,14 June 2016,Pre-season,Ronald Koeman,14 June 2016,premier_league,2016/17,2016–17 Premier League,https://en.wikipedia.org/wiki/2016%E2%80%9317_Premier_League,wikipedia,2016-06-14,2016-06-14,False,False,exclude_preseason,ronald koeman,david unsworth joe royle,everton,,,,,,False,False,False,False,True,external,high,arrived_from_other_club_in_sample,Everton,True,2016-08-13,2017-05-21,38.0,False,True,False,False
Hull City,Steve Bruce,Resigned,22 July 2016,Pre-season,Mike Phelan,22 July 2016,premier_league,2016/17,2016–17 Premier League,https://en.wikipedia.org/wiki/2016%E2%80%9317_Premier_League,wikipedia,2016-07-22,2016-07-22,False,False,exclude_preseason,mike phelan,steve bruce,hullcity,Sacked,mike phelan,2017-01-03,,,False,True,False,True,False,external,review,default_external_needs_review,Hull,True,2016-08-13,2017-05-21,38.0,False,True,False,False
Hull City,Mike Phelan,Sacked,3 January 2017,20th,Marco Silva,5 January 2017,premier_league,2016/17,2016–17 Premier League,https://en.wikipedia.org/wiki/2016%E2%80%9317_Premier_League,wikipedia,2017-01-03,2017-01-05,False,False,sacked,marco silva,mike phelan,hullcity,,,,mike phelan,False,False,False,False,True,False,external,manual,hired from Olympiacos as new Hull manager,Hull,True,2016-08-13,2017-05-21,38.0,True,False,True,False
Leicester City,Claudio Ranieri,Sacked,23 February 2017,17th,Craig Shakespeare,12 March 2017,premier_league,2016/17,2016–17 Premier League,https://en.wikipedia.org/wiki/2016%E2%80%9317_Premier_League,wikipedia,2017-02-23,2017-03-12,False,False,sacked,craig shakespeare,claudio ranieri,leicestercity,,,,,,False,False,True,True,False,caretaker,high,caretaker_flag_or_short_spell,Leicester,True,2016-08-13,2017-05-21,38.0,True,False,True,False
Manchester City,Manuel Pellegrini,End of contract,30 June 2016,Pre-season,Pep Guardiola,1 July 2016,premier_league,2016/17,2016–17 Premier League,https://en.wikipedia.org/wiki/2016%E2%80%9317_Premier_League,wikipedia,2016-06-30,2016-07-01,False,False,exclude_preseason,pep guardiola,manuel pellegrini,manchestercity,,,,,,False,False,False,False,False,external,review,default_external_needs_review,Man City,True,2016-08-13,2017-05-21,38.0,False,True,False,False
Manchester United,Louis van Gaal,Sacked,23 May 2016,Pre-season,José Mourinho,27 May 2016,premier_league,2016/17,2016–17 Premier League,https://en.wikipedia.org/wiki/2016%E2%80%9317_Premier_League,wikipedia,2016-05-23,2016-05-27,False,False,exclude_preseason,jos mourinho,louis van gaal,manchesterunited,,,,,,False,False,False,False,True,external,high,arrived_from_other_club_in_sample,Man United,True,2016-08-14,2017-05-21,38.0,False,True,False,False
Middlesbrough,Aitor Karanka,Mutual consent,16 March 2017,19th,Steve Agnew (caretaker),16 March 2017,premier_league,2016/17,2016–17 Premier League,https://en.wikipedia.org/wiki/2016%E2%80%9317_Premier_League,wikipedia,2017-03-16,2017-03-16,True,False,mutual_consent,steve agnew,aitor karanka,middlesbrough,,,,,,False,False,True,True,False,caretaker,high,caretaker_flag_or_short_spell,Middlesbrough,True,2016-08-13,2017-05-21,38.0,True,False,False,True
Southampton,Ronald Koeman,Signed by Everton,14 June 2016,Pre-season,Claude Puel,30 June 2016,premier_league,2016/17,2016–17 Premier League,https://en.wikipedia.org/wiki/2016%E2%80%9317_Premier_League,wikipedia,2016-06-14,2016-06-30,False,False,exclude_preseason,claude puel,ronald koeman,southampton,,,,,,False,False,False,False,True,external,high,arrived_from_other_club_in_sample,Southampton,True,2016-08-13,2017-05-21,38.0,False,True,False,False
Sunderland,Sam Allardyce,Signed by England,22 July 2016,Pre-season,David Moyes,23 July 2016,premier_league,2016/17,2016–17 Premier League,https://en.wikipedia.org/wiki/2016%E2%80%9317_Premier_League,wikipedia,2016-07-22,2016-07-23,False,False,exclude_preseason,david moyes,sam allardyce,sunderland,,,,,,False,False,False,True,False,external,review,default_external_needs_review,Sunderland,True,2016-08-13,2017-05-21,38.0,False,True,False,False
Swansea City,Francesco Guidolin,Sacked,3 October 2016,17th,Bob Bradley,3 October 2016,premier_league,2016/17,2016–17 Premier League,https://en.wikipedia.org/wiki/2016%E2%80%9317_Premier_League,wikipedia,2016-10-03,2016-10-03,False,False,sacked,bob bradley,francesco guidolin,swanseacity,Sacked,bob bradley,2016-12-27,,,False,True,False,True,False,external,manual,"hired from Le Havre as long-term new manager, not a caretaker appointment",Swansea,True,2016-08-13,2017-05-21,38.0,True,False,True,False
Swansea City,Bob Bradley,Sacked,27 December 2016,19th,Paul Clement,2 January 2017,premier_league,2016/17,2016–17 Premier League,https://en.wikipedia.org/wiki/2016%E2%80%9317_Premier_League,wikipedia,2016-12-27,2017-01-02,False,False,sacked,paul clement,bob bradley,swanseacity,,,,bob bradley,False,False,False,False,True,False,external,manual,hired from Bayern Munich staff as new Swansea manager,Swansea,True,2016-08-13,2017-05-21,38.0,True,False,True,False
Watford,Quique Sánchez Flores,Mutual consent,30 June 2016,Pre-season,Walter Mazzarri,1 July 2016,premier_league,2016/17,2016–17 Premier League,https://en.wikipedia.org/wiki/2016%E2%80%9317_Premier_League,wikipedia,2016-06-30,2016-07-01,False,False,exclude_preseason,walter mazzarri,quique s nchez flores,watford,,,,,,False,False,False,False,False,external,review,default_external_needs_review,Watford,True,2016-08-13,2017-05-21,38.0,False,True,False,False
Crystal Palace,Sam Allardyce,Resigned,23 May 2017,Pre-season,Frank de Boer,26 June 2017,premier_league,2017/18,2017–18 Premier League,https://en.wikipedia.org/wiki/2017%E2%80%9318_Premier_League,wikipedia,2017-05-23,2017-06-26,False,False,exclude_preseason,frank de boer,sam allardyce,crystalpalace,Sacked,frank de boer,2017-09-11,,,False,True,False,False,False,caretaker,review,caretaker_flag_or_short_spell,Crystal Palace,True,2017-08-12,2018-05-13,38.0,False,True,False,False
Crystal Palace,Frank de Boer,Sacked,11 September 2017,19th,Roy Hodgson,12 September 2017,premier_league,2017/18,2017–18 Premier League,https://en.wikipedia.org/wiki/2017%E2%80%9318_Premier_League,wikipedia,2017-09-11,2017-09-12,False,False,sacked,roy hodgson,frank de boer,crystalpalace,,,,frank de boer,False,False,False,False,True,False,external,manual,hired from outside as new Palace manager,Crystal Palace,True,2017-08-12,2018-05-13,38.0,True,False,True,False
Everton,Ronald Koeman,Sacked,23 October 2017,18th,Sam Allardyce,30 November 2017,premier_league,2017/18,2017–18 Premier League,https://en.wikipedia.org/wiki/2017%E2%80%9318_Premier_League,wikipedia,2017-10-23,2017-11-30,False,False,sacked,sam allardyce,ronald koeman,everton,,,,,,False,False,True,True,False,caretaker,high,caretaker_flag_or_short_spell,Everton,True,2017-08-12,2018-05-13,38.0,True,False,True,False
Leicester City,Craig Shakespeare,Sacked,17 October 2017,18th,Claude Puel,25 October 2017,premier_league,2017/18,2017–18 Premier League,https://en.wikipedia.org/wiki/2017%E2%80%9318_Premier_League,wikipedia,2017-10-17,2017-10-25,False,False,sacked,claude puel,craig shakespeare,leicestercity,,,,,,False,False,False,True,True,external,high,arrived_from_other_club_in_sample,Leicester,True,2017-08-11,2018-05-13,38.0,True,False,True,False
Southampton,Claude Puel,Sacked,14 June 2017,Pre-season,Mauricio Pellegrino,23 June 2017,premier_league,2017/18,2017–18 Premier League,https://en.wikipedia.org/wiki/2017%E2%80%9318_Premier_League,wikipedia,2017-06-14,2017-06-23,False,False,exclude_preseason,mauricio pellegrino,claude puel,southampton,Sacked,mauricio pellegrino,2018-03-12,,,False,True,False,False,True,external,high,arrived_from_other_club_in_sample,Southampton,True,2017-08-12,2018-05-13,38.0,False,True,False,False
Southampton,Mauricio Pellegrino,Sacked,12 March 2018,17th,Mark Hughes,14 March 2018,premier_league,2017/18,2017–18 Premier League,https://en.wikipedia.org/wiki/2017%E2%80%9318_Premier_League,wikipedia,2018-03-12,2018-03-14,False,False,sacked,mark hughes,mauricio pellegrino,southampton,,,,mauricio pellegrino,False,False,False,False,True,True,external,high,arrived_from_other_club_in_sample,Southampton,True,2017-08-12,2018-05-13,38.0,True,False,True,False
Stoke City,Mark Hughes,Sacked,6 January 2018,18th,Paul Lambert,15 January 2018,premier_league,2017/18,2017–18 Premier League,https://en.wikipedia.org/wiki/2017%E2%80%9318_Premier_League,wikipedia,2018-01-06,2018-01-15,False,False,sacked,paul lambert,mark hughes,stokecity,,,,,,False,False,False,True,False,external,manual,hired from outside as new Stoke manager,Stoke,True,2017-08-12,2018-05-13,38.0,True,False,True,False
Swansea City,Paul Clement,Sacked,20 December 2017,20th,Carlos Carvalhal,28 December 2017,premier_league,2017/18,2017–18 Premier League,https://en.wikipedia.org/wiki/2017%E2%80%9318_Premier_League,wikipedia,2017-12-20,2017-12-28,False,False,sacked,carlos carvalhal,paul clement,swanseacity,,,,,,False,False,False,True,False,external,manual,hired from outside as new Swansea manager,Swansea,True,2017-08-12,2018-05-13,38.0,True,False,True,False
Watford,Walter Mazzarri,Mutual consent,21 May 2017,Pre-season,Marco Silva,27 May 2017,premier_league,2017/18,2017–18 Premier League,https://en.wikipedia.org/wiki/2017%E2%80%9318_Premier_League,wikipedia,2017-05-21,2017-05-27,False,False,exclude_preseason,marco silva,walter mazzarri,watford,Sacked,marco silva,2018-01-21,,,False,True,False,False,False,external,review,default_external_needs_review,Watford,True,2017-08-12,2018-05-13,38.0,False,True,False,False
Watford,Marco Silva,Sacked,21 January 2018,10th,Javi Gracia,21 January 2018,premier_league,2017/18,2017–18 Premier League,https://en.wikipedia.org/wiki/2017%E2%80%9318_Premier_League,wikipedia,2018-01-21,2018-01-21,False,False,sacked,javi gracia,marco silva,watford,,,,marco silva,False,False,False,False,True,False,external,manual,hired from outside as new Watford manager,Watford,True,2017-08-12,2018-05-13,38.0,True,False,True,False
West Bromwich Albion,Tony Pulis,Sacked,20 November 2017,17th,Alan Pardew,29 November 2017,premier_league,2017/18,2017–18 Premier League,https://en.wikipedia.org/wiki/2017%E2%80%9318_Premier_League,wikipedia,2017-11-20,2017-11-29,False,False,sacked,alan pardew,tony pulis,westbromwichalbion,Mutual consent,alan pardew,2018-04-02,,,False,True,False,True,False,external,manual,hired from outside as new West Brom manager,West Brom,True,2017-08-12,2018-05-13,38.0,True,False,True,False
West Bromwich Albion,Alan Pardew,Mutual consent,2 April 2018,20th,Darren Moore (caretaker),2 April 2018,premier_league,2017/18,2017–18 Premier League,https://en.wikipedia.org/wiki/2017%E2%80%9318_Premier_League,wikipedia,2018-04-02,2018-04-02,True,False,mutual_consent,darren moore,alan pardew,westbromwichalbion,,,,alan pardew,False,False,False,False,True,False,caretaker,high,caretaker_flag_or_short_spell,West Brom,True,2017-08-12,2018-05-13,38.0,True,False,False,True
West Ham United,Slaven Bilić,Sacked,6 November 2017,18th,David Moyes,7 November 2017,premier_league,2017/18,2017–18 Premier League,https://en.wikipedia.org/wiki/2017%E2%80%9318_Premier_League,wikipedia,2017-11-06,2017-11-07,False,False,sacked,david moyes,slaven bili,westhamunited,,,,,,False,False,False,True,False,external,manual,"hired from outside as new manager until end of season, not labelled caretaker",West Ham,True,2017-08-13,2018-05-13,38.0,True,False,True,False
Arsenal,Arsène Wenger,Retired,13 May 2018,Pre-season,Unai Emery,23 May 2018,premier_league,2018/19,2018–19 Premier League,https://en.wikipedia.org/wiki/2018%E2%80%9319_Premier_League,wikipedia,2018-05-13,2018-05-23,False,False,exclude_preseason,unai emery,ars ne wenger,arsenal,,,,,,False,False,False,False,True,external,high,arrived_from_other_club_in_sample,Arsenal,True,2018-08-12,2019-05-12,38.0,False,True,False,False
Chelsea,Antonio Conte,Sacked,13 July 2018,Pre-season,Maurizio Sarri,14 July 2018,premier_league,2018/19,2018–19 Premier League,https://en.wikipedia.org/wiki/2018%E2%80%9319_Premier_League,wikipedia,2018-07-13,2018-07-14,False,False,exclude_preseason,maurizio sarri,antonio conte,chelsea,,,,,,False,False,False,True,True,external,high,arrived_from_other_club_in_sample,Chelsea,True,2018-08-11,2019-05-12,38.0,False,True,False,False
Everton,Sam Allardyce,Sacked,16 May 2018,Pre-season,Marco Silva,31 May 2018,premier_league,2018/19,2018–19 Premier League,https://en.wikipedia.org/wiki/2018%E2%80%9319_Premier_League,wikipedia,2018-05-16,2018-05-31,False,False,exclude_preseason,marco silva,sam allardyce,everton,,,,,,False,False,False,False,True,external,high,arrived_from_other_club_in_sample,Everton,True,2018-08-11,2019-05-12,38.0,False,True,False,False
Fulham,Slaviša Jokanović,Sacked,14 November 2018,20th,Claudio Ranieri,14 November 2018,premier_league,2018/19,2018–19 Premier League,https://en.wikipedia.org/wiki/2018%E2%80%9319_Premier_League,wikipedia,2018-11-14,2018-11-14,False,False,sacked,claudio ranieri,slavi a jokanovi,fulham,Sacked,claudio ranieri,2019-02-28,,,False,True,False,True,True,external,high,arrived_from_other_club_in_sample,Fulham,True,2018-08-11,2019-05-12,38.0,True,False,True,False
Fulham,Claudio Ranieri,Sacked,28 February 2019,19th,Scott Parker,28 February 2019,premier_league,2018/19,2018–19 Premier League,https://en.wikipedia.org/wiki/2018%E2%80%9319_Premier_League,wikipedia,2019-02-28,2019-02-28,False,False,sacked,scott parker,claudio ranieri,fulham,,,,claudio ranieri,False,False,False,False,True,False,caretaker,manual,first-team coach named caretaker/temporary charge at Ranieri sacking,Fulham,True,2018-08-11,2019-05-12,38.0,True,False,True,False
Huddersfield Town,David Wagner,Mutual consent,14 January 2019,20th,Jan Siewert,21 January 2019,premier_league,2018/19,2018–19 Premier League,https://en.wikipedia.org/wiki/2018%E2%80%9319_Premier_League,wikipedia,2019-01-14,2019-01-21,False,False,mutual_consent,jan siewert,david wagner,huddersfieldtown,,,,,,False,False,False,True,False,external,manual,Hired from Borussia Dortmund II as Huddersfield's new manager.,Huddersfield,True,2018-08-11,2019-05-12,38.0,True,False,False,True
Leicester City,Claude Puel,Sacked,24 February 2019,12th,Brendan Rodgers,26 February 2019,premier_league,2018/19,2018–19 Premier League,https://en.wikipedia.org/wiki/2018%E2%80%9319_Premier_League,wikipedia,2019-02-24,2019-02-26,False,False,sacked,brendan rodgers,claude puel,leicestercity,,,,,,False,False,False,True,False,external,manual,hired from Celtic as new Leicester manager,Leicester,True,2018-08-10,2019-05-12,38.0,True,False,True,False
Manchester United,José Mourinho,Sacked,18 December 2018,6th,Ole Gunnar Solskjær,19 December 2018,premier_league,2018/19,2018–19 Premier League,https://en.wikipedia.org/wiki/2018%E2%80%9319_Premier_League,wikipedia,2018-12-18,2018-12-19,False,False,sacked,ole gunnar solskj r,jos mourinho,manchesterunited,,,,,,False,False,True,True,False,caretaker,high,caretaker_flag_or_short_spell,Man United,True,2018-08-10,2019-05-12,38.0,True,False,True,False
Southampton,Mark Hughes,Sacked,3 December 2018,18th,Ralph Hasenhüttl,5 December 2018,premier_league,2018/19,2018–19 Premier League,https://en.wikipedia.org/wiki/2018%E2%80%9319_Premier_League,wikipedia,2018-12-03,2018-12-05,False,False,sacked,ralph hasenh ttl,mark hughes,southampton,,,,,,False,False,False,True,False,external,manual,hired from RB Leipzig as new Southampton manager,Southampton,True,2018-08-12,2019-05-12,38.0,True,False,True,False
West Ham United,David Moyes,End of contract,16 May 2018,Pre-season,Manuel Pellegrini,22 May 2018,premier_league,2018/19,2018–19 Premier League,https://en.wikipedia.org/wiki/2018%E2%80%9319_Premier_League,wikipedia,2018-05-16,2018-05-22,False,False,exclude_preseason,manuel pellegrini,david moyes,westhamunited,,,,,,False,False,False,False,False,external,review,default_external_needs_review,West Ham,True,2018-08-12,2019-05-12,38.0,False,True,False,False
Arsenal,Unai Emery,Sacked,29 November 2019,8th,Mikel Arteta,20 December 2019,premier_league,2019/20,2019–20 Premier League,https://en.wikipedia.org/wiki/2019%E2%80%9320_Premier_League,wikipedia,2019-11-29,2019-12-20,False,False,sacked,mikel arteta,unai emery,arsenal,,,,,,False,False,True,True,False,caretaker,high,caretaker_flag_or_short_spell,Arsenal,True,2019-08-11,2020-07-26,38.0,True,False,True,False
Brighton & Hove Albion,Chris Hughton,Sacked,13 May 2019,Pre-season,Graham Potter,20 May 2019,premier_league,2019/20,2019–20 Premier League,https://en.wikipedia.org/wiki/2019%E2%80%9320_Premier_League,wikipedia,2019-05-13,2019-05-20,False,False,exclude_preseason,graham potter,chris hughton,brightonandhovealbion,,,,,,False,False,False,False,False,external,review,default_external_needs_review,Brighton,True,2019-08-10,2020-07-26,38.0,False,True,False,False
Chelsea,Maurizio Sarri,Signed by Juventus,16 June 2019,Pre-season,Frank Lampard,4 July 2019,premier_league,2019/20,2019–20 Premier League,https://en.wikipedia.org/wiki/2019%E2%80%9320_Premier_League,wikipedia,2019-06-16,2019-07-04,False,False,exclude_preseason,frank lampard,maurizio sarri,chelsea,,,,,,False,False,False,False,False,external,review,default_external_needs_review,Chelsea,True,2019-08-11,2020-07-26,38.0,False,True,False,False
Everton,Marco Silva,Sacked,5 December 2019,18th,Carlo Ancelotti,21 December 2019,premier_league,2019/20,2019–20 Premier League,https://en.wikipedia.org/wiki/2019%E2%80%9320_Premier_League,wikipedia,2019-12-05,2019-12-21,False,False,sacked,carlo ancelotti,marco silva,everton,,,,,,False,False,True,True,True,caretaker,high,caretaker_flag_or_short_spell,Everton,True,2019-08-10,2020-07-26,38.0,True,False,True,False
Newcastle United,Rafael Benítez,End of contract,30 June 2019,Pre-season,Steve Bruce,17 July 2019,premier_league,2019/20,2019–20 Premier League,https://en.wikipedia.org/wiki/2019%E2%80%9320_Premier_League,wikipedia,2019-06-30,2019-07-17,False,False,exclude_preseason,steve bruce,rafael ben tez,newcastleunited,,,,,,False,False,False,False,False,external,review,default_external_needs_review,Newcastle,True,2019-08-11,2020-07-26,38.0,False,True,False,False
Tottenham Hotspur,Mauricio Pochettino,Sacked,19 November 2019,14th,José Mourinho,20 November 2019,premier_league,2019/20,2019–20 Premier League,https://en.wikipedia.org/wiki/2019%E2%80%9320_Premier_League,wikipedia,2019-11-19,2019-11-20,False,False,sacked,jos mourinho,mauricio pochettino,tottenhamhotspur,,,,,,False,False,False,True,False,external,manual,hired from outside as new Spurs manager,Tottenham,True,2019-08-10,2020-07-26,38.0,True,False,True,False
Watford,Javi Gracia,Sacked,7 September 2019,20th,Quique Sánchez Flores,7 September 2019,premier_league,2019/20,2019–20 Premier League,https://en.wikipedia.org/wiki/2019%E2%80%9320_Premier_League,wikipedia,2019-09-07,2019-09-07,False,False,sacked,quique s nchez flores,javi gracia,watford,Sacked,quique s nchez flores,2019-12-01,,,False,True,False,True,False,external,manual,"reappointed from outside as new head coach, not then on Watford staff and not labelled caretaker",Watford,True,2019-08-10,2020-07-26,38.0,True,False,True,False
Watford,Quique Sánchez Flores,Sacked,1 December 2019,20th,Nigel Pearson,6 December 2019,premier_league,2019/20,2019–20 Premier League,https://en.wikipedia.org/wiki/2019%E2%80%9320_Premier_League,wikipedia,2019-12-01,2019-12-06,False,False,sacked,nigel pearson,quique s nchez flores,watford,Sacked,nigel pearson,2020-07-19,quique s nchez flores,False,False,True,False,True,False,external,manual,hired from outside as new Watford manager,Watford,True,2019-08-10,2020-07-26,38.0,True,False,True,False
Watford,Nigel Pearson,Sacked,19 July 2020,17th,Hayden Mullins (interim),19 July 2020,premier_league,2019/20,2019–20 Premier League,https://en.wikipedia.org/wiki/2019%E2%80%9320_Premier_League,wikipedia,2020-07-19,2020-07-19,True,False,sacked,hayden mullins,nigel pearson,watford,,,,nigel pearson,False,False,False,False,True,False,caretaker,high,caretaker_flag_or_short_spell,Watford,True,2019-08-10,2020-07-26,38.0,True,False,True,False
West Ham United,Manuel Pellegrini,Sacked,28 December 2019,17th,David Moyes,29 December 2019,premier_league,2019/20,2019–20 Premier League,https://en.wikipedia.org/wiki/2019%E2%80%9320_Premier_League,wikipedia,2019-12-28,2019-12-29,False,False,sacked,david moyes,manuel pellegrini,westhamunited,,,,,,False,False,False,True,False,external,manual,"returning former manager hired from outside, not then on staff",West Ham,True,2019-08-10,2020-07-26,38.0,True,False,True,False
Chelsea,Frank Lampard,Sacked,25 January 2021,9th,Thomas Tuchel,26 January 2021,premier_league,2020/21,2020–21 Premier League,https://en.wikipedia.org/wiki/2020%E2%80%9321_Premier_League,wikipedia,2021-01-25,2021-01-26,False,False,sacked,thomas tuchel,frank lampard,chelsea,,,,,,False,False,False,True,True,external,high,arrived_from_other_club_in_sample,Chelsea,True,2020-09-14,2021-05-23,38.0,True,False,True,False
Sheffield United,Chris Wilder,Sacked,13 March 2021,20th,Paul Heckingbottom (interim),13 March 2021,premier_league,2020/21,2020–21 Premier League,https://en.wikipedia.org/wiki/2020%E2%80%9321_Premier_League,wikipedia,2021-03-13,2021-03-13,True,False,sacked,paul heckingbottom,chris wilder,sheffieldunited,,,,,,False,False,True,True,False,caretaker,high,caretaker_flag_or_short_spell,Sheffield United,True,2020-09-14,2021-05-23,38.0,True,False,True,False
Tottenham Hotspur,José Mourinho,Sacked,19 April 2021,7th,Ryan Mason (interim),19 April 2021,premier_league,2020/21,2020–21 Premier League,https://en.wikipedia.org/wiki/2020%E2%80%9321_Premier_League,wikipedia,2021-04-19,2021-04-19,True,False,sacked,ryan mason,jos mourinho,tottenhamhotspur,,,,,,False,False,True,True,False,caretaker,high,caretaker_flag_or_short_spell,Tottenham,True,2020-09-13,2021-05-23,38.0,True,False,True,False
West Bromwich Albion,Slaven Bilić,Sacked,16 December 2020,19th,Sam Allardyce,16 December 2020,premier_league,2020/21,2020–21 Premier League,https://en.wikipedia.org/wiki/2020%E2%80%9321_Premier_League,wikipedia,2020-12-16,2020-12-16,False,False,sacked,sam allardyce,slaven bili,westbromwichalbion,,,,,,False,False,False,True,False,external,manual,hired from outside as new West Brom manager,West Brom,True,2020-09-13,2021-05-23,38.0,True,False,True,False
Aston Villa,Dean Smith,Sacked,7 November 2021,15th,Steven Gerrard,11 November 2021,premier_league,2021/22,2021–22 Premier League,https://en.wikipedia.org/wiki/2021%E2%80%9322_Premier_League,wikipedia,2021-11-07,2021-11-11,False,False,sacked,steven gerrard,dean smith,astonvilla,,,,,,False,False,False,True,False,external,manual,hired from Rangers as new Villa manager,Aston Villa,True,2021-08-14,2022-05-22,38.0,True,False,True,False
Burnley,Sean Dyche,Sacked,15 April 2022,18th,Mike Jackson (lead caretaker),15 April 2022,premier_league,2021/22,2021–22 Premier League,https://en.wikipedia.org/wiki/2021%E2%80%9322_Premier_League,wikipedia,2022-04-15,2022-04-15,True,False,sacked,mike jackson lead,sean dyche,burnley,,,,,,False,False,True,True,False,caretaker,high,caretaker_flag_or_short_spell,Burnley,True,2021-08-14,2022-05-22,38.0,True,False,True,False
Crystal Palace,Roy Hodgson,End of contract,24 May 2021,Pre-season,Patrick Vieira,4 July 2021,premier_league,2021/22,2021–22 Premier League,https://en.wikipedia.org/wiki/2021%E2%80%9322_Premier_League,wikipedia,2021-05-24,2021-07-04,False,False,exclude_preseason,patrick vieira,roy hodgson,crystalpalace,,,,,,False,False,False,False,False,external,review,default_external_needs_review,Crystal Palace,True,2021-08-14,2022-05-22,38.0,False,True,False,False
Everton,Carlo Ancelotti,Signed by Real Madrid,1 June 2021,Pre-season,Rafael Benítez,30 June 2021,premier_league,2021/22,2021–22 Premier League,https://en.wikipedia.org/wiki/2021%E2%80%9322_Premier_League,wikipedia,2021-06-01,2021-06-30,False,False,exclude_preseason,rafael ben tez,carlo ancelotti,everton,Sacked,rafael ben tez,2022-01-16,,,False,True,False,False,False,external,review,default_external_needs_review,Everton,True,2021-08-14,2022-05-22,38.0,False,True,False,False
Everton,Rafael Benítez,Sacked,16 January 2022,15th,Duncan Ferguson (caretaker),18 January 2022,premier_league,2021/22,2021–22 Premier League,https://en.wikipedia.org/wiki/2021%E2%80%9322_Premier_League,wikipedia,2022-01-16,2022-01-18,True,False,sacked,duncan ferguson,rafael ben tez,everton,End of caretaker spell,duncan ferguson,2022-01-31,rafael ben tez,False,True,True,True,True,False,caretaker,high,caretaker_flag_or_short_spell,Everton,True,2021-08-14,2022-05-22,38.0,True,False,True,False
Everton,Duncan Ferguson,End of caretaker spell,31 January 2022,16th,Frank Lampard,31 January 2022,premier_league,2021/22,2021–22 Premier League,https://en.wikipedia.org/wiki/2021%E2%80%9322_Premier_League,wikipedia,2022-01-31,2022-01-31,False,False,exclude_end_caretaker,frank lampard,duncan ferguson,everton,,,,duncan ferguson,True,False,False,False,True,False,external,review,default_external_needs_review,Everton,True,2021-08-14,2022-05-22,38.0,True,False,False,False
Leeds United,Marcelo Bielsa,Sacked,27 February 2022,16th,Jesse Marsch,28 February 2022,premier_league,2021/22,2021–22 Premier League,https://en.wikipedia.org/wiki/2021%E2%80%9322_Premier_League,wikipedia,2022-02-27,2022-02-28,False,False,sacked,jesse marsch,marcelo bielsa,leedsunited,,,,,,False,False,False,True,True,external,high,arrived_from_other_club_in_sample,Leeds,True,2021-08-14,2022-05-22,38.0,True,False,True,False
Manchester United,Ole Gunnar Solskjær,Sacked,21 November 2021,7th,Michael Carrick (caretaker),21 November 2021,premier_league,2021/22,2021–22 Premier League,https://en.wikipedia.org/wiki/2021%E2%80%9322_Premier_League,wikipedia,2021-11-21,2021-11-21,True,False,sacked,michael carrick,ole gunnar solskj r,manchesterunited,End of caretaker spell,michael carrick,2021-12-02,,,True,True,True,True,False,caretaker,high,caretaker_flag_or_short_spell,Man United,True,2021-08-14,2022-05-22,38.0,True,False,True,False
Manchester United,Michael Carrick,End of caretaker spell,2 December 2021,7th,Ralf Rangnick (interim),3 December 2021,premier_league,2021/22,2021–22 Premier League,https://en.wikipedia.org/wiki/2021%E2%80%9322_Premier_League,wikipedia,2021-12-02,2021-12-03,True,False,exclude_end_caretaker,ralf rangnick,michael carrick,manchesterunited,,,,michael carrick,True,False,False,True,True,False,caretaker,high,caretaker_flag_or_short_spell,Man United,True,2021-08-14,2022-05-22,38.0,True,False,False,False
Newcastle United,Steve Bruce,Mutual consent,20 October 2021,19th,Graeme Jones (interim),20 October 2021,premier_league,2021/22,2021–22 Premier League,https://en.wikipedia.org/wiki/2021%E2%80%9322_Premier_League,wikipedia,2021-10-20,2021-10-20,True,False,mutual_consent,graeme jones,steve bruce,newcastleunited,End of interim spell,graeme jones,2021-11-08,,,True,True,True,True,False,caretaker,high,caretaker_flag_or_short_spell,Newcastle,True,2021-08-15,2022-05-22,38.0,True,False,False,True
Newcastle United,Graeme Jones,End of interim spell,8 November 2021,19th,Eddie Howe,8 November 2021,premier_league,2021/22,2021–22 Premier League,https://en.wikipedia.org/wiki/2021%E2%80%9322_Premier_League,wikipedia,2021-11-08,2021-11-08,False,False,exclude_end_caretaker,eddie howe,graeme jones,newcastleunited,,,,graeme jones,True,False,False,False,True,False,external,review,default_external_needs_review,Newcastle,True,2021-08-15,2022-05-22,38.0,True,False,False,False
Norwich City,Daniel Farke,Sacked,6 November 2021,20th,Dean Smith,15 November 2021,premier_league,2021/22,2021–22 Premier League,https://en.wikipedia.org/wiki/2021%E2%80%9322_Premier_League,wikipedia,2021-11-06,2021-11-15,False,False,sacked,dean smith,daniel farke,norwichcity,,,,,,False,False,False,True,True,external,high,arrived_from_other_club_in_sample,Norwich,True,2021-08-14,2022-05-22,38.0,True,False,True,False
Tottenham Hotspur,Ryan Mason,End of caretaker spell,30 June 2021,Pre-season,Nuno Espírito Santo,30 June 2021,premier_league,2021/22,2021–22 Premier League,https://en.wikipedia.org/wiki/2021%E2%80%9322_Premier_League,wikipedia,2021-06-30,2021-06-30,False,False,exclude_preseason,nuno esp rito santo,ryan mason,tottenhamhotspur,Sacked,nuno esp rito santo,2021-11-01,,,False,True,False,False,True,external,high,arrived_from_other_club_in_sample,Tottenham,True,2021-08-15,2022-05-22,38.0,False,True,False,False
Tottenham Hotspur,Nuno Espírito Santo,Sacked,1 November 2021,8th,Antonio Conte,2 November 2021,premier_league,2021/22,2021–22 Premier League,https://en.wikipedia.org/wiki/2021%E2%80%9322_Premier_League,wikipedia,2021-11-01,2021-11-02,False,False,sacked,antonio conte,nuno esp rito santo,tottenhamhotspur,,,,nuno esp rito santo,False,False,False,False,True,True,external,high,arrived_from_other_club_in_sample,Tottenham,True,2021-08-15,2022-05-22,38.0,True,False,True,False
Watford,Xisco Muñoz,Sacked,3 October 2021,14th,Claudio Ranieri,4 October 2021,premier_league,2021/22,2021–22 Premier League,https://en.wikipedia.org/wiki/2021%E2%80%9322_Premier_League,wikipedia,2021-10-03,2021-10-04,False,False,sacked,claudio ranieri,xisco mu oz,watford,Sacked,claudio ranieri,2022-01-24,,,False,True,False,True,True,external,high,arrived_from_other_club_in_sample,Watford,True,2021-08-14,2022-05-22,38.0,True,False,True,False
Watford,Claudio Ranieri,Sacked,24 January 2022,19th,Roy Hodgson,25 January 2022,premier_league,2021/22,2021–22 Premier League,https://en.wikipedia.org/wiki/2021%E2%80%9322_Premier_League,wikipedia,2022-01-24,2022-01-25,False,False,sacked,roy hodgson,claudio ranieri,watford,,,,claudio ranieri,False,False,False,False,True,False,external,manual,hired from outside as new Watford manager,Watford,True,2021-08-14,2022-05-22,38.0,True,False,True,False
Wolverhampton Wanderers,Nuno Espírito Santo,Mutual consent,24 May 2021,Pre-season,Bruno Lage,9 June 2021,premier_league,2021/22,2021–22 Premier League,https://en.wikipedia.org/wiki/2021%E2%80%9322_Premier_League,wikipedia,2021-05-24,2021-06-09,False,False,exclude_preseason,bruno lage,nuno esp rito santo,wolverhamptonwanderers,,,,,,False,False,False,False,False,external,review,default_external_needs_review,Wolves,True,2021-08-14,2022-05-22,38.0,False,True,False,False
Aston Villa,Steven Gerrard,Sacked,20 October 2022,17th,Aaron Danks (interim),21 October 2022,premier_league,2022/23,2022–23 Premier League,https://en.wikipedia.org/wiki/2022%E2%80%9323_Premier_League,wikipedia,2022-10-20,2022-10-21,True,False,sacked,aaron danks,steven gerrard,astonvilla,End of interim spell,aaron danks,2022-11-01,,,True,True,True,True,False,caretaker,high,caretaker_flag_or_short_spell,Aston Villa,True,2022-08-06,2023-05-28,38.0,True,False,True,False
Aston Villa,Aaron Danks,End of interim spell,1 November 2022,16th,Unai Emery,1 November 2022,premier_league,2022/23,2022–23 Premier League,https://en.wikipedia.org/wiki/2022%E2%80%9323_Premier_League,wikipedia,2022-11-01,2022-11-01,False,False,exclude_end_caretaker,unai emery,aaron danks,astonvilla,,,,aaron danks,True,False,False,False,True,True,external,high,arrived_from_other_club_in_sample,Aston Villa,True,2022-08-06,2023-05-28,38.0,True,False,False,False
Bournemouth,Scott Parker,Sacked,30 August 2022,17th,Gary O'Neil,30 August 2022,premier_league,2022/23,2022–23 Premier League,https://en.wikipedia.org/wiki/2022%E2%80%9323_Premier_League,wikipedia,2022-08-30,2022-08-30,False,False,sacked,gary o neil,scott parker,bournemouth,,,,,,False,False,True,True,False,caretaker,high,caretaker_flag_or_short_spell,Bournemouth,True,2022-08-06,2023-05-28,38.0,True,False,True,False
Brighton & Hove Albion,Graham Potter,Signed by Chelsea,8 September 2022,4th,Roberto De Zerbi,18 September 2022,premier_league,2022/23,2022–23 Premier League,https://en.wikipedia.org/wiki/2022%E2%80%9323_Premier_League,wikipedia,2022-09-08,2022-09-18,False,False,exclude_signed_by,roberto de zerbi,graham potter,brightonandhovealbion,,,,,,False,False,False,True,False,external,review,default_external_needs_review,Brighton,True,2022-08-07,2023-05-28,38.0,True,False,False,False
Chelsea,Thomas Tuchel,Sacked,7 September 2022,6th,Graham Potter,8 September 2022,premier_league,2022/23,2022–23 Premier League,https://en.wikipedia.org/wiki/2022%E2%80%9323_Premier_League,wikipedia,2022-09-07,2022-09-08,False,False,sacked,graham potter,thomas tuchel,chelsea,Sacked,graham potter,2023-04-02,,,False,True,False,True,True,external,high,arrived_from_other_club_in_sample,Chelsea,True,2022-08-06,2023-05-28,38.0,True,False,True,False
Chelsea,Graham Potter,Sacked,2 April 2023,11th,Bruno Saltor (interim),2 April 2023,premier_league,2022/23,2022–23 Premier League,https://en.wikipedia.org/wiki/2022%E2%80%9323_Premier_League,wikipedia,2023-04-02,2023-04-02,True,False,sacked,bruno saltor,graham potter,chelsea,End of interim spell,bruno saltor,2023-04-06,graham potter,False,True,True,True,True,False,caretaker,high,caretaker_flag_or_short_spell,Chelsea,True,2022-08-06,2023-05-28,38.0,True,False,True,False
Chelsea,Bruno Saltor,End of interim spell,6 April 2023,11th,Frank Lampard (interim),6 April 2023,premier_league,2022/23,2022–23 Premier League,https://en.wikipedia.org/wiki/2022%E2%80%9323_Premier_League,wikipedia,2023-04-06,2023-04-06,True,False,exclude_end_caretaker,frank lampard,bruno saltor,chelsea,,,,bruno saltor,True,False,False,True,True,True,caretaker,high,caretaker_flag_or_short_spell,Chelsea,True,2022-08-06,2023-05-28,38.0,True,False,False,False
Crystal Palace,Patrick Vieira,Sacked,17 March 2023,12th,Paddy McCarthy (interim),17 March 2023,premier_league,2022/23,2022–23 Premier League,https://en.wikipedia.org/wiki/2022%E2%80%9323_Premier_League,wikipedia,2023-03-17,2023-03-17,True,False,sacked,paddy mccarthy,patrick vieira,crystalpalace,End of interim spell,paddy mccarthy,2023-03-21,,,True,True,False,True,False,caretaker,high,caretaker_flag_or_short_spell,Crystal Palace,True,2022-08-05,2023-05-28,38.0,True,False,True,False
Crystal Palace,Paddy McCarthy,End of interim spell,21 March 2023,12th,Roy Hodgson (interim),21 March 2023,premier_league,2022/23,2022–23 Premier League,https://en.wikipedia.org/wiki/2022%E2%80%9323_Premier_League,wikipedia,2023-03-21,2023-03-21,True,False,exclude_end_caretaker,roy hodgson,paddy mccarthy,crystalpalace,,,,paddy mccarthy,True,False,False,False,True,False,caretaker,high,caretaker_flag_or_short_spell,Crystal Palace,True,2022-08-05,2023-05-28,38.0,True,False,False,False
Everton,Frank Lampard,Sacked,23 January 2023,19th,Sean Dyche,30 January 2023,premier_league,2022/23,2022–23 Premier League,https://en.wikipedia.org/wiki/2022%E2%80%9323_Premier_League,wikipedia,2023-01-23,2023-01-30,False,False,sacked,sean dyche,frank lampard,everton,,,,,,False,False,False,True,False,external,manual,hired from outside as new Everton manager,Everton,True,2022-08-06,2023-05-28,38.0,True,False,True,False
Leeds United,Jesse Marsch,Sacked,6 February 2023,17th,Michael Skubala (interim),6 February 2023,premier_league,2022/23,2022–23 Premier League,https://en.wikipedia.org/wiki/2022%E2%80%9323_Premier_League,wikipedia,2023-02-06,2023-02-06,True,False,sacked,michael skubala,jesse marsch,leedsunited,End of interim spell,michael skubala,2023-02-21,,,True,True,True,True,False,caretaker,high,caretaker_flag_or_short_spell,Leeds,True,2022-08-06,2023-05-28,38.0,True,False,True,False
Leeds United,Michael Skubala,End of interim spell,21 February 2023,19th,Javi Gracia,21 February 2023,premier_league,2022/23,2022–23 Premier League,https://en.wikipedia.org/wiki/2022%E2%80%9323_Premier_League,wikipedia,2023-02-21,2023-02-21,False,False,exclude_end_caretaker,javi gracia,michael skubala,leedsunited,Sacked,javi gracia,2023-05-03,michael skubala,True,False,True,False,True,False,caretaker,review,caretaker_flag_or_short_spell,Leeds,True,2022-08-06,2023-05-28,38.0,True,False,False,False
Leeds United,Javi Gracia,Sacked,3 May 2023,17th,Sam Allardyce,3 May 2023,premier_league,2022/23,2022–23 Premier League,https://en.wikipedia.org/wiki/2022%E2%80%9323_Premier_League,wikipedia,2023-05-03,2023-05-03,False,False,sacked,sam allardyce,javi gracia,leedsunited,,,,javi gracia,False,False,False,False,True,False,caretaker,manual,Outside fireman hired only until the end of the season for the remaining four games.,Leeds,True,2022-08-06,2023-05-28,38.0,True,False,True,False
Leicester City,Brendan Rodgers,Mutual consent,2 April 2023,19th,Adam Sadler (interim),4 April 2023,premier_league,2022/23,2022–23 Premier League,https://en.wikipedia.org/wiki/2022%E2%80%9323_Premier_League,wikipedia,2023-04-02,2023-04-04,True,False,mutual_consent,adam sadler,brendan rodgers,leicestercity,End of interim spell,adam sadler,2023-04-10,,,True,True,False,True,False,caretaker,high,caretaker_flag_or_short_spell,Leicester,True,2022-08-07,2023-05-28,38.0,True,False,False,True
Leicester City,Adam Sadler,End of interim spell,10 April 2023,19th,Dean Smith,10 April 2023,premier_league,2022/23,2022–23 Premier League,https://en.wikipedia.org/wiki/2022%E2%80%9323_Premier_League,wikipedia,2023-04-10,2023-04-10,False,False,exclude_end_caretaker,dean smith,adam sadler,leicestercity,,,,adam sadler,True,False,False,False,True,False,external,review,default_external_needs_review,Leicester,True,2022-08-07,2023-05-28,38.0,True,False,False,False
Manchester United,Ralf Rangnick,End of interim spell,22 May 2022,Pre-season,Erik ten Hag,23 May 2022,premier_league,2022/23,2022–23 Premier League,https://en.wikipedia.org/wiki/2022%E2%80%9323_Premier_League,wikipedia,2022-05-22,2022-05-23,False,False,exclude_preseason,erik ten hag,ralf rangnick,manchesterunited,,,,,,False,False,False,False,False,external,review,default_external_needs_review,Man United,True,2022-08-07,2023-05-28,38.0,False,True,False,False
Southampton,Ralph Hasenhüttl,Sacked,7 November 2022,18th,Nathan Jones,10 November 2022,premier_league,2022/23,2022–23 Premier League,https://en.wikipedia.org/wiki/2022%E2%80%9323_Premier_League,wikipedia,2022-11-07,2022-11-10,False,False,sacked,nathan jones,ralph hasenh ttl,southampton,Sacked,nathan jones,2023-02-12,,,False,True,False,True,False,external,manual,hired from Luton as new Southampton manager,Southampton,True,2022-08-06,2023-05-28,38.0,True,False,True,False
Southampton,Nathan Jones,Sacked,12 February 2023,20th,Rubén Sellés,12 February 2023,premier_league,2022/23,2022–23 Premier League,https://en.wikipedia.org/wiki/2022%E2%80%9323_Premier_League,wikipedia,2023-02-12,2023-02-12,False,False,sacked,rub n sell s,nathan jones,southampton,,,,nathan jones,False,False,False,True,True,False,caretaker,high,caretaker_flag_or_short_spell,Southampton,True,2022-08-06,2023-05-28,38.0,True,False,True,False
Tottenham Hotspur,Antonio Conte,Mutual consent,26 March 2023,4th,Cristian Stellini (interim),26 March 2023,premier_league,2022/23,2022–23 Premier League,https://en.wikipedia.org/wiki/2022%E2%80%9323_Premier_League,wikipedia,2023-03-26,2023-03-26,True,False,mutual_consent,cristian stellini,antonio conte,tottenhamhotspur,Sacked,cristian stellini,2023-04-24,,,False,True,True,True,False,caretaker,high,caretaker_flag_or_short_spell,Tottenham,True,2022-08-06,2023-05-28,38.0,True,False,False,True
Tottenham Hotspur,Cristian Stellini (interim),Sacked,24 April 2023,5th,Ryan Mason (interim),24 April 2023,premier_league,2022/23,2022–23 Premier League,https://en.wikipedia.org/wiki/2022%E2%80%9323_Premier_League,wikipedia,2023-04-24,2023-04-24,True,True,sacked,ryan mason,cristian stellini,tottenhamhotspur,,,,cristian stellini,True,False,False,True,True,False,caretaker,high,caretaker_flag_or_short_spell,Tottenham,True,2022-08-06,2023-05-28,38.0,True,False,True,False
Wolverhampton Wanderers,Bruno Lage,Sacked,2 October 2022,18th,Steve Davis (interim),2 October 2022,premier_league,2022/23,2022–23 Premier League,https://en.wikipedia.org/wiki/2022%E2%80%9323_Premier_League,wikipedia,2022-10-02,2022-10-02,True,False,sacked,steve davis,bruno lage,wolverhamptonwanderers,End of interim spell,steve davis,2022-11-14,,,True,True,True,True,False,caretaker,high,caretaker_flag_or_short_spell,Wolves,True,2022-08-06,2023-05-28,38.0,True,False,True,False
Wolverhampton Wanderers,Steve Davis,End of interim spell,14 November 2022,20th,Julen Lopetegui,14 November 2022,premier_league,2022/23,2022–23 Premier League,https://en.wikipedia.org/wiki/2022%E2%80%9323_Premier_League,wikipedia,2022-11-14,2022-11-14,False,False,exclude_end_caretaker,julen lopetegui,steve davis,wolverhamptonwanderers,,,,steve davis,True,False,False,False,True,True,external,high,arrived_from_other_club_in_sample,Wolves,True,2022-08-06,2023-05-28,38.0,True,False,False,False
Bournemouth,Gary O'Neil,Sacked,19 June 2023,Pre-season,Andoni Iraola,19 June 2023,premier_league,2023/24,2023–24 Premier League,https://en.wikipedia.org/wiki/2023%E2%80%9324_Premier_League,wikipedia,2023-06-19,2023-06-19,False,False,exclude_preseason,andoni iraola,gary o neil,bournemouth,,,,,,False,False,False,False,True,external,high,arrived_from_other_club_in_sample,Bournemouth,True,2023-08-12,2024-05-19,38.0,False,True,False,False
Chelsea,Frank Lampard,End of interim spell,28 May 2023,Pre-season,Mauricio Pochettino,29 May 2023,premier_league,2023/24,2023–24 Premier League,https://en.wikipedia.org/wiki/2023%E2%80%9324_Premier_League,wikipedia,2023-05-28,2023-05-29,False,False,exclude_preseason,mauricio pochettino,frank lampard,chelsea,,,,,,False,False,False,False,False,external,review,default_external_needs_review,Chelsea,True,2023-08-13,2024-05-19,38.0,False,True,False,False
Crystal Palace,Roy Hodgson,Resigned,19 February 2024,16th,Oliver Glasner,19 February 2024,premier_league,2023/24,2023–24 Premier League,https://en.wikipedia.org/wiki/2023%E2%80%9324_Premier_League,wikipedia,2024-02-19,2024-02-19,False,False,exclude_resigned,oliver glasner,roy hodgson,crystalpalace,,,,,,False,False,False,True,False,external,review,default_external_needs_review,Crystal Palace,True,2023-08-12,2024-05-19,38.0,True,False,False,False
Nottingham Forest,Steve Cooper,Sacked,19 December 2023,17th,Nuno Espírito Santo,20 December 2023,premier_league,2023/24,2023–24 Premier League,https://en.wikipedia.org/wiki/2023%E2%80%9324_Premier_League,wikipedia,2023-12-19,2023-12-20,False,False,sacked,nuno esp rito santo,steve cooper,nottinghamforest,,,,,,False,False,False,True,False,external,manual,hired from outside as new Forest manager,Nott'm Forest,True,2023-08-12,2024-05-19,38.0,True,False,True,False
Sheffield United,Paul Heckingbottom,Sacked,5 December 2023,20th,Chris Wilder,5 December 2023,premier_league,2023/24,2023–24 Premier League,https://en.wikipedia.org/wiki/2023%E2%80%9324_Premier_League,wikipedia,2023-12-05,2023-12-05,False,False,sacked,chris wilder,paul heckingbottom,sheffieldunited,,,,,,False,False,False,True,False,external,manual,"returning former manager hired from outside, not then on staff",Sheffield United,True,2023-08-12,2024-05-19,38.0,True,False,True,False
Tottenham Hotspur,Ryan Mason,End of interim spell,28 May 2023,Pre-season,Ange Postecoglou,6 June 2023,premier_league,2023/24,2023–24 Premier League,https://en.wikipedia.org/wiki/2023%E2%80%9324_Premier_League,wikipedia,2023-05-28,2023-06-06,False,False,exclude_preseason,ange postecoglou,ryan mason,tottenhamhotspur,,,,,,False,False,False,False,False,external,review,default_external_needs_review,Tottenham,True,2023-08-13,2024-05-19,38.0,False,True,False,False
Wolverhampton Wanderers,Julen Lopetegui,Mutual consent,8 August 2023,Pre-season,Gary O'Neil,9 August 2023,premier_league,2023/24,2023–24 Premier League,https://en.wikipedia.org/wiki/2023%E2%80%9324_Premier_League,wikipedia,2023-08-08,2023-08-09,False,False,exclude_preseason,gary o neil,julen lopetegui,wolverhamptonwanderers,,,,,,False,False,False,True,True,external,high,arrived_from_other_club_in_sample,Wolves,True,2023-08-14,2024-05-19,38.0,False,True,False,False
Brighton & Hove Albion,Roberto De Zerbi,Mutual consent,19 May 2024,Pre-season,Fabian Hürzeler,15 June 2024,premier_league,2024/25,2024–25 Premier League,https://en.wikipedia.org/wiki/2024%E2%80%9325_Premier_League,wikipedia,2024-05-19,2024-06-15,False,False,exclude_preseason,fabian h rzeler,roberto de zerbi,brightonandhovealbion,,,,,,False,False,False,False,True,external,high,arrived_from_other_club_in_sample,Brighton,True,2024-08-17,2025-05-25,38.0,False,True,False,False
Chelsea,Mauricio Pochettino,Mutual consent,21 May 2024,Pre-season,Enzo Maresca,3 June 2024,premier_league,2024/25,2024–25 Premier League,https://en.wikipedia.org/wiki/2024%E2%80%9325_Premier_League,wikipedia,2024-05-21,2024-06-03,False,False,exclude_preseason,enzo maresca,mauricio pochettino,chelsea,,,,,,False,False,False,False,True,external,high,arrived_from_other_club_in_sample,Chelsea,True,2024-08-18,2025-05-25,38.0,False,True,False,False
Everton,Sean Dyche,Sacked,9 January 2025,16th,Leighton Baines (interim),9 January 2025,premier_league,2024/25,2024–25 Premier League,https://en.wikipedia.org/wiki/2024%E2%80%9325_Premier_League,wikipedia,2025-01-09,2025-01-09,True,False,sacked,leighton baines,sean dyche,everton,End of interim spell,leighton baines,2025-01-11,,,True,True,False,True,False,caretaker,high,caretaker_flag_or_short_spell,Everton,True,2024-08-17,2025-05-25,38.0,True,False,True,False
Everton,Leighton Baines,End of interim spell,11 January 2025,16th,David Moyes,11 January 2025,premier_league,2024/25,2024–25 Premier League,https://en.wikipedia.org/wiki/2024%E2%80%9325_Premier_League,wikipedia,2025-01-11,2025-01-11,False,False,exclude_end_caretaker,david moyes,leighton baines,everton,,,,leighton baines,True,False,False,False,True,False,external,review,default_external_needs_review,Everton,True,2024-08-17,2025-05-25,38.0,True,False,False,False
Leicester City,Enzo Maresca,Signed by Chelsea,3 June 2024,Pre-season,Steve Cooper,20 June 2024,premier_league,2024/25,2024–25 Premier League,https://en.wikipedia.org/wiki/2024%E2%80%9325_Premier_League,wikipedia,2024-06-03,2024-06-20,False,False,exclude_preseason,steve cooper,enzo maresca,leicestercity,Sacked,steve cooper,2024-11-24,,,False,True,False,False,False,external,review,default_external_needs_review,Leicester,True,2024-08-19,2025-05-25,38.0,False,True,False,False
Leicester City,Steve Cooper,Sacked,24 November 2024,16th,Ben Dawson (interim),24 November 2024,premier_league,2024/25,2024–25 Premier League,https://en.wikipedia.org/wiki/2024%E2%80%9325_Premier_League,wikipedia,2024-11-24,2024-11-24,True,False,sacked,ben dawson,steve cooper,leicestercity,End of interim spell,ben dawson,2024-12-01,steve cooper,False,True,True,False,True,False,caretaker,high,caretaker_flag_or_short_spell,Leicester,True,2024-08-19,2025-05-25,38.0,True,False,True,False
Leicester City,Ben Dawson,End of interim spell,1 December 2024,16th,Ruud van Nistelrooy,1 December 2024,premier_league,2024/25,2024–25 Premier League,https://en.wikipedia.org/wiki/2024%E2%80%9325_Premier_League,wikipedia,2024-12-01,2024-12-01,False,False,exclude_end_caretaker,ruud van nistelrooy,ben dawson,leicestercity,,,,ben dawson,True,False,False,False,True,True,external,high,arrived_from_other_club_in_sample,Leicester,True,2024-08-19,2025-05-25,38.0,True,False,False,False
Liverpool,Jürgen Klopp,Resigned,19 May 2024,Pre-season,Arne Slot,1 June 2024,premier_league,2024/25,2024–25 Premier League,https://en.wikipedia.org/wiki/2024%E2%80%9325_Premier_League,wikipedia,2024-05-19,2024-06-01,False,False,exclude_preseason,arne slot,j rgen klopp,liverpool,,,,,,False,False,False,False,False,external,review,default_external_needs_review,Liverpool,True,2024-08-17,2025-05-25,38.0,False,True,False,False
Manchester United,Erik ten Hag,Sacked,28 October 2024,14th,Ruud van Nistelrooy (interim),28 October 2024,premier_league,2024/25,2024–25 Premier League,https://en.wikipedia.org/wiki/2024%E2%80%9325_Premier_League,wikipedia,2024-10-28,2024-10-28,True,False,sacked,ruud van nistelrooy,erik ten hag,manchesterunited,End of interim spell,ruud van nistelrooy,2024-11-11,,,True,True,True,True,False,caretaker,high,caretaker_flag_or_short_spell,Man United,True,2024-08-16,2025-05-25,38.0,True,False,True,False
Manchester United,Ruud van Nistelrooy,End of interim spell,11 November 2024,13th,Ruben Amorim,11 November 2024,premier_league,2024/25,2024–25 Premier League,https://en.wikipedia.org/wiki/2024%E2%80%9325_Premier_League,wikipedia,2024-11-11,2024-11-11,False,False,exclude_end_caretaker,ruben amorim,ruud van nistelrooy,manchesterunited,,,,ruud van nistelrooy,True,False,False,False,True,False,external,review,default_external_needs_review,Man United,True,2024-08-16,2025-05-25,38.0,True,False,False,False
Southampton,Russell Martin,Sacked,15 December 2024,20th,Simon Rusk (interim),15 December 2024,premier_league,2024/25,2024–25 Premier League,https://en.wikipedia.org/wiki/2024%E2%80%9325_Premier_League,wikipedia,2024-12-15,2024-12-15,True,False,sacked,simon rusk,russell martin,southampton,End of interim spell,simon rusk,2024-12-22,,,True,True,False,True,False,caretaker,high,caretaker_flag_or_short_spell,Southampton,True,2024-08-17,2025-05-25,38.0,True,False,True,False
Southampton,Simon Rusk,End of interim spell,22 December 2024,20th,Ivan Jurić,22 December 2024,premier_league,2024/25,2024–25 Premier League,https://en.wikipedia.org/wiki/2024%E2%80%9325_Premier_League,wikipedia,2024-12-22,2024-12-22,False,False,exclude_end_caretaker,ivan juri,simon rusk,southampton,Mutual consent,ivan juri,2025-04-07,simon rusk,True,False,True,False,True,True,external,high,arrived_from_other_club_in_sample,Southampton,True,2024-08-17,2025-05-25,38.0,True,False,False,False
Southampton,Ivan Jurić,Mutual consent,7 April 2025,20th,Simon Rusk (interim),7 April 2025,premier_league,2024/25,2024–25 Premier League,https://en.wikipedia.org/wiki/2024%E2%80%9325_Premier_League,wikipedia,2025-04-07,2025-04-07,True,False,mutual_consent,simon rusk,ivan juri,southampton,,,,ivan juri,False,False,False,True,True,False,caretaker,high,caretaker_flag_or_short_spell,Southampton,True,2024-08-17,2025-05-25,38.0,True,False,False,True
West Ham United,David Moyes,End of contract,19 May 2024,Pre-season,Julen Lopetegui,1 July 2024,premier_league,2024/25,2024–25 Premier League,https://en.wikipedia.org/wiki/2024%E2%80%9325_Premier_League,wikipedia,2024-05-19,2024-07-01,False,False,exclude_preseason,julen lopetegui,david moyes,westhamunited,Sacked,julen lopetegui,2025-01-08,,,False,True,False,False,False,external,review,default_external_needs_review,West Ham,True,2024-08-17,2025-05-25,38.0,False,True,False,False
West Ham United,Julen Lopetegui,Sacked,8 January 2025,14th,Graham Potter,9 January 2025,premier_league,2024/25,2024–25 Premier League,https://en.wikipedia.org/wiki/2024%E2%80%9325_Premier_League,wikipedia,2025-01-08,2025-01-09,False,False,sacked,graham potter,julen lopetegui,westhamunited,,,,julen lopetegui,False,False,False,False,True,False,external,manual,hired from outside as new West Ham manager,West Ham,True,2024-08-17,2025-05-25,38.0,True,False,True,False
Wolverhampton Wanderers,Gary O'Neil,Sacked,15 December 2024,19th,Vítor Pereira,19 December 2024,premier_league,2024/25,2024–25 Premier League,https://en.wikipedia.org/wiki/2024%E2%80%9325_Premier_League,wikipedia,2024-12-15,2024-12-19,False,False,sacked,v tor pereira,gary o neil,wolverhamptonwanderers,,,,,,False,False,False,True,False,external,manual,hired from outside as new Wolves manager,Wolves,True,2024-08-17,2025-05-25,38.0,True,False,True,False
ACF Fiorentina,Emiliano Mondonico,,25/10/2004,14,Sergio Buso,25/10/2004,serie_a,2004/05,,https://www.transfermarkt.com/serie-a/trainerwechsel/wettbewerb/IT1/saison_id/2004,transfermarkt_gap,2004-10-25,2004-10-25,False,False,review,sergio buso,emiliano mondonico,acffiorentina,,sergio buso,2005-01-25,,,False,True,False,True,False,external,review,default_external_needs_review,Fiorentina,True,2004-09-12,2005-05-29,31.0,True,False,False,False
ACF Fiorentina,Sergio Buso,,25/01/2005,15,Dino Zoff,25/01/2005,serie_a,2004/05,,https://www.transfermarkt.com/serie-a/trainerwechsel/wettbewerb/IT1/saison_id/2004,transfermarkt_gap,2005-01-25,2005-01-25,False,False,review,dino zoff,sergio buso,acffiorentina,,,,sergio buso,False,False,False,False,True,False,external,review,default_external_needs_review,Fiorentina,True,2004-09-12,2005-05-29,31.0,True,False,False,False
Atalanta BC,Andrea Mandorlini,,06/12/2004,20,Delio Rossi,06/12/2004,serie_a,2004/05,,https://www.transfermarkt.com/serie-a/trainerwechsel/wettbewerb/IT1/saison_id/2004,transfermarkt_gap,2004-12-06,2004-12-06,False,False,review,delio rossi,andrea mandorlini,atalantabc,,,,,,False,False,False,True,False,external,review,default_external_needs_review,Atalanta,True,2004-09-12,2005-05-29,28.0,True,False,False,False
Brescia Calcio,Giovanni De Biasi,,08/02/2005,19,Alberto Cavasin,08/02/2005,serie_a,2004/05,,https://www.transfermarkt.com/serie-a/trainerwechsel/wettbewerb/IT1/saison_id/2004,transfermarkt_gap,2005-02-08,2005-02-08,False,False,review,alberto cavasin,giovanni de biasi,brescia,,,,,,False,False,False,True,False,external,review,default_external_needs_review,Brescia,True,2004-09-12,2005-05-29,30.0,True,False,False,False
Chievo Verona,Mario Beretta,,09/05/2005,18,Maurizio D'Angelo,09/05/2005,serie_a,2004/05,,https://www.transfermarkt.com/serie-a/trainerwechsel/wettbewerb/IT1/saison_id/2004,transfermarkt_gap,2005-05-09,2005-05-09,False,False,review,maurizio d angelo,mario beretta,chievoverona,,,,,,False,False,False,True,False,external,review,default_external_needs_review,Chievo,True,2004-09-11,2005-05-29,31.0,True,False,False,False
SS Lazio,Domenico Caso,,22/12/2004,15,Giuseppe Papadopulo,22/12/2004,serie_a,2004/05,,https://www.transfermarkt.com/serie-a/trainerwechsel/wettbewerb/IT1/saison_id/2004,transfermarkt_gap,2004-12-22,2004-12-22,False,False,review,giuseppe papadopulo,domenico caso,lazio,,,,,,False,False,False,True,False,external,review,default_external_needs_review,Lazio,True,2004-09-12,2005-05-29,32.0,True,False,False,False
AS Livorno,Franco Colomba,,11/01/2005,15,Roberto Donadoni,11/01/2005,serie_a,2004/05,,https://www.transfermarkt.com/serie-a/trainerwechsel/wettbewerb/IT1/saison_id/2004,transfermarkt_gap,2005-01-11,2005-01-11,False,False,review,roberto donadoni,franco colomba,livorno,,,,,,False,False,False,True,False,external,review,default_external_needs_review,Livorno,True,2004-09-11,2005-05-29,31.0,True,False,False,False
Parma FC,Silvio Baldini,,13/12/2004,18,Pietro Carmignani,13/12/2004,serie_a,2004/05,,https://www.transfermarkt.com/serie-a/trainerwechsel/wettbewerb/IT1/saison_id/2004,transfermarkt_gap,2004-12-13,2004-12-13,False,False,review,pietro carmignani,silvio baldini,parma,,,,,,False,False,False,True,False,external,review,default_external_needs_review,Parma,True,2004-09-12,2005-05-29,30.0,True,False,False,False
AS Roma,Rudi Völler,,25/09/2004,13,Ezio Sella (caretaker),25/09/2004,serie_a,2004/05,,https://www.transfermarkt.com/serie-a/trainerwechsel/wettbewerb/IT1/saison_id/2004,transfermarkt_gap,2004-09-25,2004-09-25,True,False,review,ezio sella,rudi v ller,roma,,ezio sella,2004-09-29,,,False,True,False,True,False,caretaker,high,caretaker_flag_or_short_spell,Roma,True,2004-09-12,2005-05-29,29.0,True,False,False,False
AS Roma,Ezio Sella,,29/09/2004,-,Luigi Delneri,29/09/2004,serie_a,2004/05,,https://www.transfermarkt.com/serie-a/trainerwechsel/wettbewerb/IT1/saison_id/2004,transfermarkt_gap,2004-09-29,2004-09-29,False,False,review,luigi delneri,ezio sella,roma,,luigi delneri,2005-03-14,ezio sella,True,False,True,False,True,False,external,review,default_external_needs_review,Roma,True,2004-09-12,2005-05-29,29.0,True,False,False,False
AS Roma,Luigi Delneri,,14/03/2005,7,Bruno Conti,14/03/2005,serie_a,2004/05,,https://www.transfermarkt.com/serie-a/trainerwechsel/wettbewerb/IT1/saison_id/2004,transfermarkt_gap,2005-03-14,2005-03-14,False,False,review,bruno conti,luigi delneri,roma,,,,luigi delneri,False,False,False,False,True,False,external,review,default_external_needs_review,Roma,True,2004-09-12,2005-05-29,29.0,True,False,False,False
AC Siena,Luigi Simoni,,10/01/2005,19,Mario Beretta,10/01/2005,serie_a,2004/05,,https://www.transfermarkt.com/serie-a/trainerwechsel/wettbewerb/IT1/saison_id/2004,transfermarkt_gap,2005-01-10,2005-01-10,False,False,review,mario beretta,luigi simoni,siena,,,,,,False,False,False,True,False,external,review,default_external_needs_review,Siena,True,2004-09-12,2005-05-29,31.0,True,False,False,False
Cagliari Calcio,Attilio Tesser,,29/08/2005,11,Daniele Arrigoni,29/08/2005,serie_a,2005/06,,https://www.transfermarkt.com/serie-a/trainerwechsel/wettbewerb/IT1/saison_id/2005,transfermarkt_gap,2005-08-29,2005-08-29,False,False,review,daniele arrigoni,attilio tesser,cagliari,,daniele arrigoni,2005-09-15,,,False,True,False,True,False,caretaker,review,caretaker_flag_or_short_spell,Cagliari,True,2005-08-28,2006-05-14,38.0,True,False,False,False
Cagliari Calcio,Daniele Arrigoni,,15/09/2005,11,Davide Ballardini,15/09/2005,serie_a,2005/06,,https://www.transfermarkt.com/serie-a/trainerwechsel/wettbewerb/IT1/saison_id/2005,transfermarkt_gap,2005-09-15,2005-09-15,False,False,review,davide ballardini,daniele arrigoni,cagliari,,davide ballardini,2005-11-08,daniele arrigoni,False,False,True,False,True,False,caretaker,review,caretaker_flag_or_short_spell,Cagliari,True,2005-08-28,2006-05-14,38.0,True,False,False,False
Cagliari Calcio,Davide Ballardini,,08/11/2005,15,Nedo Sonetti,08/11/2005,serie_a,2005/06,,https://www.transfermarkt.com/serie-a/trainerwechsel/wettbewerb/IT1/saison_id/2005,transfermarkt_gap,2005-11-08,2005-11-08,False,False,review,nedo sonetti,davide ballardini,cagliari,,,,davide ballardini,False,False,False,False,True,False,external,review,default_external_needs_review,Cagliari,True,2005-08-28,2006-05-14,38.0,True,False,False,False
FC Empoli,Mario Somma,,19/01/2006,10,Luigi Cagni,19/01/2006,serie_a,2005/06,,https://www.transfermarkt.com/serie-a/trainerwechsel/wettbewerb/IT1/saison_id/2005,transfermarkt_gap,2006-01-19,2006-01-19,False,False,review,luigi cagni,mario somma,empoli,,,,,,False,False,False,True,False,external,review,default_external_needs_review,Empoli,True,2005-08-28,2006-05-14,38.0,True,False,False,False
US Lecce,Angelo Gregucci,,26/09/2005,15,Silvio Baldini,26/09/2005,serie_a,2005/06,,https://www.transfermarkt.com/serie-a/trainerwechsel/wettbewerb/IT1/saison_id/2005,transfermarkt_gap,2005-09-26,2005-09-26,False,False,review,silvio baldini,angelo gregucci,lecce,,silvio baldini,2006-01-23,,,False,True,False,True,False,external,review,default_external_needs_review,Lecce,True,2005-08-27,2006-05-14,38.0,True,False,False,False
US Lecce,Silvio Baldini,,23/01/2006,18,Franco Paleari (caretaker),23/01/2006,serie_a,2005/06,,https://www.transfermarkt.com/serie-a/trainerwechsel/wettbewerb/IT1/saison_id/2005,transfermarkt_gap,2006-01-23,2006-01-23,True,False,review,franco paleari,silvio baldini,lecce,,,,silvio baldini,False,False,False,True,True,False,caretaker,high,caretaker_flag_or_short_spell,Lecce,True,2005-08-27,2006-05-14,38.0,True,False,False,False
AS Livorno,Roberto Donadoni,,06/02/2006,3,Carlo Mazzone,06/02/2006,serie_a,2005/06,,https://www.transfermarkt.com/serie-a/trainerwechsel/wettbewerb/IT1/saison_id/2005,transfermarkt_gap,2006-02-06,2006-02-06,False,False,review,carlo mazzone,roberto donadoni,livorno,,,,,,False,False,False,True,False,external,review,default_external_needs_review,Livorno,True,2005-08-27,2006-05-14,38.0,True,False,False,False
FC Messina Peloro,Bortolo Mutti,,26/03/2006,16,Gian Piero Ventura,26/03/2006,serie_a,2005/06,,https://www.transfermarkt.com/serie-a/trainerwechsel/wettbewerb/IT1/saison_id/2005,transfermarkt_gap,2006-03-26,2006-03-26,False,False,review,gian piero ventura,bortolo mutti,messinapeloro,,,,,,False,False,False,True,False,external,review,default_external_needs_review,,False,,,,False,False,False,False
US Palermo,Luigi Delneri,,29/01/2006,6,Giuseppe Papadopulo,29/01/2006,serie_a,2005/06,,https://www.transfermarkt.com/serie-a/trainerwechsel/wettbewerb/IT1/saison_id/2005,transfermarkt_gap,2006-01-29,2006-01-29,False,False,review,giuseppe papadopulo,luigi delneri,palermo,,,,,,False,False,False,True,False,external,review,default_external_needs_review,Palermo,True,2005-08-28,2006-05-14,38.0,True,False,False,False
Treviso FBC 1993,Ezio Rossi,,06/11/2005,14,Alberto Cavasin,06/11/2005,serie_a,2005/06,,https://www.transfermarkt.com/serie-a/trainerwechsel/wettbewerb/IT1/saison_id/2005,transfermarkt_gap,2005-11-06,2005-11-06,False,False,review,alberto cavasin,ezio rossi,trevisofbc1993,,alberto cavasin,2006-02-21,,,False,True,False,True,False,external,review,default_external_needs_review,,False,,,,False,False,False,False
Treviso FBC 1993,Alberto Cavasin,,21/02/2006,18,Diego Bortoluzzi,21/02/2006,serie_a,2005/06,,https://www.transfermarkt.com/serie-a/trainerwechsel/wettbewerb/IT1/saison_id/2005,transfermarkt_gap,2006-02-21,2006-02-21,False,False,review,diego bortoluzzi,alberto cavasin,trevisofbc1993,,,,alberto cavasin,False,False,False,False,True,False,external,review,default_external_needs_review,,False,,,,False,False,False,False
Udinese Calcio,Serse Cosmi,,10/02/2006,8,Loris Dominissini,10/02/2006,serie_a,2005/06,,https://www.transfermarkt.com/serie-a/trainerwechsel/wettbewerb/IT1/saison_id/2005,transfermarkt_gap,2006-02-10,2006-02-10,False,False,review,loris dominissini,serse cosmi,udinese,,roberto sensini,2006-03-20,,,False,False,False,True,False,external,review,default_external_needs_review,Udinese,True,2005-08-28,2006-05-14,38.0,True,False,False,False
Udinese Calcio,Roberto Sensini,,20/03/2006,-,Giovanni Galeone,20/03/2006,serie_a,2005/06,,https://www.transfermarkt.com/serie-a/trainerwechsel/wettbewerb/IT1/saison_id/2005,transfermarkt_gap,2006-03-20,2006-03-20,False,False,review,giovanni galeone,roberto sensini,udinese,,loris dominissini,2006-03-20,loris dominissini,False,False,False,False,True,False,external,review,default_external_needs_review,Udinese,True,2005-08-28,2006-05-14,38.0,True,False,False,False
Udinese Calcio,Loris Dominissini,,20/03/2006,15,Giovanni Galeone,20/03/2006,serie_a,2005/06,,https://www.transfermarkt.com/serie-a/trainerwechsel/wettbewerb/IT1/saison_id/2005,transfermarkt_gap,2006-03-20,2006-03-20,False,False,review,giovanni galeone,loris dominissini,udinese,,,,giovanni galeone,False,False,False,False,True,False,internal,high,promoted_from_prior_spell_at_club,Udinese,True,2005-08-28,2006-05-14,38.0,True,False,False,False
Ascoli Calcio 1898,Attilio Tesser,,05/11/2006,17,Nedo Sonetti,05/11/2006,serie_a,2006/07,,https://www.transfermarkt.com/serie-a/trainerwechsel/wettbewerb/IT1/saison_id/2006,transfermarkt_gap,2006-11-05,2006-11-05,False,False,review,nedo sonetti,attilio tesser,ascoli1898,,,,,,False,False,False,True,False,external,review,default_external_needs_review,,False,,,,False,False,False,False
Cagliari Calcio,Marco Giampaolo,,17/12/2006,13,Franco Colomba,17/12/2006,serie_a,2006/07,,https://www.transfermarkt.com/serie-a/trainerwechsel/wettbewerb/IT1/saison_id/2006,transfermarkt_gap,2006-12-17,2006-12-17,False,False,review,franco colomba,marco giampaolo,cagliari,,franco colomba,2007-02-26,,,False,True,False,True,False,caretaker,review,caretaker_flag_or_short_spell,Cagliari,True,2006-09-10,2007-05-27,38.0,True,False,False,False
Cagliari Calcio,Franco Colomba,,26/02/2007,16,Marco Giampaolo,26/02/2007,serie_a,2006/07,,https://www.transfermarkt.com/serie-a/trainerwechsel/wettbewerb/IT1/saison_id/2006,transfermarkt_gap,2007-02-26,2007-02-26,False,False,review,marco giampaolo,franco colomba,cagliari,,,,franco colomba,False,False,False,False,True,False,external,review,default_external_needs_review,Cagliari,True,2006-09-10,2007-05-27,38.0,True,False,False,False
Chievo Verona,Giuseppe Pillon,,16/10/2006,17,Luigi Delneri,16/10/2006,serie_a,2006/07,,https://www.transfermarkt.com/serie-a/trainerwechsel/wettbewerb/IT1/saison_id/2006,transfermarkt_gap,2006-10-16,2006-10-16,False,False,review,luigi delneri,giuseppe pillon,chievoverona,,,,,,False,False,False,True,False,external,review,default_external_needs_review,Chievo,True,2006-09-10,2007-05-27,38.0,True,False,False,False
AS Livorno,Daniele Arrigoni,,18/03/2007,12,Fernando Orsi,18/03/2007,serie_a,2006/07,,https://www.transfermarkt.com/serie-a/trainerwechsel/wettbewerb/IT1/saison_id/2006,transfermarkt_gap,2007-03-18,2007-03-18,False,False,review,fernando orsi,daniele arrigoni,livorno,,,,,,False,False,False,True,False,external,review,default_external_needs_review,Livorno,True,2006-09-09,2007-05-27,38.0,True,False,False,False
FC Messina Peloro,Bruno Giordano,,30/01/2007,17,Alberto Cavasin,30/01/2007,serie_a,2006/07,,https://www.transfermarkt.com/serie-a/trainerwechsel/wettbewerb/IT1/saison_id/2006,transfermarkt_gap,2007-01-30,2007-01-30,False,False,review,alberto cavasin,bruno giordano,messinapeloro,,alberto cavasin,2007-04-02,,,False,True,False,True,False,caretaker,review,caretaker_flag_or_short_spell,,False,,,,False,False,False,False
FC Messina Peloro,Alberto Cavasin,,02/04/2007,19,Bruno Giordano,02/04/2007,serie_a,2006/07,,https://www.transfermarkt.com/serie-a/trainerwechsel/wettbewerb/IT1/saison_id/2006,transfermarkt_gap,2007-04-02,2007-04-02,False,False,review,bruno giordano,alberto cavasin,messinapeloro,,bruno giordano,2007-04-23,alberto cavasin,False,False,True,False,True,False,caretaker,review,caretaker_flag_or_short_spell,,False,,,,False,False,False,False
FC Messina Peloro,Bruno Giordano,,23/04/2007,19,Bruno Bolchi,23/04/2007,serie_a,2006/07,,https://www.transfermarkt.com/serie-a/trainerwechsel/wettbewerb/IT1/saison_id/2006,transfermarkt_gap,2007-04-23,2007-04-23,False,False,review,bruno bolchi,bruno giordano,messinapeloro,,,,bruno giordano,False,False,False,False,True,False,external,review,default_external_needs_review,,False,,,,False,False,False,False
US Palermo,Francesco Guidolin,,23/04/2007,6,Rosario Pergolizzi,23/04/2007,serie_a,2006/07,,https://www.transfermarkt.com/serie-a/trainerwechsel/wettbewerb/IT1/saison_id/2006,transfermarkt_gap,2007-04-23,2007-04-23,False,False,review,rosario pergolizzi,francesco guidolin,palermo,,rosario pergolizzi,2007-04-27,,,False,True,False,True,False,caretaker,review,caretaker_flag_or_short_spell,Palermo,True,2006-09-10,2007-05-27,38.0,True,False,False,False
US Palermo,Rosario Pergolizzi,,27/04/2007,-,Renzo Gobbo,27/04/2007,serie_a,2006/07,,https://www.transfermarkt.com/serie-a/trainerwechsel/wettbewerb/IT1/saison_id/2006,transfermarkt_gap,2007-04-27,2007-04-27,False,False,review,renzo gobbo,rosario pergolizzi,palermo,,renzo gobbo,2007-05-13,rosario pergolizzi,False,False,True,False,True,False,caretaker,review,caretaker_flag_or_short_spell,Palermo,True,2006-09-10,2007-05-27,38.0,True,False,False,False
US Palermo,Renzo Gobbo,,13/05/2007,5,Francesco Guidolin,13/05/2007,serie_a,2006/07,,https://www.transfermarkt.com/serie-a/trainerwechsel/wettbewerb/IT1/saison_id/2006,transfermarkt_gap,2007-05-13,2007-05-13,False,False,review,francesco guidolin,renzo gobbo,palermo,,,,renzo gobbo,False,False,False,False,True,False,external,review,default_external_needs_review,Palermo,True,2006-09-10,2007-05-27,38.0,True,False,False,False
Parma FC,Stefano Pioli,,12/02/2007,18,Claudio Ranieri,12/02/2007,serie_a,2006/07,,https://www.transfermarkt.com/serie-a/trainerwechsel/wettbewerb/IT1/saison_id/2006,transfermarkt_gap,2007-02-12,2007-02-12,False,False,review,claudio ranieri,stefano pioli,parma,,,,,,False,False,False,True,False,external,review,default_external_needs_review,Parma,True,2006-09-10,2007-05-27,38.0,True,False,False,False
Torino FC,Alberto Zaccheroni,,26/02/2007,17,Giovanni De Biasi,26/02/2007,serie_a,2006/07,,https://www.transfermarkt.com/serie-a/trainerwechsel/wettbewerb/IT1/saison_id/2006,transfermarkt_gap,2007-02-26,2007-02-26,False,False,review,giovanni de biasi,alberto zaccheroni,torino,,,,,,False,False,False,True,False,external,review,default_external_needs_review,Torino,True,2006-09-10,2007-05-27,38.0,True,False,False,False
Udinese Calcio,Giovanni Galeone,,16/01/2007,10,Alberto Malesani,16/01/2007,serie_a,2006/07,,https://www.transfermarkt.com/serie-a/trainerwechsel/wettbewerb/IT1/saison_id/2006,transfermarkt_gap,2007-01-16,2007-01-16,False,False,review,alberto malesani,giovanni galeone,udinese,,,,,,False,False,False,True,False,external,review,default_external_needs_review,Udinese,True,2006-09-10,2007-05-27,38.0,True,False,False,False
Cagliari Calcio,Marco Giampaolo,,13/11/2007,17,Nedo Sonetti,13/11/2007,serie_a,2007/08,,https://www.transfermarkt.com/serie-a/trainerwechsel/wettbewerb/IT1/saison_id/2007,transfermarkt_gap,2007-11-13,2007-11-13,False,False,review,nedo sonetti,marco giampaolo,cagliari,,nedo sonetti,2007-12-24,,,False,True,False,True,False,caretaker,review,caretaker_flag_or_short_spell,Cagliari,True,2007-08-26,2008-05-18,38.0,True,False,False,False
Cagliari Calcio,Nedo Sonetti,,24/12/2007,20,Davide Ballardini,24/12/2007,serie_a,2007/08,,https://www.transfermarkt.com/serie-a/trainerwechsel/wettbewerb/IT1/saison_id/2007,transfermarkt_gap,2007-12-24,2007-12-24,False,False,review,davide ballardini,nedo sonetti,cagliari,,,,nedo sonetti,False,False,False,False,True,False,external,review,default_external_needs_review,Cagliari,True,2007-08-26,2008-05-18,38.0,True,False,False,False
Calcio Catania,Silvio Baldini,,31/03/2008,15,Walter Zenga,31/03/2008,serie_a,2007/08,,https://www.transfermarkt.com/serie-a/trainerwechsel/wettbewerb/IT1/saison_id/2007,transfermarkt_gap,2008-03-31,2008-03-31,False,False,review,walter zenga,silvio baldini,catania,,,,,,False,False,False,True,False,external,review,default_external_needs_review,Catania,True,2007-08-26,2008-05-18,38.0,True,False,False,False
FC Empoli,Luigi Cagni,,26/11/2007,18,Alberto Malesani,26/11/2007,serie_a,2007/08,,https://www.transfermarkt.com/serie-a/trainerwechsel/wettbewerb/IT1/saison_id/2007,transfermarkt_gap,2007-11-26,2007-11-26,False,False,review,alberto malesani,luigi cagni,empoli,,alberto malesani,2008-03-31,,,False,True,False,True,False,external,review,default_external_needs_review,Empoli,True,2007-08-26,2008-05-18,38.0,True,False,False,False
FC Empoli,Alberto Malesani,,31/03/2008,20,Luigi Cagni,31/03/2008,serie_a,2007/08,,https://www.transfermarkt.com/serie-a/trainerwechsel/wettbewerb/IT1/saison_id/2007,transfermarkt_gap,2008-03-31,2008-03-31,False,False,review,luigi cagni,alberto malesani,empoli,,,,alberto malesani,False,False,False,False,True,False,external,review,default_external_needs_review,Empoli,True,2007-08-26,2008-05-18,38.0,True,False,False,False
AS Livorno,Fernando Orsi,,09/10/2007,20,Giancarlo Camolese,09/10/2007,serie_a,2007/08,,https://www.transfermarkt.com/serie-a/trainerwechsel/wettbewerb/IT1/saison_id/2007,transfermarkt_gap,2007-10-09,2007-10-09,False,False,review,giancarlo camolese,fernando orsi,livorno,,giancarlo camolese,2008-04-28,,,False,True,False,True,False,external,review,default_external_needs_review,Livorno,True,2007-08-25,2008-05-18,38.0,True,False,False,False
AS Livorno,Giancarlo Camolese,,28/04/2008,20,Fernando Orsi,28/04/2008,serie_a,2007/08,,https://www.transfermarkt.com/serie-a/trainerwechsel/wettbewerb/IT1/saison_id/2007,transfermarkt_gap,2008-04-28,2008-04-28,False,False,review,fernando orsi,giancarlo camolese,livorno,,,,giancarlo camolese,False,False,False,False,True,False,external,review,default_external_needs_review,Livorno,True,2007-08-25,2008-05-18,38.0,True,False,False,False
US Palermo,Stefano Colantuono,,26/11/2007,7,Francesco Guidolin,26/11/2007,serie_a,2007/08,,https://www.transfermarkt.com/serie-a/trainerwechsel/wettbewerb/IT1/saison_id/2007,transfermarkt_gap,2007-11-26,2007-11-26,False,False,review,francesco guidolin,stefano colantuono,palermo,,francesco guidolin,2008-03-24,,,False,True,False,True,False,external,review,default_external_needs_review,Palermo,True,2007-08-26,2008-05-18,38.0,True,False,False,False
US Palermo,Francesco Guidolin,,24/03/2008,12,Stefano Colantuono,24/03/2008,serie_a,2007/08,,https://www.transfermarkt.com/serie-a/trainerwechsel/wettbewerb/IT1/saison_id/2007,transfermarkt_gap,2008-03-24,2008-03-24,False,False,review,stefano colantuono,francesco guidolin,palermo,,,,francesco guidolin,False,False,False,False,True,False,external,review,default_external_needs_review,Palermo,True,2007-08-26,2008-05-18,38.0,True,False,False,False
Parma FC,Domenico Di Carlo,,10/03/2008,17,Héctor Cúper,10/03/2008,serie_a,2007/08,,https://www.transfermarkt.com/serie-a/trainerwechsel/wettbewerb/IT1/saison_id/2007,transfermarkt_gap,2008-03-10,2008-03-10,False,False,review,h ctor c per,domenico di carlo,parma,,h ctor c per,2008-05-12,,,False,True,False,True,True,caretaker,review,caretaker_flag_or_short_spell,Parma,True,2007-08-26,2008-05-18,38.0,True,False,False,False
Parma FC,Héctor Cúper,,12/05/2008,18,Andrea Manzo,12/05/2008,serie_a,2007/08,,https://www.transfermarkt.com/serie-a/trainerwechsel/wettbewerb/IT1/saison_id/2007,transfermarkt_gap,2008-05-12,2008-05-12,False,False,review,andrea manzo,h ctor c per,parma,,,,h ctor c per,False,False,False,False,True,False,external,review,default_external_needs_review,Parma,True,2007-08-26,2008-05-18,38.0,True,False,False,False
Reggina Calcio,Massimo Ficcadenti,,01/11/2007,20,Renzo Ulivieri,01/11/2007,serie_a,2007/08,,https://www.transfermarkt.com/serie-a/trainerwechsel/wettbewerb/IT1/saison_id/2007,transfermarkt_gap,2007-11-01,2007-11-01,False,False,review,renzo ulivieri,massimo ficcadenti,reggina,,renzo ulivieri,2008-03-03,,,False,True,False,True,False,external,review,default_external_needs_review,Reggina,True,2007-08-26,2008-05-18,38.0,True,False,False,False
Reggina Calcio,Renzo Ulivieri,,03/03/2008,19,Nevio Orlandi,03/03/2008,serie_a,2007/08,,https://www.transfermarkt.com/serie-a/trainerwechsel/wettbewerb/IT1/saison_id/2007,transfermarkt_gap,2008-03-03,2008-03-03,False,False,review,nevio orlandi,renzo ulivieri,reggina,,,,renzo ulivieri,False,False,False,False,True,False,external,review,default_external_needs_review,Reggina,True,2007-08-26,2008-05-18,38.0,True,False,False,False
AC Siena,Andrea Mandorlini,,12/11/2007,17,Mario Beretta,12/11/2007,serie_a,2007/08,,https://www.transfermarkt.com/serie-a/trainerwechsel/wettbewerb/IT1/saison_id/2007,transfermarkt_gap,2007-11-12,2007-11-12,False,False,review,mario beretta,andrea mandorlini,siena,,,,,,False,False,False,True,False,external,review,default_external_needs_review,Siena,True,2007-08-26,2008-05-18,38.0,True,False,False,False
Torino FC,Walter Novellino,,15/04/2008,14,Giovanni De Biasi,15/04/2008,serie_a,2007/08,,https://www.transfermarkt.com/serie-a/trainerwechsel/wettbewerb/IT1/saison_id/2007,transfermarkt_gap,2008-04-15,2008-04-15,False,False,review,giovanni de biasi,walter novellino,torino,,,,,,False,False,False,True,True,external,high,arrived_from_other_club_in_sample,Torino,True,2007-08-25,2008-05-18,38.0,True,False,False,False
Bologna,Daniele Arrigoni,Sacked,3 November 2008,,Siniša Mihajlović,3 November 2008,serie_a,2008/09,2008–09 Serie A,https://en.wikipedia.org/wiki/2008%E2%80%9309_Serie_A,wikipedia,2008-11-03,2008-11-03,False,False,sacked,sini a mihajlovi,daniele arrigoni,bologna,Sacked,sini a mihajlovi,2009-04-14,,,False,True,False,False,False,external,manual,hired from Inter assistant job as new Bologna manager,Bologna,True,2008-08-31,2009-05-31,38.0,True,False,True,False
Bologna,Siniša Mihajlović,Sacked,14 April 2009,,Giuseppe Papadopulo,14 April 2009,serie_a,2008/09,2008–09 Serie A,https://en.wikipedia.org/wiki/2008%E2%80%9309_Serie_A,wikipedia,2009-04-14,2009-04-14,False,False,sacked,giuseppe papadopulo,sini a mihajlovi,bologna,,,,sini a mihajlovi,False,False,False,False,False,False,external,manual,hired from outside as new manager for remaining seven games,Bologna,True,2008-08-31,2009-05-31,38.0,True,False,True,False
Cagliari,Davide Ballardini,Contract expired,27 May 2008,,Massimiliano Allegri,29 May 2008,serie_a,2008/09,2008–09 Serie A,https://en.wikipedia.org/wiki/2008%E2%80%9309_Serie_A,wikipedia,2008-05-27,2008-05-29,False,False,exclude_contract_expired,massimiliano allegri,davide ballardini,cagliari,,,,,,False,False,False,False,False,external,review,default_external_needs_review,Cagliari,True,2008-08-31,2009-05-31,38.0,False,False,False,False
Chievo Verona,Giuseppe Iachini,Sacked,4 November 2008,,Domenico Di Carlo,4 November 2008,serie_a,2008/09,2008–09 Serie A,https://en.wikipedia.org/wiki/2008%E2%80%9309_Serie_A,wikipedia,2008-11-04,2008-11-04,False,False,sacked,domenico di carlo,giuseppe iachini,chievoverona,,,,,,False,False,False,True,False,external,manual,"hired from outside as new manager on a one-year deal, not then at Chievo",Chievo,True,2008-08-31,2009-05-31,38.0,True,False,True,False
Internazionale,Roberto Mancini,Sacked,29 May 2008,,José Mourinho,2 June 2008,serie_a,2008/09,2008–09 Serie A,https://en.wikipedia.org/wiki/2008%E2%80%9309_Serie_A,wikipedia,2008-05-29,2008-06-02,False,False,sacked,jos mourinho,roberto mancini,internazionale,,,,,,False,False,False,False,False,external,review,default_external_needs_review,Inter,True,2008-08-30,2009-05-31,38.0,False,False,False,False
Juventus,Claudio Ranieri,Sacked,18 May 2009,,Ciro Ferrara,18 May 2009,serie_a,2008/09,2008–09 Serie A,https://en.wikipedia.org/wiki/2008%E2%80%9309_Serie_A,wikipedia,2009-05-18,2009-05-18,False,False,sacked,ciro ferrara,claudio ranieri,juventus,,,,,,False,False,False,True,False,caretaker,manual,Youth chief named traghettatore for the last two league games; confirmed as manager only in June.,Juventus,True,2008-08-31,2009-05-31,38.0,True,False,True,False
Lecce,Giuseppe Papadopulo,Contract expired,23 June 2008,,Mario Beretta,23 June 2008,serie_a,2008/09,2008–09 Serie A,https://en.wikipedia.org/wiki/2008%E2%80%9309_Serie_A,wikipedia,2008-06-23,2008-06-23,False,False,exclude_contract_expired,mario beretta,giuseppe papadopulo,lecce,Sacked,mario beretta,2009-03-09,,,False,True,False,False,True,external,high,arrived_from_other_club_in_sample,Lecce,True,2008-08-31,2009-05-31,38.0,False,False,False,False
Lecce,Mario Beretta,Sacked,9 March 2009,,Luigi De Canio,9 March 2009,serie_a,2008/09,2008–09 Serie A,https://en.wikipedia.org/wiki/2008%E2%80%9309_Serie_A,wikipedia,2009-03-09,2009-03-09,False,False,sacked,luigi de canio,mario beretta,lecce,,,,mario beretta,False,False,False,False,True,False,external,manual,hired from outside as new Lecce manager,Lecce,True,2008-08-31,2009-05-31,38.0,True,False,True,False
Napoli,Edoardo Reja,Sacked,10 March 2009,,Roberto Donadoni,10 March 2009,serie_a,2008/09,2008–09 Serie A,https://en.wikipedia.org/wiki/2008%E2%80%9309_Serie_A,wikipedia,2009-03-10,2009-03-10,False,False,sacked,roberto donadoni,edoardo reja,napoli,,,,,,False,False,False,True,False,external,manual,hired from outside as new Napoli manager,Napoli,True,2008-08-31,2009-05-31,38.0,True,False,True,False
Palermo,Stefano Colantuono,Sacked,4 September 2008,,Davide Ballardini,4 September 2008,serie_a,2008/09,2008–09 Serie A,https://en.wikipedia.org/wiki/2008%E2%80%9309_Serie_A,wikipedia,2008-09-04,2008-09-04,False,False,sacked,davide ballardini,stefano colantuono,palermo,,,,,,False,False,False,True,True,external,high,arrived_from_other_club_in_sample,Palermo,True,2008-08-30,2009-05-31,38.0,True,False,True,False
Reggina,Nevio Orlandi,Sacked,16 December 2008,,Giuseppe Pillon,16 December 2008,serie_a,2008/09,2008–09 Serie A,https://en.wikipedia.org/wiki/2008%E2%80%9309_Serie_A,wikipedia,2008-12-16,2008-12-16,False,False,sacked,giuseppe pillon,nevio orlandi,reggina,Sacked,giuseppe pillon,2009-01-25,,,False,True,False,True,False,external,manual,"hired from outside as new manager replacing Orlandi, not a caretaker appointment",Reggina,True,2008-08-31,2009-05-31,38.0,True,False,True,False
Reggina,Giuseppe Pillon,Sacked,25 January 2009,,Nevio Orlandi,25 January 2009,serie_a,2008/09,2008–09 Serie A,https://en.wikipedia.org/wiki/2008%E2%80%9309_Serie_A,wikipedia,2009-01-25,2009-01-25,False,False,sacked,nevio orlandi,giuseppe pillon,reggina,,,,giuseppe pillon,False,False,False,False,True,False,external,manual,"sacked manager reinstated from outside, not then on staff under Pillon",Reggina,True,2008-08-31,2009-05-31,38.0,True,False,True,False
Siena,Mario Beretta,Contract expired,27 May 2008,,Marco Giampaolo,27 May 2008,serie_a,2008/09,2008–09 Serie A,https://en.wikipedia.org/wiki/2008%E2%80%9309_Serie_A,wikipedia,2008-05-27,2008-05-27,False,False,exclude_contract_expired,marco giampaolo,mario beretta,siena,,,,,,False,False,False,False,False,external,review,default_external_needs_review,Siena,True,2008-08-31,2009-05-31,38.0,False,False,False,False
Torino,Gianni De Biasi,Sacked,8 December 2008,,Walter Novellino,8 December 2008,serie_a,2008/09,2008–09 Serie A,https://en.wikipedia.org/wiki/2008%E2%80%9309_Serie_A,wikipedia,2008-12-08,2008-12-08,False,False,sacked,walter novellino,gianni de biasi,torino,Sacked,walter novellino,2009-03-24,,,False,True,False,True,False,external,manual,hired from outside as new Torino manager,Torino,True,2008-08-31,2009-05-31,38.0,True,False,True,False
Torino,Walter Novellino,Sacked,24 March 2009,,Giancarlo Camolese,24 March 2009,serie_a,2008/09,2008–09 Serie A,https://en.wikipedia.org/wiki/2008%E2%80%9309_Serie_A,wikipedia,2009-03-24,2009-03-24,False,False,sacked,giancarlo camolese,walter novellino,torino,,,,walter novellino,False,False,False,False,True,False,external,manual,hired from outside as new Torino manager,Torino,True,2008-08-31,2009-05-31,38.0,True,False,True,False
Atalanta,Luigi Delneri,Contract expired,1 June 2009,Pre-season,Angelo Gregucci,5 June 2009,serie_a,2009/10,2009–10 Serie A,https://en.wikipedia.org/wiki/2009%E2%80%9310_Serie_A,wikipedia,2009-06-01,2009-06-05,False,False,exclude_preseason,angelo gregucci,luigi delneri,atalanta,Sacked,angelo gregucci,2009-09-21,,,False,True,False,False,False,external,review,default_external_needs_review,Atalanta,True,2009-08-23,2010-05-16,38.0,False,True,False,False
Atalanta,Angelo Gregucci,Sacked,21 September 2009,20th,Antonio Conte,21 September 2009,serie_a,2009/10,2009–10 Serie A,https://en.wikipedia.org/wiki/2009%E2%80%9310_Serie_A,wikipedia,2009-09-21,2009-09-21,False,False,sacked,antonio conte,angelo gregucci,atalanta,Resigned,antonio conte,2010-01-07,angelo gregucci,False,False,True,False,False,True,external,high,arrived_from_other_club_in_sample,Atalanta,True,2009-08-23,2010-05-16,38.0,True,False,True,False
Atalanta,Antonio Conte,Resigned,7 January 2010,19th,Walter Bonacina (caretaker),7 January 2010,serie_a,2009/10,2009–10 Serie A,https://en.wikipedia.org/wiki/2009%E2%80%9310_Serie_A,wikipedia,2010-01-07,2010-01-07,True,False,exclude_resigned,walter bonacina,antonio conte,atalanta,End of caretaker spell,walter bonacina,2010-01-11,antonio conte,False,True,True,False,False,False,caretaker,high,caretaker_flag_or_short_spell,Atalanta,True,2009-08-23,2010-05-16,38.0,True,False,False,False
Atalanta,Walter Bonacina,End of caretaker spell,11 January 2010,19th,Bortolo Mutti,11 January 2010,serie_a,2009/10,2009–10 Serie A,https://en.wikipedia.org/wiki/2009%E2%80%9310_Serie_A,wikipedia,2010-01-11,2010-01-11,False,False,exclude_end_caretaker,bortolo mutti,walter bonacina,atalanta,,,,walter bonacina,True,False,False,False,False,False,external,review,default_external_needs_review,Atalanta,True,2009-08-23,2010-05-16,38.0,True,False,False,False
Bari,Antonio Conte,Mutual consent,23 June 2009,Pre-season,Giampiero Ventura,29 June 2009,serie_a,2009/10,2009–10 Serie A,https://en.wikipedia.org/wiki/2009%E2%80%9310_Serie_A,wikipedia,2009-06-23,2009-06-29,False,False,exclude_preseason,giampiero ventura,antonio conte,bari,,,,,,False,False,False,False,False,external,review,default_external_needs_review,Bari,True,2009-08-23,2010-05-16,38.0,False,True,False,False
Bologna,Giuseppe Papadopulo,Sacked,20 October 2009,18th,Franco Colomba,20 October 2009,serie_a,2009/10,2009–10 Serie A,https://en.wikipedia.org/wiki/2009%E2%80%9310_Serie_A,wikipedia,2009-10-20,2009-10-20,False,False,sacked,franco colomba,giuseppe papadopulo,bologna,,,,,,False,False,False,False,False,external,manual,hired from outside as new Bologna manager,Bologna,True,2009-08-22,2010-05-16,38.0,True,False,True,False
Cagliari,Massimiliano Allegri,Sacked,13 April 2010,13th,Giorgio Melis (caretaker),13 April 2010,serie_a,2009/10,2009–10 Serie A,https://en.wikipedia.org/wiki/2009%E2%80%9310_Serie_A,wikipedia,2010-04-13,2010-04-13,True,False,sacked,giorgio melis,massimiliano allegri,cagliari,,,,,,False,False,True,True,False,caretaker,high,caretaker_flag_or_short_spell,Cagliari,True,2009-08-23,2010-05-16,38.0,True,False,True,False
Catania,Walter Zenga,Mutual consent,1 June 2009,Pre-season,Gianluca Atzori,10 June 2009,serie_a,2009/10,2009–10 Serie A,https://en.wikipedia.org/wiki/2009%E2%80%9310_Serie_A,wikipedia,2009-06-01,2009-06-10,False,False,exclude_preseason,gianluca atzori,walter zenga,catania,Sacked,gianluca atzori,2009-12-08,,,False,True,False,False,False,external,review,default_external_needs_review,Catania,True,2009-08-23,2010-05-16,38.0,False,True,False,False
Catania,Gianluca Atzori,Sacked,8 December 2009,19th,Siniša Mihajlović,8 December 2009,serie_a,2009/10,2009–10 Serie A,https://en.wikipedia.org/wiki/2009%E2%80%9310_Serie_A,wikipedia,2009-12-08,2009-12-08,False,False,sacked,sini a mihajlovi,gianluca atzori,catania,,,,gianluca atzori,False,False,False,False,True,False,external,manual,hired from outside as new Catania manager,Catania,True,2009-08-23,2010-05-16,38.0,True,False,True,False
Juventus,Ciro Ferrara,Sacked,29 January 2010,6th,Alberto Zaccheroni,29 January 2010,serie_a,2009/10,2009–10 Serie A,https://en.wikipedia.org/wiki/2009%E2%80%9310_Serie_A,wikipedia,2010-01-29,2010-01-29,False,False,sacked,alberto zaccheroni,ciro ferrara,juventus,,,,,,False,False,False,True,False,external,manual,hired from outside as new Juventus manager until end of season,Juventus,True,2009-08-23,2010-05-15,38.0,True,False,True,False
Lazio,Delio Rossi,Contract expired,8 June 2009,Pre-season,Davide Ballardini,16 June 2009,serie_a,2009/10,2009–10 Serie A,https://en.wikipedia.org/wiki/2009%E2%80%9310_Serie_A,wikipedia,2009-06-08,2009-06-16,False,False,exclude_preseason,davide ballardini,delio rossi,lazio,Sacked,davide ballardini,2010-02-10,,,False,True,False,False,True,external,high,arrived_from_other_club_in_sample,Lazio,True,2009-08-23,2010-05-15,38.0,False,True,False,False
Lazio,Davide Ballardini,Sacked,10 February 2010,18th,Edoardo Reja,10 February 2010,serie_a,2009/10,2009–10 Serie A,https://en.wikipedia.org/wiki/2009%E2%80%9310_Serie_A,wikipedia,2010-02-10,2010-02-10,False,False,sacked,edoardo reja,davide ballardini,lazio,,,,davide ballardini,False,False,False,False,True,False,external,manual,hired from outside as new Lazio manager,Lazio,True,2009-08-23,2010-05-15,38.0,True,False,True,False
Livorno,Gennaro Ruotolo,End of caretaker spell,9 July 2009,Pre-season,Vittorio Russo,13 July 2009,serie_a,2009/10,2009–10 Serie A,https://en.wikipedia.org/wiki/2009%E2%80%9310_Serie_A,wikipedia,2009-07-09,2009-07-13,False,False,exclude_preseason,vittorio russo,gennaro ruotolo,livorno,Sacked,vittorio russo,2009-10-21,,,False,True,False,True,False,external,review,default_external_needs_review,Livorno,True,2009-08-23,2010-05-16,38.0,False,True,False,False
Livorno,Vittorio Russo,Sacked,21 October 2009,20th,Serse Cosmi,21 October 2009,serie_a,2009/10,2009–10 Serie A,https://en.wikipedia.org/wiki/2009%E2%80%9310_Serie_A,wikipedia,2009-10-21,2009-10-21,False,False,sacked,serse cosmi,vittorio russo,livorno,Sacked,serse cosmi,2010-04-05,vittorio russo,False,False,True,False,True,False,external,manual,hired from outside as new Livorno manager,Livorno,True,2009-08-23,2010-05-16,38.0,True,False,True,False
Livorno,Serse Cosmi,Sacked,5 April 2010,20th,Gennaro Ruotolo,5 April 2010,serie_a,2009/10,2009–10 Serie A,https://en.wikipedia.org/wiki/2009%E2%80%9310_Serie_A,wikipedia,2010-04-05,2010-04-05,False,False,sacked,gennaro ruotolo,serse cosmi,livorno,,,,serse cosmi,False,False,False,False,True,False,internal,manual,"Primavera coach already at Livorno recalled as first-team manager, not labelled caretaker",Livorno,True,2009-08-23,2010-05-16,38.0,True,False,True,False
Milan,Carlo Ancelotti,Signed by Chelsea,1 June 2009,Pre-season,Leonardo,1 June 2009,serie_a,2009/10,2009–10 Serie A,https://en.wikipedia.org/wiki/2009%E2%80%9310_Serie_A,wikipedia,2009-06-01,2009-06-01,False,False,exclude_preseason,leonardo,carlo ancelotti,milan,,,,,,False,False,False,False,False,external,review,default_external_needs_review,Milan,True,2009-08-22,2010-05-15,38.0,False,True,False,False
Napoli,Roberto Donadoni,Sacked,6 October 2009,15th,Walter Mazzarri,6 October 2009,serie_a,2009/10,2009–10 Serie A,https://en.wikipedia.org/wiki/2009%E2%80%9310_Serie_A,wikipedia,2009-10-06,2009-10-06,False,False,sacked,walter mazzarri,roberto donadoni,napoli,,,,,,False,False,False,True,True,external,high,arrived_from_other_club_in_sample,Napoli,True,2009-08-23,2010-05-16,38.0,True,False,True,False
Palermo,Davide Ballardini,Removed from managerial duties,5 June 2009,Pre-season,Walter Zenga,5 June 2009,serie_a,2009/10,2009–10 Serie A,https://en.wikipedia.org/wiki/2009%E2%80%9310_Serie_A,wikipedia,2009-06-05,2009-06-05,False,False,exclude_preseason,walter zenga,davide ballardini,palermo,Sacked,walter zenga,2009-11-23,,,False,True,False,False,True,external,high,arrived_from_other_club_in_sample,Palermo,True,2009-08-23,2010-05-16,38.0,False,True,False,False
Palermo,Walter Zenga,Sacked,23 November 2009,12th,Delio Rossi,23 November 2009,serie_a,2009/10,2009–10 Serie A,https://en.wikipedia.org/wiki/2009%E2%80%9310_Serie_A,wikipedia,2009-11-23,2009-11-23,False,False,sacked,delio rossi,walter zenga,palermo,,,,walter zenga,False,False,False,False,True,True,external,high,arrived_from_other_club_in_sample,Palermo,True,2009-08-23,2010-05-16,38.0,True,False,True,False
Roma,Luciano Spalletti,Resigned,1 September 2009,20th,Claudio Ranieri,2 September 2009,serie_a,2009/10,2009–10 Serie A,https://en.wikipedia.org/wiki/2009%E2%80%9310_Serie_A,wikipedia,2009-09-01,2009-09-02,False,False,exclude_resigned,claudio ranieri,luciano spalletti,roma,,,,,,False,False,False,True,True,external,high,arrived_from_other_club_in_sample,Roma,True,2009-08-23,2010-05-16,38.0,True,False,False,False
Sampdoria,Walter Mazzarri,Mutual consent,1 June 2009,Pre-season,Luigi Delneri,1 June 2009,serie_a,2009/10,2009–10 Serie A,https://en.wikipedia.org/wiki/2009%E2%80%9310_Serie_A,wikipedia,2009-06-01,2009-06-01,False,False,exclude_preseason,luigi delneri,walter mazzarri,sampdoria,,,,,,False,False,False,False,True,external,high,arrived_from_other_club_in_sample,Sampdoria,True,2009-08-23,2010-05-16,38.0,False,True,False,False
Siena,Marco Giampaolo,Sacked,29 October 2009,20th,Marco Baroni,29 October 2009,serie_a,2009/10,2009–10 Serie A,https://en.wikipedia.org/wiki/2009%E2%80%9310_Serie_A,wikipedia,2009-10-29,2009-10-29,False,False,sacked,marco baroni,marco giampaolo,siena,Removed from managerial duties,marco baroni,2009-11-23,,,False,True,False,True,False,internal,manual,Primavera coach appointed first-team manager; later returned to youth after three games,Siena,True,2009-08-22,2010-05-16,38.0,True,False,True,False
Siena,Marco Baroni,Removed from managerial duties,23 November 2009,20th,Alberto Malesani,23 November 2009,serie_a,2009/10,2009–10 Serie A,https://en.wikipedia.org/wiki/2009%E2%80%9310_Serie_A,wikipedia,2009-11-23,2009-11-23,False,False,sacked,alberto malesani,marco baroni,siena,,,,marco baroni,False,False,False,False,True,False,external,manual,hired from outside as new Siena manager,Siena,True,2009-08-22,2010-05-16,38.0,True,False,True,False
Udinese,Pasquale Marino,Sacked,22 December 2009,15th,Gianni De Biasi,22 December 2009,serie_a,2009/10,2009–10 Serie A,https://en.wikipedia.org/wiki/2009%E2%80%9310_Serie_A,wikipedia,2009-12-22,2009-12-22,False,False,sacked,gianni de biasi,pasquale marino,udinese,Sacked,gianni de biasi,2010-02-21,,,False,True,False,True,False,external,manual,"hired from outside as new manager until 30 June with option, not labelled caretaker",Udinese,True,2009-08-23,2010-05-15,38.0,True,False,True,False
Udinese,Gianni De Biasi,Sacked,21 February 2010,16th,Pasquale Marino,21 February 2010,serie_a,2009/10,2009–10 Serie A,https://en.wikipedia.org/wiki/2009%E2%80%9310_Serie_A,wikipedia,2010-02-21,2010-02-21,False,False,sacked,pasquale marino,gianni de biasi,udinese,,,,gianni de biasi,False,False,False,False,True,False,external,manual,"sacked manager reinstated from outside, not then on staff under De Biasi",Udinese,True,2009-08-23,2010-05-15,38.0,True,False,True,False
Bari,Giampiero Ventura,Mutual consent,10 February 2011,,Bortolo Mutti,10 February 2011,serie_a,2010/11,2010–11 Serie A,https://en.wikipedia.org/wiki/2010%E2%80%9311_Serie_A,wikipedia,2011-02-10,2011-02-10,False,False,mutual_consent,bortolo mutti,giampiero ventura,bari,,,,,,False,False,False,True,False,external,manual,"Hired from outside on a contract to season end with an option, not as a caretaker.",Bari,True,2010-08-29,2011-05-22,38.0,True,False,False,True
Bologna,Franco Colomba,Sacked,29 August 2010,,Paolo Magnani (caretaker),29 August 2010,serie_a,2010/11,2010–11 Serie A,https://en.wikipedia.org/wiki/2010%E2%80%9311_Serie_A,wikipedia,2010-08-29,2010-08-29,True,False,sacked,paolo magnani,franco colomba,bologna,End of caretaker spell,paolo magnani,2010-08-29,,,True,True,False,False,False,caretaker,high,caretaker_flag_or_short_spell,Bologna,True,2010-08-30,2011-05-22,38.0,False,False,False,False
Bologna,Paolo Magnani,End of caretaker spell,29 August 2010,,Alberto Malesani,1 September 2010,serie_a,2010/11,2010–11 Serie A,https://en.wikipedia.org/wiki/2010%E2%80%9311_Serie_A,wikipedia,2010-08-29,2010-09-01,False,False,exclude_end_caretaker,alberto malesani,paolo magnani,bologna,,,,paolo magnani,True,False,False,False,False,False,external,review,default_external_needs_review,Bologna,True,2010-08-30,2011-05-22,38.0,False,False,False,False
Brescia,Giuseppe Iachini,Sacked,6 December 2010,,Mario Beretta,6 December 2010,serie_a,2010/11,2010–11 Serie A,https://en.wikipedia.org/wiki/2010%E2%80%9311_Serie_A,wikipedia,2010-12-06,2010-12-06,False,False,sacked,mario beretta,giuseppe iachini,brescia,Sacked,mario beretta,2011-01-30,,,False,True,False,True,False,external,manual,hired from outside as new Brescia manager before Iachini was later recalled,Brescia,True,2010-08-29,2011-05-22,38.0,True,False,True,False
Brescia,Mario Beretta,Sacked,30 January 2011,,Giuseppe Iachini,30 January 2011,serie_a,2010/11,2010–11 Serie A,https://en.wikipedia.org/wiki/2010%E2%80%9311_Serie_A,wikipedia,2011-01-30,2011-01-30,False,False,sacked,giuseppe iachini,mario beretta,brescia,,,,mario beretta,False,False,False,False,True,False,external,manual,"sacked manager reinstated from outside, not then on staff under Beretta",Brescia,True,2010-08-29,2011-05-22,38.0,True,False,True,False
Cagliari,Giorgio Melis,End of caretaker spell,16 May 2010,,Pierpaolo Bisoli,23 June 2010,serie_a,2010/11,2010–11 Serie A,https://en.wikipedia.org/wiki/2010%E2%80%9311_Serie_A,wikipedia,2010-05-16,2010-06-23,False,False,exclude_end_caretaker,pierpaolo bisoli,giorgio melis,cagliari,Sacked,pierpaolo bisoli,2010-11-15,,,False,True,False,False,True,external,high,arrived_from_other_club_in_sample,Cagliari,True,2010-08-29,2011-05-22,38.0,False,False,False,False
Cagliari,Pierpaolo Bisoli,Sacked,15 November 2010,,Roberto Donadoni,16 November 2010,serie_a,2010/11,2010–11 Serie A,https://en.wikipedia.org/wiki/2010%E2%80%9311_Serie_A,wikipedia,2010-11-15,2010-11-16,False,False,sacked,roberto donadoni,pierpaolo bisoli,cagliari,,,,pierpaolo bisoli,False,False,False,False,True,False,external,manual,hired from outside as new Cagliari manager,Cagliari,True,2010-08-29,2011-05-22,38.0,True,False,True,False
Catania,Siniša Mihajlović,Resigned,24 May 2010,,Marco Giampaolo,30 May 2010,serie_a,2010/11,2010–11 Serie A,https://en.wikipedia.org/wiki/2010%E2%80%9311_Serie_A,wikipedia,2010-05-24,2010-05-30,False,False,exclude_resigned,marco giampaolo,sini a mihajlovi,catania,Mutual consent,marco giampaolo,2011-01-18,,,False,True,False,False,False,external,review,default_external_needs_review,Catania,True,2010-08-29,2011-05-22,38.0,False,False,False,False
Catania,Marco Giampaolo,Mutual consent,18 January 2011,,Diego Simeone,19 January 2011,serie_a,2010/11,2010–11 Serie A,https://en.wikipedia.org/wiki/2010%E2%80%9311_Serie_A,wikipedia,2011-01-18,2011-01-19,False,False,mutual_consent,diego simeone,marco giampaolo,catania,,,,marco giampaolo,False,False,False,False,True,False,external,manual,Hired from outside as Catania's new manager after Giampaolo left.,Catania,True,2010-08-29,2011-05-22,38.0,True,False,False,True
Cesena,Pierpaolo Bisoli,End of contract,30 May 2010,,Massimo Ficcadenti,12 June 2010,serie_a,2010/11,2010–11 Serie A,https://en.wikipedia.org/wiki/2010%E2%80%9311_Serie_A,wikipedia,2010-05-30,2010-06-12,False,False,exclude_end_of_contract,massimo ficcadenti,pierpaolo bisoli,cesena,,,,,,False,False,False,False,False,external,review,default_external_needs_review,Cesena,True,2010-08-28,2011-05-22,38.0,False,False,False,False
ChievoVerona,Domenico Di Carlo,Resigned,26 May 2010,,Stefano Pioli,10 June 2010,serie_a,2010/11,2010–11 Serie A,https://en.wikipedia.org/wiki/2010%E2%80%9311_Serie_A,wikipedia,2010-05-26,2010-06-10,False,False,exclude_resigned,stefano pioli,domenico di carlo,chievoverona,,,,,,False,False,False,False,False,external,review,default_external_needs_review,Chievo,True,2010-08-29,2011-05-22,38.0,False,False,False,False
Fiorentina,Cesare Prandelli,Signed by Italy,30 May 2010,,Siniša Mihajlović,3 June 2010,serie_a,2010/11,2010–11 Serie A,https://en.wikipedia.org/wiki/2010%E2%80%9311_Serie_A,wikipedia,2010-05-30,2010-06-03,False,False,exclude_signed_by,sini a mihajlovi,cesare prandelli,fiorentina,,,,,,False,False,False,False,True,external,high,arrived_from_other_club_in_sample,Fiorentina,True,2010-08-29,2011-05-22,38.0,False,False,False,False
Genoa,Gian Piero Gasperini,Sacked,8 November 2010,,Davide Ballardini,8 November 2010,serie_a,2010/11,2010–11 Serie A,https://en.wikipedia.org/wiki/2010%E2%80%9311_Serie_A,wikipedia,2010-11-08,2010-11-08,False,False,sacked,davide ballardini,gian piero gasperini,genoa,,,,,,False,False,False,True,False,external,manual,hired from outside as new Genoa manager,Genoa,True,2010-08-28,2011-05-22,38.0,True,False,True,False
Internazionale,José Mourinho,Signed by Real Madrid,28 May 2010,,Rafael Benítez,10 June 2010,serie_a,2010/11,2010–11 Serie A,https://en.wikipedia.org/wiki/2010%E2%80%9311_Serie_A,wikipedia,2010-05-28,2010-06-10,False,False,exclude_signed_by,rafael ben tez,jos mourinho,internazionale,Sacked,rafael ben tez,2010-12-23,,,False,True,False,False,True,external,high,arrived_from_other_club_in_sample,Inter,True,2010-08-30,2011-05-22,38.0,False,False,False,False
Internazionale,Rafael Benítez,Sacked,23 December 2010,,Leonardo,24 December 2010,serie_a,2010/11,2010–11 Serie A,https://en.wikipedia.org/wiki/2010%E2%80%9311_Serie_A,wikipedia,2010-12-23,2010-12-24,False,False,sacked,leonardo,rafael ben tez,internazionale,,,,rafael ben tez,False,False,False,False,False,False,external,manual,"hired from Milan as new Inter manager until 2012, not then on Inter staff",Inter,True,2010-08-30,2011-05-22,38.0,True,False,True,False
Juventus,Alberto Zaccheroni,End of contract,16 May 2010,,Luigi Delneri,19 May 2010,serie_a,2010/11,2010–11 Serie A,https://en.wikipedia.org/wiki/2010%E2%80%9311_Serie_A,wikipedia,2010-05-16,2010-05-19,False,False,exclude_end_of_contract,luigi delneri,alberto zaccheroni,juventus,,,,,,False,False,False,False,True,external,high,arrived_from_other_club_in_sample,Juventus,True,2010-08-29,2011-05-22,38.0,False,False,False,False
Milan,Leonardo,Mutual consent,16 May 2010,,Massimiliano Allegri,25 June 2010,serie_a,2010/11,2010–11 Serie A,https://en.wikipedia.org/wiki/2010%E2%80%9311_Serie_A,wikipedia,2010-05-16,2010-06-25,False,False,mutual_consent,massimiliano allegri,leonardo,milan,,,,,,False,False,False,False,True,external,high,arrived_from_other_club_in_sample,Milan,True,2010-08-29,2011-05-22,38.0,False,False,False,False
Palermo,Delio Rossi,Sacked,28 February 2011,,Serse Cosmi,28 February 2011,serie_a,2010/11,2010–11 Serie A,https://en.wikipedia.org/wiki/2010%E2%80%9311_Serie_A,wikipedia,2011-02-28,2011-02-28,False,False,sacked,serse cosmi,delio rossi,palermo,Sacked,serse cosmi,2011-04-03,,,False,True,False,True,False,external,manual,hired from outside as new Palermo manager before Rossi was later recalled,Palermo,True,2010-08-29,2011-05-22,38.0,True,False,True,False
Palermo,Serse Cosmi,Sacked,3 April 2011,,Delio Rossi,3 April 2011,serie_a,2010/11,2010–11 Serie A,https://en.wikipedia.org/wiki/2010%E2%80%9311_Serie_A,wikipedia,2011-04-03,2011-04-03,False,False,sacked,delio rossi,serse cosmi,palermo,,,,serse cosmi,False,False,False,False,True,False,external,manual,"sacked manager reinstated from outside, not then on staff under Cosmi",Palermo,True,2010-08-29,2011-05-22,38.0,True,False,True,False
Parma,Francesco Guidolin,Resigned,16 May 2010,,Pasquale Marino,2 June 2010,serie_a,2010/11,2010–11 Serie A,https://en.wikipedia.org/wiki/2010%E2%80%9311_Serie_A,wikipedia,2010-05-16,2010-06-02,False,False,exclude_resigned,pasquale marino,francesco guidolin,parma,Sacked,pasquale marino,2011-04-03,,,False,True,False,False,True,external,high,arrived_from_other_club_in_sample,Parma,True,2010-08-29,2011-05-22,38.0,False,False,False,False
Parma,Pasquale Marino,Sacked,3 April 2011,,Franco Colomba,5 April 2011,serie_a,2010/11,2010–11 Serie A,https://en.wikipedia.org/wiki/2010%E2%80%9311_Serie_A,wikipedia,2011-04-03,2011-04-05,False,False,sacked,franco colomba,pasquale marino,parma,,,,pasquale marino,False,False,False,False,True,False,external,manual,hired from outside as new Parma manager,Parma,True,2010-08-29,2011-05-22,38.0,True,False,True,False
Roma,Claudio Ranieri,Resigned,20 February 2011,,Vincenzo Montella (caretaker),21 February 2011,serie_a,2010/11,2010–11 Serie A,https://en.wikipedia.org/wiki/2010%E2%80%9311_Serie_A,wikipedia,2011-02-20,2011-02-21,True,False,exclude_resigned,vincenzo montella,claudio ranieri,roma,,,,,,False,False,False,True,False,caretaker,high,caretaker_flag_or_short_spell,Roma,True,2010-08-28,2011-05-22,38.0,True,False,False,False
Sampdoria,Luigi Delneri,End of contract,17 May 2010,,Domenico Di Carlo,26 May 2010,serie_a,2010/11,2010–11 Serie A,https://en.wikipedia.org/wiki/2010%E2%80%9311_Serie_A,wikipedia,2010-05-17,2010-05-26,False,False,exclude_end_of_contract,domenico di carlo,luigi delneri,sampdoria,Sacked,domenico di carlo,2011-03-07,,,False,True,False,False,True,external,high,arrived_from_other_club_in_sample,Sampdoria,True,2010-08-29,2011-05-22,38.0,False,False,False,False
Sampdoria,Domenico Di Carlo,Sacked,7 March 2011,,Alberto Cavasin,7 March 2011,serie_a,2010/11,2010–11 Serie A,https://en.wikipedia.org/wiki/2010%E2%80%9311_Serie_A,wikipedia,2011-03-07,2011-03-07,False,False,sacked,alberto cavasin,domenico di carlo,sampdoria,,,,domenico di carlo,False,False,False,False,False,False,external,manual,hired from outside as new Sampdoria manager,Sampdoria,True,2010-08-29,2011-05-22,38.0,True,False,True,False
Udinese,Pasquale Marino,Mutual consent,16 May 2010,,Francesco Guidolin,24 May 2010,serie_a,2010/11,2010–11 Serie A,https://en.wikipedia.org/wiki/2010%E2%80%9311_Serie_A,wikipedia,2010-05-16,2010-05-24,False,False,mutual_consent,francesco guidolin,pasquale marino,udinese,,,,,,False,False,False,False,True,external,high,arrived_from_other_club_in_sample,Udinese,True,2010-08-28,2011-05-22,38.0,False,False,False,False
Bologna,Alberto Malesani,End of contract,26 May 2011,Preseason,Pierpaolo Bisoli,26 May 2011,serie_a,2011/12,2011–12 Serie A,https://en.wikipedia.org/wiki/2011%E2%80%9312_Serie_A,wikipedia,2011-05-26,2011-05-26,False,False,exclude_preseason,pierpaolo bisoli,alberto malesani,bologna,Sacked,pierpaolo bisoli,2011-10-04,,,False,True,False,False,False,external,review,default_external_needs_review,Bologna,True,2011-09-11,2012-05-13,38.0,False,True,False,False
Bologna,Pierpaolo Bisoli,Sacked,4 October 2011,20th,Stefano Pioli,4 October 2011,serie_a,2011/12,2011–12 Serie A,https://en.wikipedia.org/wiki/2011%E2%80%9312_Serie_A,wikipedia,2011-10-04,2011-10-04,False,False,sacked,stefano pioli,pierpaolo bisoli,bologna,,,,pierpaolo bisoli,False,False,False,False,False,True,external,high,arrived_from_other_club_in_sample,Bologna,True,2011-09-11,2012-05-13,38.0,True,False,True,False
Cagliari,Roberto Donadoni,Sacked,12 August 2011,Preseason,Massimo Ficcadenti,16 August 2011,serie_a,2011/12,2011–12 Serie A,https://en.wikipedia.org/wiki/2011%E2%80%9312_Serie_A,wikipedia,2011-08-12,2011-08-16,False,False,exclude_preseason,massimo ficcadenti,roberto donadoni,cagliari,Sacked,massimo ficcadenti,2011-11-08,,,False,True,False,True,True,caretaker,review,caretaker_flag_or_short_spell,Cagliari,True,2011-09-11,2012-05-13,38.0,False,True,False,False
Cagliari,Massimo Ficcadenti,Sacked,8 November 2011,10th,Davide Ballardini,9 November 2011,serie_a,2011/12,2011–12 Serie A,https://en.wikipedia.org/wiki/2011%E2%80%9312_Serie_A,wikipedia,2011-11-08,2011-11-09,False,False,sacked,davide ballardini,massimo ficcadenti,cagliari,Sacked for just cause,davide ballardini,2012-03-11,massimo ficcadenti,False,False,True,False,True,True,external,high,arrived_from_other_club_in_sample,Cagliari,True,2011-09-11,2012-05-13,38.0,True,False,True,False
Cagliari,Davide Ballardini,Sacked for just cause,11 March 2012,17th,Massimo Ficcadenti,11 March 2012,serie_a,2011/12,2011–12 Serie A,https://en.wikipedia.org/wiki/2011%E2%80%9312_Serie_A,wikipedia,2012-03-11,2012-03-11,False,False,sacked,massimo ficcadenti,davide ballardini,cagliari,,,,davide ballardini,False,False,False,False,True,False,external,manual,"sacked manager reinstated from outside after Ballardini spell, not then on staff",Cagliari,True,2011-09-11,2012-05-13,38.0,True,False,True,False
Catania,Diego Simeone,Mutual consent,1 June 2011,Preseason,Vincenzo Montella,9 June 2011,serie_a,2011/12,2011–12 Serie A,https://en.wikipedia.org/wiki/2011%E2%80%9312_Serie_A,wikipedia,2011-06-01,2011-06-09,False,False,exclude_preseason,vincenzo montella,diego simeone,catania,,,,,,False,False,False,False,True,external,high,arrived_from_other_club_in_sample,Catania,True,2011-09-11,2012-05-13,38.0,False,True,False,False
Cesena,Massimo Ficcadenti,End of contract,20 May 2011,Preseason,Marco Giampaolo,4 June 2011,serie_a,2011/12,2011–12 Serie A,https://en.wikipedia.org/wiki/2011%E2%80%9312_Serie_A,wikipedia,2011-05-20,2011-06-04,False,False,exclude_preseason,marco giampaolo,massimo ficcadenti,cesena,Sacked,marco giampaolo,2011-10-30,,,False,True,False,False,True,external,high,arrived_from_other_club_in_sample,Cesena,True,2011-09-10,2012-05-13,38.0,False,True,False,False
Cesena,Marco Giampaolo,Sacked,30 October 2011,20th,Daniele Arrigoni,1 November 2011,serie_a,2011/12,2011–12 Serie A,https://en.wikipedia.org/wiki/2011%E2%80%9312_Serie_A,wikipedia,2011-10-30,2011-11-01,False,False,sacked,daniele arrigoni,marco giampaolo,cesena,Mutual consent,daniele arrigoni,2012-02-20,marco giampaolo,False,False,True,False,True,False,external,manual,hired from outside as new Cesena manager,Cesena,True,2011-09-10,2012-05-13,38.0,True,False,True,False
Cesena,Daniele Arrigoni,Mutual consent,20 February 2012,20th,Mario Beretta,21 February 2012,serie_a,2011/12,2011–12 Serie A,https://en.wikipedia.org/wiki/2011%E2%80%9312_Serie_A,wikipedia,2012-02-20,2012-02-21,False,False,mutual_consent,mario beretta,daniele arrigoni,cesena,,,,daniele arrigoni,False,False,False,False,True,False,external,manual,Hired from outside on a contract to season end with a renewal option if Cesena stayed up.,Cesena,True,2011-09-10,2012-05-13,38.0,True,False,False,True
Chievo,Stefano Pioli,End of contract,26 May 2011,Preseason,Domenico Di Carlo,9 June 2011,serie_a,2011/12,2011–12 Serie A,https://en.wikipedia.org/wiki/2011%E2%80%9312_Serie_A,wikipedia,2011-05-26,2011-06-09,False,False,exclude_preseason,domenico di carlo,stefano pioli,chievo,,,,,,False,False,False,False,True,external,high,arrived_from_other_club_in_sample,Chievo,True,2011-09-11,2012-05-13,38.0,False,True,False,False
Fiorentina,Siniša Mihajlović,Sacked,7 November 2011,13th,Delio Rossi,7 November 2011,serie_a,2011/12,2011–12 Serie A,https://en.wikipedia.org/wiki/2011%E2%80%9312_Serie_A,wikipedia,2011-11-07,2011-11-07,False,False,sacked,delio rossi,sini a mihajlovi,fiorentina,Sacked,delio rossi,2012-05-02,,,False,True,False,False,True,external,high,arrived_from_other_club_in_sample,Fiorentina,True,2011-09-11,2012-05-13,38.0,True,False,True,False
Fiorentina,Delio Rossi,Sacked,2 May 2012,16th,Vincenzo Guerini (caretaker),3 May 2012,serie_a,2011/12,2011–12 Serie A,https://en.wikipedia.org/wiki/2011%E2%80%9312_Serie_A,wikipedia,2012-05-02,2012-05-03,True,False,sacked,vincenzo guerini,delio rossi,fiorentina,,,,delio rossi,False,False,False,False,False,False,caretaker,high,caretaker_flag_or_short_spell,Fiorentina,True,2011-09-11,2012-05-13,38.0,True,False,True,False
Genoa,Davide Ballardini,Sacked,4 June 2011,Preseason,Alberto Malesani,19 June 2011,serie_a,2011/12,2011–12 Serie A,https://en.wikipedia.org/wiki/2011%E2%80%9312_Serie_A,wikipedia,2011-06-04,2011-06-19,False,False,exclude_preseason,alberto malesani,davide ballardini,genoa,Sacked,alberto malesani,2011-12-22,,,False,True,False,False,True,external,high,arrived_from_other_club_in_sample,Genoa,True,2011-09-11,2012-05-13,38.0,False,True,False,False
Genoa,Alberto Malesani,Sacked,22 December 2011,10th,Pasquale Marino,22 December 2011,serie_a,2011/12,2011–12 Serie A,https://en.wikipedia.org/wiki/2011%E2%80%9312_Serie_A,wikipedia,2011-12-22,2011-12-22,False,False,sacked,pasquale marino,alberto malesani,genoa,Sacked,pasquale marino,2012-04-02,alberto malesani,False,False,True,False,True,False,external,manual,hired from outside as new Genoa manager,Genoa,True,2011-09-11,2012-05-13,38.0,True,False,True,False
Genoa,Pasquale Marino,Sacked,2 April 2012,16th,Alberto Malesani,2 April 2012,serie_a,2011/12,2011–12 Serie A,https://en.wikipedia.org/wiki/2011%E2%80%9312_Serie_A,wikipedia,2012-04-02,2012-04-02,False,False,sacked,alberto malesani,pasquale marino,genoa,Sacked,alberto malesani,2012-04-22,pasquale marino,False,False,True,False,True,False,external,manual,"sacked manager recalled as new coach, not then on staff under Marino",Genoa,True,2011-09-11,2012-05-13,38.0,True,False,True,False
Genoa,Alberto Malesani,Sacked,22 April 2012,17th,Luigi De Canio,22 April 2012,serie_a,2011/12,2011–12 Serie A,https://en.wikipedia.org/wiki/2011%E2%80%9312_Serie_A,wikipedia,2012-04-22,2012-04-22,False,False,sacked,luigi de canio,alberto malesani,genoa,,,,alberto malesani,False,False,False,False,True,False,external,manual,hired from outside as new Genoa manager,Genoa,True,2011-09-11,2012-05-13,38.0,True,False,True,False
Internazionale,Leonardo,Resigned,15 June 2011,Preseason,Gian Piero Gasperini,24 June 2011,serie_a,2011/12,2011–12 Serie A,https://en.wikipedia.org/wiki/2011%E2%80%9312_Serie_A,wikipedia,2011-06-15,2011-06-24,False,False,exclude_preseason,gian piero gasperini,leonardo,internazionale,Sacked,gian piero gasperini,2011-09-21,,,False,True,False,False,False,caretaker,review,caretaker_flag_or_short_spell,Inter,True,2011-09-11,2012-05-13,38.0,False,True,False,False
Internazionale,Gian Piero Gasperini,Sacked,21 September 2011,18th,Claudio Ranieri,21 September 2011,serie_a,2011/12,2011–12 Serie A,https://en.wikipedia.org/wiki/2011%E2%80%9312_Serie_A,wikipedia,2011-09-21,2011-09-21,False,False,sacked,claudio ranieri,gian piero gasperini,internazionale,Consensual termination,claudio ranieri,2012-03-26,gian piero gasperini,False,False,True,False,False,False,external,manual,hired from outside as new Inter manager,Inter,True,2011-09-11,2012-05-13,38.0,True,False,True,False
Internazionale,Claudio Ranieri,Consensual termination,26 March 2012,8th,Andrea Stramaccioni,26 March 2012,serie_a,2011/12,2011–12 Serie A,https://en.wikipedia.org/wiki/2011%E2%80%9312_Serie_A,wikipedia,2012-03-26,2012-03-26,False,False,review,andrea stramaccioni,claudio ranieri,internazionale,,,,claudio ranieri,False,False,False,False,False,False,external,review,default_external_needs_review,Inter,True,2011-09-11,2012-05-13,38.0,True,False,False,False
Juventus,Luigi Delneri,Sacked,31 May 2011,Preseason,Antonio Conte,31 May 2011,serie_a,2011/12,2011–12 Serie A,https://en.wikipedia.org/wiki/2011%E2%80%9312_Serie_A,wikipedia,2011-05-31,2011-05-31,False,False,exclude_preseason,antonio conte,luigi delneri,juventus,,,,,,False,False,False,False,True,external,high,arrived_from_other_club_in_sample,Juventus,True,2011-09-11,2012-05-13,38.0,False,True,False,False
Lecce,Luigi De Canio,End of contract,19 May 2011,Preseason,Eusebio Di Francesco,27 June 2011,serie_a,2011/12,2011–12 Serie A,https://en.wikipedia.org/wiki/2011%E2%80%9312_Serie_A,wikipedia,2011-05-19,2011-06-27,False,False,exclude_preseason,eusebio di francesco,luigi de canio,lecce,Sacked,eusebio di francesco,2011-12-04,,,False,True,False,False,False,external,review,default_external_needs_review,Lecce,True,2011-09-11,2012-05-13,38.0,False,True,False,False
Lecce,Eusebio Di Francesco,Sacked,4 December 2011,20th,Serse Cosmi,4 December 2011,serie_a,2011/12,2011–12 Serie A,https://en.wikipedia.org/wiki/2011%E2%80%9312_Serie_A,wikipedia,2011-12-04,2011-12-04,False,False,sacked,serse cosmi,eusebio di francesco,lecce,,,,eusebio di francesco,False,False,False,False,True,False,external,manual,hired from outside as new Lecce manager,Lecce,True,2011-09-11,2012-05-13,38.0,True,False,True,False
Novara,Attilio Tesser,Sacked,30 January 2012,20th,Emiliano Mondonico,30 January 2012,serie_a,2011/12,2011–12 Serie A,https://en.wikipedia.org/wiki/2011%E2%80%9312_Serie_A,wikipedia,2012-01-30,2012-01-30,False,False,sacked,emiliano mondonico,attilio tesser,novara,Sacked,emiliano mondonico,2012-03-06,,,False,True,False,False,False,external,manual,"hired from outside as new Novara manager, not a caretaker appointment",Novara,True,2011-09-11,2012-05-13,38.0,True,False,True,False
Novara,Emiliano Mondonico,Sacked,6 March 2012,19th,Attilio Tesser,6 March 2012,serie_a,2011/12,2011–12 Serie A,https://en.wikipedia.org/wiki/2011%E2%80%9312_Serie_A,wikipedia,2012-03-06,2012-03-06,False,False,sacked,attilio tesser,emiliano mondonico,novara,,,,emiliano mondonico,False,False,False,False,False,False,external,manual,"sacked manager reinstated from outside, not then on staff under Mondonico",Novara,True,2011-09-11,2012-05-13,38.0,True,False,True,False
Palermo,Delio Rossi,Mutual consent,1 June 2011,Preseason,Stefano Pioli,2 June 2011,serie_a,2011/12,2011–12 Serie A,https://en.wikipedia.org/wiki/2011%E2%80%9312_Serie_A,wikipedia,2011-06-01,2011-06-02,False,False,exclude_preseason,stefano pioli,delio rossi,palermo,Sacked,stefano pioli,2011-08-31,,,False,True,False,False,True,caretaker,review,caretaker_flag_or_short_spell,Palermo,True,2011-09-11,2012-05-13,38.0,False,True,False,False
Palermo,Stefano Pioli,Sacked,31 August 2011,Preseason,Devis Mangia,31 August 2011,serie_a,2011/12,2011–12 Serie A,https://en.wikipedia.org/wiki/2011%E2%80%9312_Serie_A,wikipedia,2011-08-31,2011-08-31,False,False,exclude_preseason,devis mangia,stefano pioli,palermo,Sacked,devis mangia,2011-12-19,stefano pioli,False,False,True,False,True,False,external,review,default_external_needs_review,Palermo,True,2011-09-11,2012-05-13,38.0,False,True,False,False
Palermo,Devis Mangia,Sacked,19 December 2011,10th,Bortolo Mutti,19 December 2011,serie_a,2011/12,2011–12 Serie A,https://en.wikipedia.org/wiki/2011%E2%80%9312_Serie_A,wikipedia,2011-12-19,2011-12-19,False,False,sacked,bortolo mutti,devis mangia,palermo,,,,devis mangia,False,False,False,False,True,False,external,manual,hired from outside as new Palermo manager,Palermo,True,2011-09-11,2012-05-13,38.0,True,False,True,False
Parma,Franco Colomba,Sacked,9 January 2012,15th,Roberto Donadoni,9 January 2012,serie_a,2011/12,2011–12 Serie A,https://en.wikipedia.org/wiki/2011%E2%80%9312_Serie_A,wikipedia,2012-01-09,2012-01-09,False,False,sacked,roberto donadoni,franco colomba,parma,,,,,,False,False,False,True,True,external,high,arrived_from_other_club_in_sample,Parma,True,2011-09-11,2012-05-13,38.0,True,False,True,False
Roma,Vincenzo Montella,End of caretaker spell,9 June 2011,Preseason,Luis Enrique,10 June 2011,serie_a,2011/12,2011–12 Serie A,https://en.wikipedia.org/wiki/2011%E2%80%9312_Serie_A,wikipedia,2011-06-09,2011-06-10,False,False,exclude_preseason,luis enrique,vincenzo montella,roma,,,,,,False,False,False,False,False,external,review,default_external_needs_review,Roma,True,2011-09-11,2012-05-13,38.0,False,True,False,False
Siena,Antonio Conte,Mutual consent,31 May 2011,Preseason,Giuseppe Sannino,6 June 2011,serie_a,2011/12,2011–12 Serie A,https://en.wikipedia.org/wiki/2011%E2%80%9312_Serie_A,wikipedia,2011-05-31,2011-06-06,False,False,exclude_preseason,giuseppe sannino,antonio conte,siena,,,,,,False,False,False,False,False,external,review,default_external_needs_review,Siena,True,2011-09-11,2012-05-13,38.0,False,True,False,False
Cagliari,Massimo Ficcadenti,Sacked,2 October 2012,20th,Ivo Pulga,2 October 2012,serie_a,2012/13,2012–13 Serie A,https://en.wikipedia.org/wiki/2012%E2%80%9313_Serie_A,wikipedia,2012-10-02,2012-10-02,False,False,sacked,ivo pulga,massimo ficcadenti,cagliari,,,,,,False,False,False,True,False,external,manual,"hired from Modena youth setup as new Cagliari coach, not then on Cagliari staff",Cagliari,True,2012-08-26,2013-05-19,38.0,True,False,True,False
Catania,Vincenzo Montella,Mutual consent,4 June 2012,Pre-season,Rolando Maran,11 June 2012,serie_a,2012/13,2012–13 Serie A,https://en.wikipedia.org/wiki/2012%E2%80%9313_Serie_A,wikipedia,2012-06-04,2012-06-11,False,False,exclude_preseason,rolando maran,vincenzo montella,catania,,,,,,False,False,False,False,False,external,review,default_external_needs_review,Catania,True,2012-08-26,2013-05-19,38.0,False,True,False,False
Chievo,Domenico Di Carlo,Sacked,2 October 2012,18th,Eugenio Corini,2 October 2012,serie_a,2012/13,2012–13 Serie A,https://en.wikipedia.org/wiki/2012%E2%80%9313_Serie_A,wikipedia,2012-10-02,2012-10-02,False,False,sacked,eugenio corini,domenico di carlo,chievo,,,,,,False,False,False,False,False,external,manual,"hired from outside as new manager until end of season with option, not then on Chievo staff",Chievo,True,2012-08-26,2013-05-19,38.0,True,False,True,False
Fiorentina,Vincenzo Guerini,End of contract,13 May 2012,Pre-season,Vincenzo Montella,11 June 2012,serie_a,2012/13,2012–13 Serie A,https://en.wikipedia.org/wiki/2012%E2%80%9313_Serie_A,wikipedia,2012-05-13,2012-06-11,False,False,exclude_preseason,vincenzo montella,vincenzo guerini,fiorentina,,,,,,False,False,False,False,True,external,high,arrived_from_other_club_in_sample,Fiorentina,True,2012-08-25,2013-05-19,38.0,False,True,False,False
Genoa,Luigi De Canio,Sacked,22 October 2012,9th,Luigi Delneri,22 October 2012,serie_a,2012/13,2012–13 Serie A,https://en.wikipedia.org/wiki/2012%E2%80%9313_Serie_A,wikipedia,2012-10-22,2012-10-22,False,False,sacked,luigi delneri,luigi de canio,genoa,Sacked,luigi delneri,2013-01-21,,,False,True,False,True,False,external,manual,hired from outside as new Genoa manager,Genoa,True,2012-08-26,2013-05-19,38.0,True,False,True,False
Genoa,Luigi Delneri,Sacked,21 January 2013,18th,Davide Ballardini,21 January 2013,serie_a,2012/13,2012–13 Serie A,https://en.wikipedia.org/wiki/2012%E2%80%9313_Serie_A,wikipedia,2013-01-21,2013-01-21,False,False,sacked,davide ballardini,luigi delneri,genoa,,,,luigi delneri,False,False,False,False,True,False,external,manual,hired from outside as new Genoa manager,Genoa,True,2012-08-26,2013-05-19,38.0,True,False,True,False
Lazio,Edoardo Reja,Mutual consent,18 May 2012,Pre-season,Vladimir Petković,2 June 2012,serie_a,2012/13,2012–13 Serie A,https://en.wikipedia.org/wiki/2012%E2%80%9313_Serie_A,wikipedia,2012-05-18,2012-06-02,False,False,exclude_preseason,vladimir petkovi,edoardo reja,lazio,,,,,,False,False,False,False,False,external,review,default_external_needs_review,Lazio,True,2012-08-26,2013-05-19,38.0,False,True,False,False
Palermo,Bortolo Mutti,End of contract,13 May 2012,Pre-season,Giuseppe Sannino,6 June 2012,serie_a,2012/13,2012–13 Serie A,https://en.wikipedia.org/wiki/2012%E2%80%9313_Serie_A,wikipedia,2012-05-13,2012-06-06,False,False,exclude_preseason,giuseppe sannino,bortolo mutti,palermo,Sacked,giuseppe sannino,2012-09-16,,,False,True,False,False,True,external,high,arrived_from_other_club_in_sample,Palermo,True,2012-08-26,2013-05-19,38.0,False,True,False,False
Palermo,Giuseppe Sannino,Sacked,16 September 2012,18th,Gian Piero Gasperini,16 September 2012,serie_a,2012/13,2012–13 Serie A,https://en.wikipedia.org/wiki/2012%E2%80%9313_Serie_A,wikipedia,2012-09-16,2012-09-16,False,False,sacked,gian piero gasperini,giuseppe sannino,palermo,Sacked,gian piero gasperini,2013-02-04,giuseppe sannino,False,False,True,False,True,False,external,manual,hired from outside as new Palermo manager,Palermo,True,2012-08-26,2013-05-19,38.0,True,False,True,False
Palermo,Gian Piero Gasperini,Sacked,4 February 2013,20th,Alberto Malesani,5 February 2013,serie_a,2012/13,2012–13 Serie A,https://en.wikipedia.org/wiki/2012%E2%80%9313_Serie_A,wikipedia,2013-02-04,2013-02-05,False,False,sacked,alberto malesani,gian piero gasperini,palermo,Sacked,alberto malesani,2013-02-24,gian piero gasperini,False,False,True,False,True,False,external,manual,hired from outside as new Palermo manager before Gasperini was later recalled,Palermo,True,2012-08-26,2013-05-19,38.0,True,False,True,False
Palermo,Alberto Malesani,Sacked,24 February 2013,20th,Gian Piero Gasperini,24 February 2013,serie_a,2012/13,2012–13 Serie A,https://en.wikipedia.org/wiki/2012%E2%80%9313_Serie_A,wikipedia,2013-02-24,2013-02-24,False,False,sacked,gian piero gasperini,alberto malesani,palermo,Mutual consent,gian piero gasperini,2013-03-11,alberto malesani,False,False,True,False,True,False,external,manual,"sacked manager reinstated from outside, not then on staff under Malesani",Palermo,True,2012-08-26,2013-05-19,38.0,True,False,True,False
Palermo,Gian Piero Gasperini,Mutual consent,11 March 2013,20th,Giuseppe Sannino,12 March 2013,serie_a,2012/13,2012–13 Serie A,https://en.wikipedia.org/wiki/2012%E2%80%9313_Serie_A,wikipedia,2013-03-11,2013-03-12,False,False,mutual_consent,giuseppe sannino,gian piero gasperini,palermo,,,,gian piero gasperini,False,False,False,False,True,False,external,manual,Hired from outside as Palermo's new manager after Gasperini left.,Palermo,True,2012-08-26,2013-05-19,38.0,True,False,False,True
Pescara,Zdeněk Zeman,Signed by Roma,4 June 2012,Pre-season,Giovanni Stroppa,8 June 2012,serie_a,2012/13,2012–13 Serie A,https://en.wikipedia.org/wiki/2012%E2%80%9313_Serie_A,wikipedia,2012-06-04,2012-06-08,False,False,exclude_preseason,giovanni stroppa,zden k zeman,pescara,Resigned,giovanni stroppa,2012-11-18,,,False,True,False,False,False,external,review,default_external_needs_review,Pescara,True,2012-08-26,2013-05-19,38.0,False,True,False,False
Pescara,Giovanni Stroppa,Resigned,18 November 2012,18th,Cristiano Bergodi,20 November 2012,serie_a,2012/13,2012–13 Serie A,https://en.wikipedia.org/wiki/2012%E2%80%9313_Serie_A,wikipedia,2012-11-18,2012-11-20,False,False,exclude_resigned,cristiano bergodi,giovanni stroppa,pescara,Sacked,cristiano bergodi,2013-03-03,giovanni stroppa,False,False,True,False,False,False,external,review,default_external_needs_review,Pescara,True,2012-08-26,2013-05-19,38.0,True,False,False,False
Pescara,Cristiano Bergodi,Sacked,3 March 2013,20th,Cristian Bucchi,5 March 2013,serie_a,2012/13,2012–13 Serie A,https://en.wikipedia.org/wiki/2012%E2%80%9313_Serie_A,wikipedia,2013-03-03,2013-03-05,False,False,sacked,cristian bucchi,cristiano bergodi,pescara,,,,cristiano bergodi,False,False,False,False,False,False,caretaker,manual,Primavera coach given the team as internal traghettatore after Giampaolo talks failed,Pescara,True,2012-08-26,2013-05-19,38.0,True,False,True,False
Roma,Luis Enrique,Mutual consent,13 May 2012,Pre-season,Zdeněk Zeman,4 June 2012,serie_a,2012/13,2012–13 Serie A,https://en.wikipedia.org/wiki/2012%E2%80%9313_Serie_A,wikipedia,2012-05-13,2012-06-04,False,False,exclude_preseason,zden k zeman,luis enrique,roma,Sacked,zden k zeman,2013-02-02,,,False,True,False,False,True,external,high,arrived_from_other_club_in_sample,Roma,True,2012-08-26,2013-05-19,38.0,False,True,False,False
Roma,Zdeněk Zeman,Sacked,2 February 2013,8th,Aurelio Andreazzoli,2 February 2013,serie_a,2012/13,2012–13 Serie A,https://en.wikipedia.org/wiki/2012%E2%80%9313_Serie_A,wikipedia,2013-02-02,2013-02-02,False,False,sacked,aurelio andreazzoli,zden k zeman,roma,,,,zden k zeman,False,False,False,True,True,False,caretaker,high,caretaker_flag_or_short_spell,Roma,True,2012-08-26,2013-05-19,38.0,True,False,True,False
Sampdoria,Giuseppe Iachini,Mutual consent,2 July 2012,Pre-season,Ciro Ferrara,2 July 2012,serie_a,2012/13,2012–13 Serie A,https://en.wikipedia.org/wiki/2012%E2%80%9313_Serie_A,wikipedia,2012-07-02,2012-07-02,False,False,exclude_preseason,ciro ferrara,giuseppe iachini,sampdoria,Sacked,ciro ferrara,2012-12-17,,,False,True,False,False,False,external,review,default_external_needs_review,Sampdoria,True,2012-08-26,2013-05-18,38.0,False,True,False,False
Sampdoria,Ciro Ferrara,Sacked,17 December 2012,14th,Delio Rossi,17 December 2012,serie_a,2012/13,2012–13 Serie A,https://en.wikipedia.org/wiki/2012%E2%80%9313_Serie_A,wikipedia,2012-12-17,2012-12-17,False,False,sacked,delio rossi,ciro ferrara,sampdoria,,,,ciro ferrara,False,False,False,False,False,False,external,manual,hired from outside as new Sampdoria manager,Sampdoria,True,2012-08-26,2013-05-18,38.0,True,False,True,False
Siena,Giuseppe Sannino,Mutual consent,6 June 2012,Pre-season,Serse Cosmi,27 June 2012,serie_a,2012/13,2012–13 Serie A,https://en.wikipedia.org/wiki/2012%E2%80%9313_Serie_A,wikipedia,2012-06-06,2012-06-27,False,False,exclude_preseason,serse cosmi,giuseppe sannino,siena,Sacked,serse cosmi,2012-12-17,,,False,True,False,False,False,external,review,default_external_needs_review,Siena,True,2012-08-26,2013-05-19,38.0,False,True,False,False
Siena,Serse Cosmi,Sacked,17 December 2012,20th,Giuseppe Iachini,17 December 2012,serie_a,2012/13,2012–13 Serie A,https://en.wikipedia.org/wiki/2012%E2%80%9313_Serie_A,wikipedia,2012-12-17,2012-12-17,False,False,sacked,giuseppe iachini,serse cosmi,siena,,,,serse cosmi,False,False,False,False,True,True,external,high,arrived_from_other_club_in_sample,Siena,True,2012-08-26,2013-05-19,38.0,True,False,True,False
Bologna,Stefano Pioli,Sacked,7 January 2014,17th,Davide Ballardini,8 January 2014,serie_a,2013/14,2013–14 Serie A,https://en.wikipedia.org/wiki/2013%E2%80%9314_Serie_A,wikipedia,2014-01-07,2014-01-08,False,False,sacked,davide ballardini,stefano pioli,bologna,,,,,,False,False,False,False,False,external,manual,hired from outside as new Bologna manager,Bologna,True,2013-08-25,2014-05-18,38.0,True,False,True,False
Cagliari,Diego López,Sacked,7 April 2014,15th,Ivo Pulga,7 April 2014,serie_a,2013/14,2013–14 Serie A,https://en.wikipedia.org/wiki/2013%E2%80%9314_Serie_A,wikipedia,2014-04-07,2014-04-07,False,False,sacked,ivo pulga,diego l pez,cagliari,Demoted to assistant coach,ivo pulga,,,,False,True,False,True,False,external,manual,"former coach recalled after being sacked as Lopez's assistant in February, not then on staff",Cagliari,True,2013-08-25,2014-05-18,38.0,True,False,True,False
Cagliari,Ivo Pulga,Demoted to assistant coach,,Pre-season,Diego López,16 July 2013,serie_a,2013/14,2013–14 Serie A,https://en.wikipedia.org/wiki/2013%E2%80%9314_Serie_A,wikipedia,,2013-07-16,False,False,exclude_preseason,diego l pez,ivo pulga,cagliari,,,,ivo pulga,False,False,False,False,True,False,external,review,default_external_needs_review,Cagliari,True,2013-08-25,2014-05-18,38.0,False,True,False,False
Catania,Rolando Maran,Sacked,20 October 2013,17th,Luigi De Canio,20 October 2013,serie_a,2013/14,2013–14 Serie A,https://en.wikipedia.org/wiki/2013%E2%80%9314_Serie_A,wikipedia,2013-10-20,2013-10-20,False,False,sacked,luigi de canio,rolando maran,catania,Sacked,luigi de canio,2014-01-16,,,False,True,False,True,False,external,manual,hired from outside as new Catania manager before Maran was later recalled,Catania,True,2013-08-26,2014-05-18,38.0,True,False,True,False
Catania,Luigi De Canio,Sacked,16 January 2014,20th,Rolando Maran,16 January 2014,serie_a,2013/14,2013–14 Serie A,https://en.wikipedia.org/wiki/2013%E2%80%9314_Serie_A,wikipedia,2014-01-16,2014-01-16,False,False,sacked,rolando maran,luigi de canio,catania,Sacked,rolando maran,2014-04-07,luigi de canio,False,False,True,False,True,False,external,manual,"sacked manager reinstated from outside, not then on staff under De Canio",Catania,True,2013-08-26,2014-05-18,38.0,True,False,True,False
Catania,Rolando Maran,Sacked,7 April 2014,20th,Maurizio Pellegrino,7 April 2014,serie_a,2013/14,2013–14 Serie A,https://en.wikipedia.org/wiki/2013%E2%80%9314_Serie_A,wikipedia,2014-04-07,2014-04-07,False,False,sacked,maurizio pellegrino,rolando maran,catania,,,,rolando maran,False,False,False,False,True,False,caretaker,manual,youth-sector coordinator already at Catania given first-team charge as late-season traghettatore,Catania,True,2013-08-26,2014-05-18,38.0,True,False,True,False
Chievo,Giuseppe Sannino,Sacked,11 November 2013,20th,Eugenio Corini,11 November 2013,serie_a,2013/14,2013–14 Serie A,https://en.wikipedia.org/wiki/2013%E2%80%9314_Serie_A,wikipedia,2013-11-11,2013-11-11,False,False,sacked,eugenio corini,giuseppe sannino,chievo,Mutual consent,eugenio corini,,,,False,True,False,False,False,external,manual,"returning former manager hired from outside on a two-year deal, not then on staff",Chievo,True,2013-08-25,2014-05-18,38.0,True,False,True,False
Chievo,Eugenio Corini,Mutual consent,,Pre-season,Giuseppe Sannino,1 July 2013,serie_a,2013/14,2013–14 Serie A,https://en.wikipedia.org/wiki/2013%E2%80%9314_Serie_A,wikipedia,,2013-07-01,False,False,exclude_preseason,giuseppe sannino,eugenio corini,chievo,,,,eugenio corini,False,False,False,False,False,False,external,review,default_external_needs_review,Chievo,True,2013-08-25,2014-05-18,38.0,False,True,False,False
Genoa,Fabio Liverani,Sacked,29 September 2013,15th,Gian Piero Gasperini,29 September 2013,serie_a,2013/14,2013–14 Serie A,https://en.wikipedia.org/wiki/2013%E2%80%9314_Serie_A,wikipedia,2013-09-29,2013-09-29,False,False,sacked,gian piero gasperini,fabio liverani,genoa,Mutual consent,davide ballardini,,,,False,False,False,True,False,external,manual,hired from outside as new Genoa manager,Genoa,True,2013-08-25,2014-05-18,38.0,True,False,True,False
Genoa,Davide Ballardini,Mutual consent,,Pre-season,Fabio Liverani,7 June 2013,serie_a,2013/14,2013–14 Serie A,https://en.wikipedia.org/wiki/2013%E2%80%9314_Serie_A,wikipedia,,2013-06-07,False,False,exclude_preseason,fabio liverani,davide ballardini,genoa,,,,gian piero gasperini,False,False,False,False,False,False,external,review,default_external_needs_review,Genoa,True,2013-08-25,2014-05-18,38.0,False,True,False,False
Internazionale,Andrea Stramaccioni,Sacked,24 May 2013,Pre-season,Walter Mazzarri,24 May 2013,serie_a,2013/14,2013–14 Serie A,https://en.wikipedia.org/wiki/2013%E2%80%9314_Serie_A,wikipedia,2013-05-24,2013-05-24,False,False,exclude_preseason,walter mazzarri,andrea stramaccioni,internazionale,,,,,,False,False,False,False,True,external,high,arrived_from_other_club_in_sample,Inter,True,2013-08-25,2014-05-18,38.0,False,True,False,False
Lazio,Vladimir Petković,Sacked,4 January 2014,10th,Edoardo Reja,4 January 2014,serie_a,2013/14,2013–14 Serie A,https://en.wikipedia.org/wiki/2013%E2%80%9314_Serie_A,wikipedia,2014-01-04,2014-01-04,False,False,sacked,edoardo reja,vladimir petkovi,lazio,,,,,,False,False,False,True,False,external,manual,"returning former manager hired from outside, not then on staff",Lazio,True,2013-08-25,2014-05-18,38.0,True,False,True,False
Livorno,Davide Nicola,Sacked,13 January 2014,19th,Attilio Perotti,13 January 2014,serie_a,2013/14,2013–14 Serie A,https://en.wikipedia.org/wiki/2013%E2%80%9314_Serie_A,wikipedia,2014-01-13,2014-01-13,False,False,sacked,attilio perotti,davide nicola,livorno,End of caretaker spell,attilio perotti,2014-01-21,,,True,True,False,True,False,caretaker,high,caretaker_flag_or_short_spell,Livorno,True,2013-08-25,2014-05-18,38.0,True,False,True,False
Livorno,Attilio Perotti,End of caretaker spell,21 January 2014,19th,Domenico Di Carlo,21 January 2014,serie_a,2013/14,2013–14 Serie A,https://en.wikipedia.org/wiki/2013%E2%80%9314_Serie_A,wikipedia,2014-01-21,2014-01-21,False,False,exclude_end_caretaker,domenico di carlo,attilio perotti,livorno,Sacked,domenico di carlo,2014-04-21,attilio perotti,False,False,True,False,True,False,caretaker,review,caretaker_flag_or_short_spell,Livorno,True,2013-08-25,2014-05-18,38.0,True,False,False,False
Livorno,Domenico Di Carlo,Sacked,21 April 2014,19th,Davide Nicola,21 April 2014,serie_a,2013/14,2013–14 Serie A,https://en.wikipedia.org/wiki/2013%E2%80%9314_Serie_A,wikipedia,2014-04-21,2014-04-21,False,False,sacked,davide nicola,domenico di carlo,livorno,,,,domenico di carlo,False,False,False,False,True,False,external,manual,Former manager recalled from outside after Di Carlo's sacking; not on the staff at the vacancy.,Livorno,True,2013-08-25,2014-05-18,38.0,True,False,True,False
Milan,Massimiliano Allegri,Sacked,13 January 2014,11th,Clarence Seedorf,16 January 2014,serie_a,2013/14,2013–14 Serie A,https://en.wikipedia.org/wiki/2013%E2%80%9314_Serie_A,wikipedia,2014-01-13,2014-01-16,False,False,sacked,clarence seedorf,massimiliano allegri,milan,,,,,,False,False,False,True,False,external,manual,"hired from Botafogo as new manager until 2016, not then on Milan staff",Milan,True,2013-08-24,2014-05-18,38.0,True,False,True,False
Napoli,Walter Mazzarri,Resigned,19 May 2013,Pre-season,Rafael Benítez,27 May 2013,serie_a,2013/14,2013–14 Serie A,https://en.wikipedia.org/wiki/2013%E2%80%9314_Serie_A,wikipedia,2013-05-19,2013-05-27,False,False,exclude_preseason,rafael ben tez,walter mazzarri,napoli,,,,,,False,False,False,False,True,external,high,arrived_from_other_club_in_sample,Napoli,True,2013-08-25,2014-05-18,38.0,False,True,False,False
Roma,Aurelio Andreazzoli,End of caretaker spell,12 June 2013,Pre-season,Rudi Garcia,12 June 2013,serie_a,2013/14,2013–14 Serie A,https://en.wikipedia.org/wiki/2013%E2%80%9314_Serie_A,wikipedia,2013-06-12,2013-06-12,False,False,exclude_preseason,rudi garcia,aurelio andreazzoli,roma,,,,,,False,False,False,False,True,external,high,arrived_from_other_club_in_sample,Roma,True,2013-08-25,2014-05-18,38.0,False,True,False,False
Sampdoria,Delio Rossi,Sacked,11 November 2013,18th,Siniša Mihajlović,20 November 2013,serie_a,2013/14,2013–14 Serie A,https://en.wikipedia.org/wiki/2013%E2%80%9314_Serie_A,wikipedia,2013-11-11,2013-11-20,False,False,sacked,sini a mihajlovi,delio rossi,sampdoria,,,,,,False,False,False,False,False,external,manual,hired from outside as new Sampdoria manager,Sampdoria,True,2013-08-24,2014-05-17,38.0,True,False,True,False
Sassuolo,Eusebio Di Francesco,Sacked,28 January 2014,18th,Alberto Malesani,29 January 2014,serie_a,2013/14,2013–14 Serie A,https://en.wikipedia.org/wiki/2013%E2%80%9314_Serie_A,wikipedia,2014-01-28,2014-01-29,False,False,sacked,alberto malesani,eusebio di francesco,sassuolo,Sacked,alberto malesani,2014-03-03,,,False,True,False,True,False,external,manual,hired from outside as new Sassuolo manager before Di Francesco was later recalled,Sassuolo,True,2013-08-25,2014-05-18,38.0,True,False,True,False
Sassuolo,Alberto Malesani,Sacked,3 March 2014,20th,Eusebio Di Francesco,3 March 2014,serie_a,2013/14,2013–14 Serie A,https://en.wikipedia.org/wiki/2013%E2%80%9314_Serie_A,wikipedia,2014-03-03,2014-03-03,False,False,sacked,eusebio di francesco,alberto malesani,sassuolo,,,,alberto malesani,False,False,False,False,True,False,external,manual,"sacked manager reinstated from outside, not then on staff under Malesani",Sassuolo,True,2013-08-25,2014-05-18,38.0,True,False,True,False
Atalanta,Stefano Colantuono,Sacked,4 March 2015,17th,Edoardo Reja,4 March 2015,serie_a,2014/15,2014–15 Serie A,https://en.wikipedia.org/wiki/2014%E2%80%9315_Serie_A,wikipedia,2015-03-04,2015-03-04,False,False,sacked,edoardo reja,stefano colantuono,atalanta,,,,,,False,False,False,False,False,external,manual,hired from outside as new Atalanta manager,Atalanta,True,2014-08-31,2015-05-30,38.0,True,False,True,False
Cagliari,Ivo Pulga,Sacked,20 June 2014,Pre-season,Zdeněk Zeman,20 June 2014,serie_a,2014/15,2014–15 Serie A,https://en.wikipedia.org/wiki/2014%E2%80%9315_Serie_A,wikipedia,2014-06-20,2014-06-20,False,False,exclude_preseason,zden k zeman,ivo pulga,cagliari,Sacked,zden k zeman,2014-12-23,,,False,True,False,False,False,external,review,default_external_needs_review,Cagliari,True,2014-08-31,2015-05-31,38.0,False,True,False,False
Cagliari,Zdeněk Zeman,Sacked,23 December 2014,18th,Gianfranco Zola,24 December 2014,serie_a,2014/15,2014–15 Serie A,https://en.wikipedia.org/wiki/2014%E2%80%9315_Serie_A,wikipedia,2014-12-23,2014-12-24,False,False,sacked,gianfranco zola,zden k zeman,cagliari,Sacked,gianfranco zola,2015-03-09,zden k zeman,False,False,True,False,True,False,external,manual,hired from outside as new Cagliari manager before Zeman was later recalled,Cagliari,True,2014-08-31,2015-05-31,38.0,True,False,True,False
Cagliari,Gianfranco Zola,Sacked,9 March 2015,18th,Zdeněk Zeman,9 March 2015,serie_a,2014/15,2014–15 Serie A,https://en.wikipedia.org/wiki/2014%E2%80%9315_Serie_A,wikipedia,2015-03-09,2015-03-09,False,False,sacked,zden k zeman,gianfranco zola,cagliari,Resigned,zden k zeman,2015-04-21,gianfranco zola,False,False,True,False,True,False,external,manual,"sacked manager reinstated from outside, not then on staff under Zola",Cagliari,True,2014-08-31,2015-05-31,38.0,True,False,True,False
Cagliari,Zdeněk Zeman,Resigned,21 April 2015,19th,Gianluca Festa,22 April 2015,serie_a,2014/15,2014–15 Serie A,https://en.wikipedia.org/wiki/2014%E2%80%9315_Serie_A,wikipedia,2015-04-21,2015-04-22,False,False,exclude_resigned,gianluca festa,zden k zeman,cagliari,,,,zden k zeman,False,False,False,False,True,False,external,review,default_external_needs_review,Cagliari,True,2014-08-31,2015-05-31,38.0,True,False,False,False
Cesena,Pierpaolo Bisoli,Sacked,8 December 2014,19th,Domenico Di Carlo,8 December 2014,serie_a,2014/15,2014–15 Serie A,https://en.wikipedia.org/wiki/2014%E2%80%9315_Serie_A,wikipedia,2014-12-08,2014-12-08,False,False,sacked,domenico di carlo,pierpaolo bisoli,cesena,,,,,,False,False,False,True,False,external,manual,hired from outside as new Cesena manager,Cesena,True,2014-08-31,2015-05-31,38.0,True,False,True,False
Chievo,Eugenio Corini,Sacked,19 October 2014,17th,Rolando Maran,19 October 2014,serie_a,2014/15,2014–15 Serie A,https://en.wikipedia.org/wiki/2014%E2%80%9315_Serie_A,wikipedia,2014-10-19,2014-10-19,False,False,sacked,rolando maran,eugenio corini,chievo,,,,,,False,False,False,False,False,external,manual,hired from outside as new Chievo manager,Chievo,True,2014-08-30,2015-05-31,38.0,True,False,True,False
Internazionale,Walter Mazzarri,Sacked,14 November 2014,9th,Roberto Mancini,14 November 2014,serie_a,2014/15,2014–15 Serie A,https://en.wikipedia.org/wiki/2014%E2%80%9315_Serie_A,wikipedia,2014-11-14,2014-11-14,False,False,sacked,roberto mancini,walter mazzarri,internazionale,,,,,,False,False,False,False,False,external,manual,hired from Galatasaray as new Inter manager,Inter,True,2014-08-31,2015-05-31,38.0,True,False,True,False
Juventus,Antonio Conte,Resigned,15 July 2014,Pre-season,Massimiliano Allegri,16 July 2014,serie_a,2014/15,2014–15 Serie A,https://en.wikipedia.org/wiki/2014%E2%80%9315_Serie_A,wikipedia,2014-07-15,2014-07-16,False,False,exclude_preseason,massimiliano allegri,antonio conte,juventus,,,,,,False,False,False,True,False,external,review,default_external_needs_review,Juventus,True,2014-08-30,2015-05-30,38.0,False,True,False,False
Lazio,Edoardo Reja,Resigned,12 June 2014,Pre-season,Stefano Pioli,12 June 2014,serie_a,2014/15,2014–15 Serie A,https://en.wikipedia.org/wiki/2014%E2%80%9315_Serie_A,wikipedia,2014-06-12,2014-06-12,False,False,exclude_preseason,stefano pioli,edoardo reja,lazio,,,,,,False,False,False,False,True,external,high,arrived_from_other_club_in_sample,Lazio,True,2014-08-31,2015-05-31,38.0,False,True,False,False
Milan,Clarence Seedorf,Sacked,9 June 2014,Pre-season,Filippo Inzaghi,9 June 2014,serie_a,2014/15,2014–15 Serie A,https://en.wikipedia.org/wiki/2014%E2%80%9315_Serie_A,wikipedia,2014-06-09,2014-06-09,False,False,exclude_preseason,filippo inzaghi,clarence seedorf,milan,,,,,,False,False,False,False,False,external,review,default_external_needs_review,Milan,True,2014-08-31,2015-05-30,38.0,False,True,False,False
Udinese,Francesco Guidolin,Change of role,20 May 2014,Pre-season,Andrea Stramaccioni,4 June 2014,serie_a,2014/15,2014–15 Serie A,https://en.wikipedia.org/wiki/2014%E2%80%9315_Serie_A,wikipedia,2014-05-20,2014-06-04,False,False,exclude_preseason,andrea stramaccioni,francesco guidolin,udinese,,,,,,False,False,False,False,False,external,review,default_external_needs_review,Udinese,True,2014-08-31,2015-05-31,38.0,False,True,False,False
Bologna,Delio Rossi,Sacked,28 October 2015,18th,Roberto Donadoni,28 October 2015,serie_a,2015/16,2015–16 Serie A,https://en.wikipedia.org/wiki/2015%E2%80%9316_Serie_A,wikipedia,2015-10-28,2015-10-28,False,False,sacked,roberto donadoni,delio rossi,bologna,,,,,,False,False,False,False,False,external,manual,hired from outside as new Bologna manager,Bologna,True,2015-08-22,2016-05-15,38.0,True,False,True,False
Carpi,Fabrizio Castori,Sacked,28 September 2015,20th,Giuseppe Sannino,29 September 2015,serie_a,2015/16,2015–16 Serie A,https://en.wikipedia.org/wiki/2015%E2%80%9316_Serie_A,wikipedia,2015-09-28,2015-09-29,False,False,sacked,giuseppe sannino,fabrizio castori,carpi,Sacked,giuseppe sannino,2015-11-03,,,False,True,False,False,False,external,manual,hired from outside as new Carpi manager before Castori was later recalled,Carpi,True,2015-08-23,2016-05-15,38.0,True,False,True,False
Carpi,Giuseppe Sannino,Sacked,3 November 2015,20th,Fabrizio Castori,3 November 2015,serie_a,2015/16,2015–16 Serie A,https://en.wikipedia.org/wiki/2015%E2%80%9316_Serie_A,wikipedia,2015-11-03,2015-11-03,False,False,sacked,fabrizio castori,giuseppe sannino,carpi,,,,giuseppe sannino,False,False,False,False,False,False,external,manual,"sacked manager reinstated from outside, not then on staff under Sannino",Carpi,True,2015-08-23,2016-05-15,38.0,True,False,True,False
Empoli,Maurizio Sarri,Signed by Napoli,5 June 2015,Pre-season,Marco Giampaolo,9 June 2015,serie_a,2015/16,2015–16 Serie A,https://en.wikipedia.org/wiki/2015%E2%80%9316_Serie_A,wikipedia,2015-06-05,2015-06-09,False,False,exclude_preseason,marco giampaolo,maurizio sarri,empoli,,,,,,False,False,False,False,False,external,review,default_external_needs_review,Empoli,True,2015-08-23,2016-05-15,38.0,False,True,False,False
Fiorentina,Vincenzo Montella,Sacked,8 June 2015,Pre-season,Paulo Sousa,21 June 2015,serie_a,2015/16,2015–16 Serie A,https://en.wikipedia.org/wiki/2015%E2%80%9316_Serie_A,wikipedia,2015-06-08,2015-06-21,False,False,exclude_preseason,paulo sousa,vincenzo montella,fiorentina,,,,,,False,False,False,False,False,external,review,default_external_needs_review,Fiorentina,True,2015-08-23,2016-05-15,38.0,False,True,False,False
Hellas Verona,Andrea Mandorlini,Sacked,30 November 2015,20th,Luigi Delneri,1 December 2015,serie_a,2015/16,2015–16 Serie A,https://en.wikipedia.org/wiki/2015%E2%80%9316_Serie_A,wikipedia,2015-11-30,2015-12-01,False,False,sacked,luigi delneri,andrea mandorlini,hellasverona,,,,,,False,False,False,True,False,external,manual,hired from outside as new Verona manager,Verona,True,2015-08-22,2016-05-15,38.0,True,False,True,False
Lazio,Stefano Pioli,Sacked,3 April 2016,8th,Simone Inzaghi (caretaker),3 April 2016,serie_a,2015/16,2015–16 Serie A,https://en.wikipedia.org/wiki/2015%E2%80%9316_Serie_A,wikipedia,2016-04-03,2016-04-03,True,False,sacked,simone inzaghi,stefano pioli,lazio,,,,,,False,False,True,True,False,caretaker,high,caretaker_flag_or_short_spell,Lazio,True,2015-08-22,2016-05-15,38.0,True,False,True,False
Milan,Filippo Inzaghi,Sacked,4 June 2015,Pre-season,Siniša Mihajlović,16 June 2015,serie_a,2015/16,2015–16 Serie A,https://en.wikipedia.org/wiki/2015%E2%80%9316_Serie_A,wikipedia,2015-06-04,2015-06-16,False,False,exclude_preseason,sini a mihajlovi,filippo inzaghi,milan,Sacked,sini a mihajlovi,2016-04-12,,,False,True,False,False,True,external,high,arrived_from_other_club_in_sample,Milan,True,2015-08-23,2016-05-14,38.0,False,True,False,False
Milan,Siniša Mihajlović,Sacked,12 April 2016,6th,Cristian Brocchi,12 April 2016,serie_a,2015/16,2015–16 Serie A,https://en.wikipedia.org/wiki/2015%E2%80%9316_Serie_A,wikipedia,2016-04-12,2016-04-12,False,False,sacked,cristian brocchi,sini a mihajlovi,milan,,,,sini a mihajlovi,False,False,False,True,True,False,caretaker,high,caretaker_flag_or_short_spell,Milan,True,2015-08-23,2016-05-14,38.0,True,False,True,False
Napoli,Rafael Benítez,Signed by Real Madrid,25 May 2015,Pre-season,Maurizio Sarri,12 June 2015,serie_a,2015/16,2015–16 Serie A,https://en.wikipedia.org/wiki/2015%E2%80%9316_Serie_A,wikipedia,2015-05-25,2015-06-12,False,False,exclude_preseason,maurizio sarri,rafael ben tez,napoli,,,,,,False,False,False,False,True,external,high,arrived_from_other_club_in_sample,Napoli,True,2015-08-23,2016-05-14,38.0,False,True,False,False
Palermo,Giuseppe Iachini,Sacked,10 November 2015,12th,Davide Ballardini,10 November 2015,serie_a,2015/16,2015–16 Serie A,https://en.wikipedia.org/wiki/2015%E2%80%9316_Serie_A,wikipedia,2015-11-10,2015-11-10,False,False,sacked,davide ballardini,giuseppe iachini,palermo,Sacked,davide ballardini,2016-01-11,,,False,True,False,True,False,external,manual,"hired from outside as new manager until June 2016, not a caretaker appointment",Palermo,True,2015-08-23,2016-05-15,38.0,True,False,True,False
Palermo,Davide Ballardini,Sacked,11 January 2016,16th,Fabio Viviani (caretaker),11 January 2016,serie_a,2015/16,2015–16 Serie A,https://en.wikipedia.org/wiki/2015%E2%80%9316_Serie_A,wikipedia,2016-01-11,2016-01-11,True,False,sacked,fabio viviani,davide ballardini,palermo,End of caretaker spell,fabio viviani,2016-01-18,davide ballardini,False,True,True,False,True,False,caretaker,high,caretaker_flag_or_short_spell,Palermo,True,2015-08-23,2016-05-15,38.0,True,False,True,False
Palermo,Fabio Viviani (caretaker),End of caretaker spell,18 January 2016,14th,Giovanni Tedesco,26 January 2016,serie_a,2015/16,2015–16 Serie A,https://en.wikipedia.org/wiki/2015%E2%80%9316_Serie_A,wikipedia,2016-01-18,2016-01-26,False,True,exclude_end_caretaker,giovanni tedesco,fabio viviani,palermo,End of interim spell,giovanni tedesco,2016-02-10,fabio viviani,True,True,True,False,True,False,caretaker,high,caretaker_flag_or_short_spell,Palermo,True,2015-08-23,2016-05-15,38.0,True,False,False,False
Palermo,Giovanni Tedesco,End of interim spell,10 February 2016,14th,Giovanni Bosi,10 February 2016,serie_a,2015/16,2015–16 Serie A,https://en.wikipedia.org/wiki/2015%E2%80%9316_Serie_A,wikipedia,2016-02-10,2016-02-10,False,False,exclude_end_caretaker,giovanni bosi,giovanni tedesco,palermo,Sacked,giovanni bosi,2016-02-15,giovanni tedesco,False,False,True,False,True,False,caretaker,review,caretaker_flag_or_short_spell,Palermo,True,2015-08-23,2016-05-15,38.0,True,False,False,False
Palermo,Giovanni Bosi,Sacked,15 February 2016,15th,Giuseppe Iachini,15 February 2016,serie_a,2015/16,2015–16 Serie A,https://en.wikipedia.org/wiki/2015%E2%80%9316_Serie_A,wikipedia,2016-02-15,2016-02-15,False,False,sacked,giuseppe iachini,giovanni bosi,palermo,Sacked,giuseppe iachini,2016-03-10,giovanni bosi,False,False,True,False,True,False,external,manual,sacked manager reinstated from outside as new first-team coach,Palermo,True,2015-08-23,2016-05-15,38.0,True,False,True,False
Palermo,Giuseppe Iachini,Sacked,10 March 2016,17th,Walter Novellino,10 March 2016,serie_a,2015/16,2015–16 Serie A,https://en.wikipedia.org/wiki/2015%E2%80%9316_Serie_A,wikipedia,2016-03-10,2016-03-10,False,False,sacked,walter novellino,giuseppe iachini,palermo,Sacked,walter novellino,2016-04-11,giuseppe iachini,False,False,True,False,True,False,external,manual,hired from outside as new Palermo manager,Palermo,True,2015-08-23,2016-05-15,38.0,True,False,True,False
Palermo,Walter Novellino,Sacked,11 April 2016,18th,Davide Ballardini,12 April 2016,serie_a,2015/16,2015–16 Serie A,https://en.wikipedia.org/wiki/2015%E2%80%9316_Serie_A,wikipedia,2016-04-11,2016-04-12,False,False,sacked,davide ballardini,walter novellino,palermo,,,,walter novellino,False,False,False,False,True,False,external,manual,"former Palermo manager recalled from outside, not then on staff under Novellino",Palermo,True,2015-08-23,2016-05-15,38.0,True,False,True,False
Roma,Rudi Garcia,Sacked,13 January 2016,5th,Luciano Spalletti,13 January 2016,serie_a,2015/16,2015–16 Serie A,https://en.wikipedia.org/wiki/2015%E2%80%9316_Serie_A,wikipedia,2016-01-13,2016-01-13,False,False,sacked,luciano spalletti,rudi garcia,roma,,,,,,False,False,False,True,False,external,manual,hired from outside as new Roma manager,Roma,True,2015-08-22,2016-05-14,38.0,True,False,True,False
Sampdoria,Siniša Mihajlović,Signed by Milan,1 June 2015,Pre-season,Walter Zenga,4 June 2015,serie_a,2015/16,2015–16 Serie A,https://en.wikipedia.org/wiki/2015%E2%80%9316_Serie_A,wikipedia,2015-06-01,2015-06-04,False,False,exclude_preseason,walter zenga,sini a mihajlovi,sampdoria,Sacked,walter zenga,2015-11-10,,,False,True,False,False,False,external,review,default_external_needs_review,Sampdoria,True,2015-08-23,2016-05-14,38.0,False,True,False,False
Sampdoria,Walter Zenga,Sacked,10 November 2015,10th,Vincenzo Montella,15 November 2015,serie_a,2015/16,2015–16 Serie A,https://en.wikipedia.org/wiki/2015%E2%80%9316_Serie_A,wikipedia,2015-11-10,2015-11-15,False,False,sacked,vincenzo montella,walter zenga,sampdoria,,,,walter zenga,False,False,False,False,False,True,external,high,arrived_from_other_club_in_sample,Sampdoria,True,2015-08-23,2016-05-14,38.0,True,False,True,False
Udinese,Andrea Stramaccioni,Resigned,1 June 2015,Pre-season,Stefano Colantuono,4 June 2015,serie_a,2015/16,2015–16 Serie A,https://en.wikipedia.org/wiki/2015%E2%80%9316_Serie_A,wikipedia,2015-06-01,2015-06-04,False,False,exclude_preseason,stefano colantuono,andrea stramaccioni,udinese,Sacked,stefano colantuono,2016-03-14,,,False,True,False,False,True,external,high,arrived_from_other_club_in_sample,Udinese,True,2015-08-23,2016-05-15,38.0,False,True,False,False
Udinese,Stefano Colantuono,Sacked,14 March 2016,16th,Luigi De Canio,15 March 2016,serie_a,2015/16,2015–16 Serie A,https://en.wikipedia.org/wiki/2015%E2%80%9316_Serie_A,wikipedia,2016-03-14,2016-03-15,False,False,sacked,luigi de canio,stefano colantuono,udinese,,,,stefano colantuono,False,False,False,False,True,False,external,manual,hired from outside as new Udinese manager,Udinese,True,2015-08-23,2016-05-15,38.0,True,False,True,False
Atalanta,Edoardo Reja,Sacked,14 June 2016,Pre-season,Gian Piero Gasperini,14 June 2016,serie_a,2016/17,2016–17 Serie A,https://en.wikipedia.org/wiki/2016%E2%80%9317_Serie_A,wikipedia,2016-06-14,2016-06-14,False,False,exclude_preseason,gian piero gasperini,edoardo reja,atalanta,,,,,,False,False,False,False,True,external,high,arrived_from_other_club_in_sample,Atalanta,True,2016-08-21,2017-05-27,38.0,False,True,False,False
Crotone,Ivan Jurić,Signed by Genoa,23 June 2016,Pre-season,Davide Nicola,23 June 2016,serie_a,2016/17,2016–17 Serie A,https://en.wikipedia.org/wiki/2016%E2%80%9317_Serie_A,wikipedia,2016-06-23,2016-06-23,False,False,exclude_preseason,davide nicola,ivan juri,crotone,,,,,,False,False,False,False,False,external,review,default_external_needs_review,Crotone,True,2016-08-21,2017-05-28,38.0,False,True,False,False
Empoli,Marco Giampaolo,Mutual consent,15 May 2016,Pre-season,Giovanni Martusciello,26 May 2016,serie_a,2016/17,2016–17 Serie A,https://en.wikipedia.org/wiki/2016%E2%80%9317_Serie_A,wikipedia,2016-05-15,2016-05-26,False,False,exclude_preseason,giovanni martusciello,marco giampaolo,empoli,,,,,,False,False,False,False,False,external,review,default_external_needs_review,Empoli,True,2016-08-21,2017-05-28,38.0,False,True,False,False
Genoa,Gian Piero Gasperini,Signed by Atalanta,14 June 2016,Pre-season,Ivan Jurić,28 June 2016,serie_a,2016/17,2016–17 Serie A,https://en.wikipedia.org/wiki/2016%E2%80%9317_Serie_A,wikipedia,2016-06-14,2016-06-28,False,False,exclude_preseason,ivan juri,gian piero gasperini,genoa,Sacked,ivan juri,2017-02-19,,,False,True,False,False,True,external,high,arrived_from_other_club_in_sample,Genoa,True,2016-08-21,2017-05-28,38.0,False,True,False,False
Genoa,Ivan Jurić,Sacked,19 February 2017,16th,Andrea Mandorlini,19 February 2017,serie_a,2016/17,2016–17 Serie A,https://en.wikipedia.org/wiki/2016%E2%80%9317_Serie_A,wikipedia,2017-02-19,2017-02-19,False,False,sacked,andrea mandorlini,ivan juri,genoa,Sacked,andrea mandorlini,2017-04-10,ivan juri,False,False,True,False,True,False,external,manual,hired from outside as new Genoa manager before Juric was later recalled,Genoa,True,2016-08-21,2017-05-28,38.0,True,False,True,False
Genoa,Andrea Mandorlini,Sacked,10 April 2017,16th,Ivan Jurić,10 April 2017,serie_a,2016/17,2016–17 Serie A,https://en.wikipedia.org/wiki/2016%E2%80%9317_Serie_A,wikipedia,2017-04-10,2017-04-10,False,False,sacked,ivan juri,andrea mandorlini,genoa,,,,andrea mandorlini,False,False,False,False,True,False,external,manual,"sacked manager reinstated from outside, not then on staff under Mandorlini",Genoa,True,2016-08-21,2017-05-28,38.0,True,False,True,False
Internazionale,Roberto Mancini,Mutual consent,8 August 2016,Pre-season,Frank de Boer,9 August 2016,serie_a,2016/17,2016–17 Serie A,https://en.wikipedia.org/wiki/2016%E2%80%9317_Serie_A,wikipedia,2016-08-08,2016-08-09,False,False,exclude_preseason,frank de boer,roberto mancini,internazionale,Sacked,frank de boer,2016-11-01,,,False,True,False,False,False,caretaker,review,caretaker_flag_or_short_spell,Inter,True,2016-08-21,2017-05-28,38.0,False,True,False,False
Internazionale,Frank de Boer,Sacked,1 November 2016,12th,Stefano Vecchi (caretaker),1 November 2016,serie_a,2016/17,2016–17 Serie A,https://en.wikipedia.org/wiki/2016%E2%80%9317_Serie_A,wikipedia,2016-11-01,2016-11-01,True,False,sacked,stefano vecchi,frank de boer,internazionale,End of interim spell,stefano vecchi,2016-11-08,frank de boer,False,True,True,False,False,False,caretaker,high,caretaker_flag_or_short_spell,Inter,True,2016-08-21,2017-05-28,38.0,True,False,True,False
Internazionale,Stefano Vecchi,End of interim spell,8 November 2016,9th,Stefano Pioli,8 November 2016,serie_a,2016/17,2016–17 Serie A,https://en.wikipedia.org/wiki/2016%E2%80%9317_Serie_A,wikipedia,2016-11-08,2016-11-08,False,False,exclude_end_caretaker,stefano pioli,stefano vecchi,internazionale,Sacked,stefano pioli,2017-05-09,stefano vecchi,True,False,True,False,False,False,external,review,default_external_needs_review,Inter,True,2016-08-21,2017-05-28,38.0,True,False,False,False
Internazionale,Stefano Pioli,Sacked,9 May 2017,7th,Stefano Vecchi (caretaker),10 May 2017,serie_a,2016/17,2016–17 Serie A,https://en.wikipedia.org/wiki/2016%E2%80%9317_Serie_A,wikipedia,2017-05-09,2017-05-10,True,False,sacked,stefano vecchi,stefano pioli,internazionale,,,,stefano pioli,False,False,False,False,False,False,caretaker,high,caretaker_flag_or_short_spell,Inter,True,2016-08-21,2017-05-28,38.0,True,False,True,False
Lazio,Simone Inzaghi,End of Interim spell,6 July 2016,Pre-season,Marcelo Bielsa,6 July 2016,serie_a,2016/17,2016–17 Serie A,https://en.wikipedia.org/wiki/2016%E2%80%9317_Serie_A,wikipedia,2016-07-06,2016-07-06,False,False,exclude_preseason,marcelo bielsa,simone inzaghi,lazio,Resigned,marcelo bielsa,2016-07-08,,,False,True,False,True,False,caretaker,review,caretaker_flag_or_short_spell,Lazio,True,2016-08-21,2017-05-28,38.0,False,True,False,False
Lazio,Marcelo Bielsa,Resigned,8 July 2016,Pre-season,Simone Inzaghi,8 July 2016,serie_a,2016/17,2016–17 Serie A,https://en.wikipedia.org/wiki/2016%E2%80%9317_Serie_A,wikipedia,2016-07-08,2016-07-08,False,False,exclude_preseason,simone inzaghi,marcelo bielsa,lazio,,,,marcelo bielsa,False,False,False,False,True,False,external,review,default_external_needs_review,Lazio,True,2016-08-21,2017-05-28,38.0,False,True,False,False
Milan,Cristian Brocchi,End of Interim spell,28 June 2016,Pre-season,Vincenzo Montella,28 June 2016,serie_a,2016/17,2016–17 Serie A,https://en.wikipedia.org/wiki/2016%E2%80%9317_Serie_A,wikipedia,2016-06-28,2016-06-28,False,False,exclude_preseason,vincenzo montella,cristian brocchi,milan,,,,,,False,False,False,False,True,external,high,arrived_from_other_club_in_sample,Milan,True,2016-08-21,2017-05-28,38.0,False,True,False,False
Palermo,Davide Ballardini,Mutual consent,6 September 2016,15th,Roberto De Zerbi,6 September 2016,serie_a,2016/17,2016–17 Serie A,https://en.wikipedia.org/wiki/2016%E2%80%9317_Serie_A,wikipedia,2016-09-06,2016-09-06,False,False,mutual_consent,roberto de zerbi,davide ballardini,palermo,Sacked,roberto de zerbi,2016-11-30,,,False,True,False,True,False,external,manual,"Hired from Foggia as nuovo allenatore on a two-year deal, not as a caretaker.",Palermo,True,2016-08-21,2017-05-28,38.0,True,False,False,True
Palermo,Roberto De Zerbi,Sacked,30 November 2016,20th,Eugenio Corini,30 November 2016,serie_a,2016/17,2016–17 Serie A,https://en.wikipedia.org/wiki/2016%E2%80%9317_Serie_A,wikipedia,2016-11-30,2016-11-30,False,False,sacked,eugenio corini,roberto de zerbi,palermo,Resigned,eugenio corini,2017-01-24,roberto de zerbi,False,False,True,False,True,False,external,manual,hired from outside as new Palermo manager,Palermo,True,2016-08-21,2017-05-28,38.0,True,False,True,False
Palermo,Eugenio Corini,Resigned,24 January 2017,19th,Diego López,26 January 2017,serie_a,2016/17,2016–17 Serie A,https://en.wikipedia.org/wiki/2016%E2%80%9317_Serie_A,wikipedia,2017-01-24,2017-01-26,False,False,exclude_resigned,diego l pez,eugenio corini,palermo,Sacked,diego l pez,2017-04-11,eugenio corini,False,False,True,False,True,False,caretaker,review,caretaker_flag_or_short_spell,Palermo,True,2016-08-21,2017-05-28,38.0,True,False,False,False
Palermo,Diego López,Sacked,11 April 2017,19th,Diego Bortoluzzi (caretaker),11 April 2017,serie_a,2016/17,2016–17 Serie A,https://en.wikipedia.org/wiki/2016%E2%80%9317_Serie_A,wikipedia,2017-04-11,2017-04-11,True,False,sacked,diego bortoluzzi,diego l pez,palermo,,,,diego l pez,False,False,False,False,True,False,caretaker,high,caretaker_flag_or_short_spell,Palermo,True,2016-08-21,2017-05-28,38.0,True,False,True,False
Pescara,Massimo Oddo,Sacked,14 February 2017,20th,Luciano Zauri (interim),14 February 2017,serie_a,2016/17,2016–17 Serie A,https://en.wikipedia.org/wiki/2016%E2%80%9317_Serie_A,wikipedia,2017-02-14,2017-02-14,True,False,sacked,luciano zauri,massimo oddo,pescara,End of interim spell,luciano zauri,2017-02-14,,,True,True,False,False,False,caretaker,high,caretaker_flag_or_short_spell,Pescara,True,2016-08-21,2017-05-28,38.0,True,False,True,False
Pescara,Luciano Zauri,End of interim spell,14 February 2017,20th,Zdeněk Zeman,17 February 2017,serie_a,2016/17,2016–17 Serie A,https://en.wikipedia.org/wiki/2016%E2%80%9317_Serie_A,wikipedia,2017-02-14,2017-02-17,False,False,exclude_end_caretaker,zden k zeman,luciano zauri,pescara,,,,luciano zauri,True,False,False,False,False,False,external,review,default_external_needs_review,Pescara,True,2016-08-21,2017-05-28,38.0,True,False,False,False
Sampdoria,Vincenzo Montella,Signed by Milan,28 June 2016,Pre-season,Marco Giampaolo,4 July 2016,serie_a,2016/17,2016–17 Serie A,https://en.wikipedia.org/wiki/2016%E2%80%9317_Serie_A,wikipedia,2016-06-28,2016-07-04,False,False,exclude_preseason,marco giampaolo,vincenzo montella,sampdoria,,,,,,False,False,False,False,True,external,high,arrived_from_other_club_in_sample,Sampdoria,True,2016-08-21,2017-05-28,38.0,False,True,False,False
Torino,Gian Piero Ventura,Signed by Italy,25 May 2016,Pre-season,Siniša Mihajlović,25 May 2016,serie_a,2016/17,2016–17 Serie A,https://en.wikipedia.org/wiki/2016%E2%80%9317_Serie_A,wikipedia,2016-05-25,2016-05-25,False,False,exclude_preseason,sini a mihajlovi,gian piero ventura,torino,,,,,,False,False,False,False,True,external,high,arrived_from_other_club_in_sample,Torino,True,2016-08-21,2017-05-28,38.0,False,True,False,False
Udinese,Luigi De Canio,End of interim spell,19 May 2016,Pre-season,Giuseppe Iachini,19 May 2016,serie_a,2016/17,2016–17 Serie A,https://en.wikipedia.org/wiki/2016%E2%80%9317_Serie_A,wikipedia,2016-05-19,2016-05-19,False,False,exclude_preseason,giuseppe iachini,luigi de canio,udinese,Sacked,giuseppe iachini,2016-10-02,,,False,True,False,False,True,external,high,arrived_from_other_club_in_sample,Udinese,True,2016-08-20,2017-05-28,38.0,False,True,False,False
Udinese,Giuseppe Iachini,Sacked,2 October 2016,16th,Luigi Delneri,4 October 2016,serie_a,2016/17,2016–17 Serie A,https://en.wikipedia.org/wiki/2016%E2%80%9317_Serie_A,wikipedia,2016-10-02,2016-10-04,False,False,sacked,luigi delneri,giuseppe iachini,udinese,,,,giuseppe iachini,False,False,False,False,True,False,external,manual,hired from outside as new Udinese manager,Udinese,True,2016-08-20,2017-05-28,38.0,True,False,True,False
Benevento,Marco Baroni,Sacked,23 October 2017,20th,Roberto De Zerbi,23 October 2017,serie_a,2017/18,2017–18 Serie A,https://en.wikipedia.org/wiki/2017%E2%80%9318_Serie_A,wikipedia,2017-10-23,2017-10-23,False,False,sacked,roberto de zerbi,marco baroni,benevento,,,,,,False,False,False,True,False,external,manual,hired from Foggia as new Benevento manager,Benevento,True,2017-08-20,2018-05-20,38.0,True,False,True,False
Cagliari,Massimo Rastelli,Sacked,17 October 2017,14th,Diego López,18 October 2017,serie_a,2017/18,2017–18 Serie A,https://en.wikipedia.org/wiki/2017%E2%80%9318_Serie_A,wikipedia,2017-10-17,2017-10-18,False,False,sacked,diego l pez,massimo rastelli,cagliari,,,,,,False,False,False,True,False,external,manual,hired from outside as new Cagliari manager,Cagliari,True,2017-08-19,2018-05-20,38.0,True,False,True,False
Chievo,Rolando Maran,Sacked,29 April 2018,17th,Lorenzo D'Anna,29 April 2018,serie_a,2017/18,2017–18 Serie A,https://en.wikipedia.org/wiki/2017%E2%80%9318_Serie_A,wikipedia,2018-04-29,2018-04-29,False,False,sacked,lorenzo d anna,rolando maran,chievo,,,,,,False,False,False,False,False,internal,manual,Primavera coach promoted as nuovo allenatore with no interim label.,Chievo,True,2017-08-20,2018-05-20,38.0,True,False,True,False
Crotone,Davide Nicola,Resigned,6 December 2017,16th,Walter Zenga,8 December 2017,serie_a,2017/18,2017–18 Serie A,https://en.wikipedia.org/wiki/2017%E2%80%9318_Serie_A,wikipedia,2017-12-06,2017-12-08,False,False,exclude_resigned,walter zenga,davide nicola,crotone,,,,,,False,False,False,True,False,external,review,default_external_needs_review,Crotone,True,2017-08-20,2018-05-20,38.0,True,False,False,False
Fiorentina,Paulo Sousa,End of contract,6 June 2017,Pre-season,Stefano Pioli,6 June 2017,serie_a,2017/18,2017–18 Serie A,https://en.wikipedia.org/wiki/2017%E2%80%9318_Serie_A,wikipedia,2017-06-06,2017-06-06,False,False,exclude_preseason,stefano pioli,paulo sousa,fiorentina,,,,,,False,False,False,False,True,external,high,arrived_from_other_club_in_sample,Fiorentina,True,2017-08-20,2018-05-20,38.0,False,True,False,False
Genoa,Ivan Jurić,Sacked,5 November 2017,18th,Davide Ballardini,6 November 2017,serie_a,2017/18,2017–18 Serie A,https://en.wikipedia.org/wiki/2017%E2%80%9318_Serie_A,wikipedia,2017-11-05,2017-11-06,False,False,sacked,davide ballardini,ivan juri,genoa,,,,,,False,False,False,True,False,external,manual,hired from outside as new Genoa manager,Genoa,True,2017-08-20,2018-05-20,38.0,True,False,True,False
Internazionale,Stefano Vecchi,End of caretaker spell,28 May 2017,Pre-season,Luciano Spalletti,9 June 2017,serie_a,2017/18,2017–18 Serie A,https://en.wikipedia.org/wiki/2017%E2%80%9318_Serie_A,wikipedia,2017-05-28,2017-06-09,False,False,exclude_preseason,luciano spalletti,stefano vecchi,internazionale,,,,,,False,False,False,False,True,external,high,arrived_from_other_club_in_sample,Inter,True,2017-08-20,2018-05-20,38.0,False,True,False,False
Milan,Vincenzo Montella,Sacked,27 November 2017,7th,Gennaro Gattuso,27 November 2017,serie_a,2017/18,2017–18 Serie A,https://en.wikipedia.org/wiki/2017%E2%80%9318_Serie_A,wikipedia,2017-11-27,2017-11-27,False,False,sacked,gennaro gattuso,vincenzo montella,milan,,,,,,False,False,False,True,False,internal,manual,"Primavera coach already at Milan promoted to first-team manager, not labelled caretaker",Milan,True,2017-08-20,2018-05-20,38.0,True,False,True,False
Roma,Luciano Spalletti,Mutual consent,30 May 2017,Pre-season,Eusebio Di Francesco,13 June 2017,serie_a,2017/18,2017–18 Serie A,https://en.wikipedia.org/wiki/2017%E2%80%9318_Serie_A,wikipedia,2017-05-30,2017-06-13,False,False,exclude_preseason,eusebio di francesco,luciano spalletti,roma,,,,,,False,False,False,False,True,external,high,arrived_from_other_club_in_sample,Roma,True,2017-08-20,2018-05-20,38.0,False,True,False,False
Sassuolo,Eusebio Di Francesco,Signed by Roma,13 June 2017,Pre-season,Cristian Bucchi,20 June 2017,serie_a,2017/18,2017–18 Serie A,https://en.wikipedia.org/wiki/2017%E2%80%9318_Serie_A,wikipedia,2017-06-13,2017-06-20,False,False,exclude_preseason,cristian bucchi,eusebio di francesco,sassuolo,Sacked,cristian bucchi,2017-11-27,,,False,True,False,False,False,external,review,default_external_needs_review,Sassuolo,True,2017-08-20,2018-05-20,38.0,False,True,False,False
Sassuolo,Cristian Bucchi,Sacked,27 November 2017,16th,Giuseppe Iachini,27 November 2017,serie_a,2017/18,2017–18 Serie A,https://en.wikipedia.org/wiki/2017%E2%80%9318_Serie_A,wikipedia,2017-11-27,2017-11-27,False,False,sacked,giuseppe iachini,cristian bucchi,sassuolo,,,,cristian bucchi,False,False,False,False,True,False,external,manual,hired from outside as new Sassuolo manager,Sassuolo,True,2017-08-20,2018-05-20,38.0,True,False,True,False
Torino,Siniša Mihajlović,Sacked,4 January 2018,10th,Walter Mazzarri,4 January 2018,serie_a,2017/18,2017–18 Serie A,https://en.wikipedia.org/wiki/2017%E2%80%9318_Serie_A,wikipedia,2018-01-04,2018-01-04,False,False,sacked,walter mazzarri,sini a mihajlovi,torino,,,,,,False,False,False,True,False,external,manual,hired from outside as new Torino manager,Torino,True,2017-08-20,2018-05-20,38.0,True,False,True,False
Udinese,Luigi Delneri,Sacked,21 November 2017,14th,Massimo Oddo,21 November 2017,serie_a,2017/18,2017–18 Serie A,https://en.wikipedia.org/wiki/2017%E2%80%9318_Serie_A,wikipedia,2017-11-21,2017-11-21,False,False,sacked,massimo oddo,luigi delneri,udinese,Sacked,massimo oddo,2018-04-24,,,False,True,False,True,False,external,manual,hired from outside as new Udinese manager,Udinese,True,2017-08-20,2018-05-20,38.0,True,False,True,False
Udinese,Massimo Oddo,Sacked,24 April 2018,15th,Igor Tudor,24 April 2018,serie_a,2017/18,2017–18 Serie A,https://en.wikipedia.org/wiki/2017%E2%80%9318_Serie_A,wikipedia,2018-04-24,2018-04-24,False,False,sacked,igor tudor,massimo oddo,udinese,,,,massimo oddo,False,False,False,False,True,False,external,manual,Hired from outside as nuovo allenatore on a one-year contract.,Udinese,True,2017-08-20,2018-05-20,38.0,True,False,True,False
Bologna,Roberto Donadoni,Mutual consent,24 May 2018,Pre-season,Filippo Inzaghi,13 June 2018,serie_a,2018/19,2018–19 Serie A,https://en.wikipedia.org/wiki/2018%E2%80%9319_Serie_A,wikipedia,2018-05-24,2018-06-13,False,False,exclude_preseason,filippo inzaghi,roberto donadoni,bologna,Sacked,filippo inzaghi,2019-01-28,,,False,True,False,False,False,external,review,default_external_needs_review,Bologna,True,2018-08-19,2019-05-25,38.0,False,True,False,False
Bologna,Filippo Inzaghi,Sacked,28 January 2019,18th,Siniša Mihajlović,28 January 2019,serie_a,2018/19,2018–19 Serie A,https://en.wikipedia.org/wiki/2018%E2%80%9319_Serie_A,wikipedia,2019-01-28,2019-01-28,False,False,sacked,sini a mihajlovi,filippo inzaghi,bologna,,,,filippo inzaghi,False,False,False,False,False,False,external,manual,hired from outside as new Bologna manager,Bologna,True,2018-08-19,2019-05-25,38.0,True,False,True,False
Cagliari,Diego López,Mutual consent,30 May 2018,Pre-season,Rolando Maran,7 June 2018,serie_a,2018/19,2018–19 Serie A,https://en.wikipedia.org/wiki/2018%E2%80%9319_Serie_A,wikipedia,2018-05-30,2018-06-07,False,False,exclude_preseason,rolando maran,diego l pez,cagliari,,,,,,False,False,False,False,True,external,high,arrived_from_other_club_in_sample,Cagliari,True,2018-08-19,2019-05-26,38.0,False,True,False,False
Chievo,Lorenzo D'Anna,Sacked,9 October 2018,20th,Gian Piero Ventura,10 October 2018,serie_a,2018/19,2018–19 Serie A,https://en.wikipedia.org/wiki/2018%E2%80%9319_Serie_A,wikipedia,2018-10-09,2018-10-10,False,False,sacked,gian piero ventura,lorenzo d anna,chievo,"Resigned, consensual resolution",gian piero ventura,2018-11-13,,,False,True,False,False,False,external,manual,"hired from outside as new Chievo manager, not a caretaker appointment",Chievo,True,2018-08-18,2019-05-25,38.0,True,False,True,False
Chievo,Gian Piero Ventura,"Resigned, consensual resolution",13 November 2018,20th,Domenico Di Carlo,13 November 2018,serie_a,2018/19,2018–19 Serie A,https://en.wikipedia.org/wiki/2018%E2%80%9319_Serie_A,wikipedia,2018-11-13,2018-11-13,False,False,exclude_resigned,domenico di carlo,gian piero ventura,chievo,,,,gian piero ventura,False,False,False,False,False,False,external,review,default_external_needs_review,Chievo,True,2018-08-18,2019-05-25,38.0,True,False,False,False
Empoli,Aurelio Andreazzoli,Sacked,5 November 2018,18th,Giuseppe Iachini,6 November 2018,serie_a,2018/19,2018–19 Serie A,https://en.wikipedia.org/wiki/2018%E2%80%9319_Serie_A,wikipedia,2018-11-05,2018-11-06,False,False,sacked,giuseppe iachini,aurelio andreazzoli,empoli,Sacked,giuseppe iachini,2019-03-13,,,False,True,False,True,True,external,high,arrived_from_other_club_in_sample,Empoli,True,2018-08-19,2019-05-26,38.0,True,False,True,False
Empoli,Giuseppe Iachini,Sacked,13 March 2019,17th,Aurelio Andreazzoli,13 March 2019,serie_a,2018/19,2018–19 Serie A,https://en.wikipedia.org/wiki/2018%E2%80%9319_Serie_A,wikipedia,2019-03-13,2019-03-13,False,False,sacked,aurelio andreazzoli,giuseppe iachini,empoli,,,,giuseppe iachini,False,False,False,False,True,False,external,manual,"sacked Empoli manager recalled from outside after Iachini spell, not then on staff",Empoli,True,2018-08-19,2019-05-26,38.0,True,False,True,False
Fiorentina,Stefano Pioli,Resigned,9 April 2019,10th,Vincenzo Montella,10 April 2019,serie_a,2018/19,2018–19 Serie A,https://en.wikipedia.org/wiki/2018%E2%80%9319_Serie_A,wikipedia,2019-04-09,2019-04-10,False,False,exclude_resigned,vincenzo montella,stefano pioli,fiorentina,,,,,,False,False,False,False,False,external,review,default_external_needs_review,Fiorentina,True,2018-08-26,2019-05-26,38.0,True,False,False,False
Frosinone,Moreno Longo,Sacked,19 December 2018,19th,Marco Baroni,19 December 2018,serie_a,2018/19,2018–19 Serie A,https://en.wikipedia.org/wiki/2018%E2%80%9319_Serie_A,wikipedia,2018-12-19,2018-12-19,False,False,sacked,marco baroni,moreno longo,frosinone,,,,,,False,False,False,True,False,external,manual,hired from outside as new Frosinone manager,Frosinone,True,2018-08-20,2019-05-25,38.0,True,False,True,False
Genoa,Davide Ballardini,Sacked,9 October 2018,11th,Ivan Jurić,9 October 2018,serie_a,2018/19,2018–19 Serie A,https://en.wikipedia.org/wiki/2018%E2%80%9319_Serie_A,wikipedia,2018-10-09,2018-10-09,False,False,sacked,ivan juri,davide ballardini,genoa,Sacked,ivan juri,2018-12-07,,,False,True,False,True,False,external,manual,returning former Genoa manager hired from outside as new coach,Genoa,True,2018-08-26,2019-05-26,38.0,True,False,True,False
Genoa,Ivan Jurić,Sacked,7 December 2018,14th,Cesare Prandelli,7 December 2018,serie_a,2018/19,2018–19 Serie A,https://en.wikipedia.org/wiki/2018%E2%80%9319_Serie_A,wikipedia,2018-12-07,2018-12-07,False,False,sacked,cesare prandelli,ivan juri,genoa,,,,ivan juri,False,False,False,False,True,False,external,manual,hired from outside as new Genoa manager,Genoa,True,2018-08-26,2019-05-26,38.0,True,False,True,False
Napoli,Maurizio Sarri,Mutual consent,23 May 2018,Pre-season,Carlo Ancelotti,23 May 2018,serie_a,2018/19,2018–19 Serie A,https://en.wikipedia.org/wiki/2018%E2%80%9319_Serie_A,wikipedia,2018-05-23,2018-05-23,False,False,exclude_preseason,carlo ancelotti,maurizio sarri,napoli,,,,,,False,False,False,False,False,external,review,default_external_needs_review,Napoli,True,2018-08-18,2019-05-25,38.0,False,True,False,False
Roma,Eusebio Di Francesco,Sacked,7 March 2019,5th,Claudio Ranieri,8 March 2019,serie_a,2018/19,2018–19 Serie A,https://en.wikipedia.org/wiki/2018%E2%80%9319_Serie_A,wikipedia,2019-03-07,2019-03-08,False,False,sacked,claudio ranieri,eusebio di francesco,roma,,,,,,False,False,False,True,True,external,high,arrived_from_other_club_in_sample,Roma,True,2018-08-19,2019-05-26,38.0,True,False,True,False
Sassuolo,Giuseppe Iachini,Mutual consent,5 June 2018,Pre-season,Roberto De Zerbi,13 June 2018,serie_a,2018/19,2018–19 Serie A,https://en.wikipedia.org/wiki/2018%E2%80%9319_Serie_A,wikipedia,2018-06-05,2018-06-13,False,False,exclude_preseason,roberto de zerbi,giuseppe iachini,sassuolo,,,,,,False,False,False,False,False,external,review,default_external_needs_review,Sassuolo,True,2018-08-19,2019-05-26,38.0,False,True,False,False
Udinese,Igor Tudor,Mutual consent,7 June 2018,Pre-season,Julio Velázquez,7 June 2018,serie_a,2018/19,2018–19 Serie A,https://en.wikipedia.org/wiki/2018%E2%80%9319_Serie_A,wikipedia,2018-06-07,2018-06-07,False,False,exclude_preseason,julio vel zquez,igor tudor,udinese,Sacked,julio vel zquez,2018-11-13,,,False,True,False,False,False,external,review,default_external_needs_review,Udinese,True,2018-08-19,2019-05-26,38.0,False,True,False,False
Udinese,Julio Velázquez,Sacked,13 November 2018,17th,Davide Nicola,13 November 2018,serie_a,2018/19,2018–19 Serie A,https://en.wikipedia.org/wiki/2018%E2%80%9319_Serie_A,wikipedia,2018-11-13,2018-11-13,False,False,sacked,davide nicola,julio vel zquez,udinese,Sacked,davide nicola,2019-03-20,julio vel zquez,False,False,True,False,True,False,external,manual,hired from outside as new Udinese manager,Udinese,True,2018-08-19,2019-05-26,38.0,True,False,True,False
Udinese,Davide Nicola,Sacked,20 March 2019,16th,Igor Tudor,21 March 2019,serie_a,2018/19,2018–19 Serie A,https://en.wikipedia.org/wiki/2018%E2%80%9319_Serie_A,wikipedia,2019-03-20,2019-03-21,False,False,sacked,igor tudor,davide nicola,udinese,,,,davide nicola,False,False,False,False,True,False,external,manual,hired from outside as new Udinese manager,Udinese,True,2018-08-19,2019-05-26,38.0,True,False,True,False
Brescia,Eugenio Corini,Sacked,3 November 2019,18th,Fabio Grosso,5 November 2019,serie_a,2019/20,2019–20 Serie A,https://en.wikipedia.org/wiki/2019%E2%80%9320_Serie_A,wikipedia,2019-11-03,2019-11-05,False,False,sacked,fabio grosso,eugenio corini,brescia,Sacked,fabio grosso,2019-12-02,,,False,True,False,False,False,external,manual,hired from outside as new Brescia manager before Corini was later recalled,Brescia,True,2019-08-25,2020-08-01,38.0,True,False,True,False
Brescia,Fabio Grosso,Sacked,2 December 2019,20th,Eugenio Corini,2 December 2019,serie_a,2019/20,2019–20 Serie A,https://en.wikipedia.org/wiki/2019%E2%80%9320_Serie_A,wikipedia,2019-12-02,2019-12-02,False,False,sacked,eugenio corini,fabio grosso,brescia,Sacked,eugenio corini,2020-02-05,fabio grosso,False,False,True,False,False,False,external,manual,"sacked manager reinstated from outside, not then on staff under Grosso",Brescia,True,2019-08-25,2020-08-01,38.0,True,False,True,False
Brescia,Eugenio Corini,Sacked,5 February 2020,19th,Diego López,5 February 2020,serie_a,2019/20,2019–20 Serie A,https://en.wikipedia.org/wiki/2019%E2%80%9320_Serie_A,wikipedia,2020-02-05,2020-02-05,False,False,sacked,diego l pez,eugenio corini,brescia,,,,eugenio corini,False,False,False,False,False,False,external,manual,hired from outside as new Brescia manager,Brescia,True,2019-08-25,2020-08-01,38.0,True,False,True,False
Cagliari,Rolando Maran,Sacked,3 March 2020,11th,Walter Zenga,3 March 2020,serie_a,2019/20,2019–20 Serie A,https://en.wikipedia.org/wiki/2019%E2%80%9320_Serie_A,wikipedia,2020-03-03,2020-03-03,False,False,sacked,walter zenga,rolando maran,cagliari,,,,,,False,False,False,True,False,external,manual,hired from outside as new Cagliari manager,Cagliari,True,2019-08-25,2020-08-01,38.0,True,False,True,False
Fiorentina,Vincenzo Montella,Sacked,21 December 2019,14th,Giuseppe Iachini,23 December 2019,serie_a,2019/20,2019–20 Serie A,https://en.wikipedia.org/wiki/2019%E2%80%9320_Serie_A,wikipedia,2019-12-21,2019-12-23,False,False,sacked,giuseppe iachini,vincenzo montella,fiorentina,,,,,,False,False,False,False,False,external,manual,hired from outside as new Fiorentina manager,Fiorentina,True,2019-08-24,2020-08-02,38.0,True,False,True,False
Genoa,Cesare Prandelli,Mutual consent,20 June 2019,Pre-season,Aurelio Andreazzoli,14 June 2019,serie_a,2019/20,2019–20 Serie A,https://en.wikipedia.org/wiki/2019%E2%80%9320_Serie_A,wikipedia,2019-06-20,2019-06-14,False,False,exclude_preseason,aurelio andreazzoli,cesare prandelli,genoa,Sacked,aurelio andreazzoli,2019-10-22,,,False,True,False,False,False,external,review,default_external_needs_review,Genoa,True,2019-08-25,2020-08-02,38.0,False,True,False,False
Genoa,Aurelio Andreazzoli,Sacked,22 October 2019,19th,Thiago Motta,22 October 2019,serie_a,2019/20,2019–20 Serie A,https://en.wikipedia.org/wiki/2019%E2%80%9320_Serie_A,wikipedia,2019-10-22,2019-10-22,False,False,sacked,thiago motta,aurelio andreazzoli,genoa,Sacked,thiago motta,2019-12-28,aurelio andreazzoli,False,False,True,False,True,False,external,manual,"hired from PSG U19 as new manager until 2020 with option, not then on Genoa staff",Genoa,True,2019-08-25,2020-08-02,38.0,True,False,True,False
Genoa,Thiago Motta,Sacked,28 December 2019,20th,Davide Nicola,28 December 2019,serie_a,2019/20,2019–20 Serie A,https://en.wikipedia.org/wiki/2019%E2%80%9320_Serie_A,wikipedia,2019-12-28,2019-12-28,False,False,sacked,davide nicola,thiago motta,genoa,,,,thiago motta,False,False,False,False,True,False,external,manual,hired from outside as new Genoa manager,Genoa,True,2019-08-25,2020-08-02,38.0,True,False,True,False
Hellas Verona,Alfredo Aglietti,End of contract,30 June 2019,Pre-season,Ivan Jurić,14 June 2019,serie_a,2019/20,2019–20 Serie A,https://en.wikipedia.org/wiki/2019%E2%80%9320_Serie_A,wikipedia,2019-06-30,2019-06-14,False,False,exclude_preseason,ivan juri,alfredo aglietti,hellasverona,,,,,,False,False,False,False,False,external,review,default_external_needs_review,Verona,True,2019-08-25,2020-08-02,38.0,False,True,False,False
Internazionale,Luciano Spalletti,Sacked,30 May 2019,Pre-season,Antonio Conte,31 May 2019,serie_a,2019/20,2019–20 Serie A,https://en.wikipedia.org/wiki/2019%E2%80%9320_Serie_A,wikipedia,2019-05-30,2019-05-31,False,False,exclude_preseason,antonio conte,luciano spalletti,internazionale,,,,,,False,False,False,False,False,external,review,default_external_needs_review,Inter,True,2019-08-26,2020-08-01,38.0,False,True,False,False
Juventus,Massimiliano Allegri,Sacked,26 May 2019,Pre-season,Maurizio Sarri,16 June 2019,serie_a,2019/20,2019–20 Serie A,https://en.wikipedia.org/wiki/2019%E2%80%9320_Serie_A,wikipedia,2019-05-26,2019-06-16,False,False,exclude_preseason,maurizio sarri,massimiliano allegri,juventus,,,,,,False,False,False,False,True,external,high,arrived_from_other_club_in_sample,Juventus,True,2019-08-24,2020-08-01,38.0,False,True,False,False
Milan,Gennaro Gattuso,Sacked,28 May 2019,Pre-season,Marco Giampaolo,19 June 2019,serie_a,2019/20,2019–20 Serie A,https://en.wikipedia.org/wiki/2019%E2%80%9320_Serie_A,wikipedia,2019-05-28,2019-06-19,False,False,exclude_preseason,marco giampaolo,gennaro gattuso,milan,Sacked,marco giampaolo,2019-10-08,,,False,True,False,False,True,external,high,arrived_from_other_club_in_sample,Milan,True,2019-08-25,2020-08-01,38.0,False,True,False,False
Milan,Marco Giampaolo,Sacked,8 October 2019,13th,Stefano Pioli,9 October 2019,serie_a,2019/20,2019–20 Serie A,https://en.wikipedia.org/wiki/2019%E2%80%9320_Serie_A,wikipedia,2019-10-08,2019-10-09,False,False,sacked,stefano pioli,marco giampaolo,milan,,,,marco giampaolo,False,False,False,False,True,False,external,manual,hired from outside as new Milan manager,Milan,True,2019-08-25,2020-08-01,38.0,True,False,True,False
Napoli,Carlo Ancelotti,Sacked,10 December 2019,7th,Gennaro Gattuso,11 December 2019,serie_a,2019/20,2019–20 Serie A,https://en.wikipedia.org/wiki/2019%E2%80%9320_Serie_A,wikipedia,2019-12-10,2019-12-11,False,False,sacked,gennaro gattuso,carlo ancelotti,napoli,,,,,,False,False,False,True,False,external,manual,"hired from outside after leaving Milan, not then on Napoli staff",Napoli,True,2019-08-24,2020-08-01,38.0,True,False,True,False
Roma,Claudio Ranieri,End of contract,26 May 2019,Pre-season,Paulo Fonseca,11 June 2019,serie_a,2019/20,2019–20 Serie A,https://en.wikipedia.org/wiki/2019%E2%80%9320_Serie_A,wikipedia,2019-05-26,2019-06-11,False,False,exclude_preseason,paulo fonseca,claudio ranieri,roma,,,,,,False,False,False,False,False,external,review,default_external_needs_review,Roma,True,2019-08-25,2020-08-01,38.0,False,True,False,False
Sampdoria,Marco Giampaolo,"Mutual consent, signed for Milan",15 June 2019,Pre-season,Eusebio Di Francesco,22 June 2019,serie_a,2019/20,2019–20 Serie A,https://en.wikipedia.org/wiki/2019%E2%80%9320_Serie_A,wikipedia,2019-06-15,2019-06-22,False,False,exclude_preseason,eusebio di francesco,marco giampaolo,sampdoria,Mutual consent,eusebio di francesco,2019-10-07,,,False,True,False,False,True,external,high,arrived_from_other_club_in_sample,Sampdoria,True,2019-08-25,2020-08-01,38.0,False,True,False,False
Sampdoria,Eusebio Di Francesco,Mutual consent,7 October 2019,20th,Claudio Ranieri,12 October 2019,serie_a,2019/20,2019–20 Serie A,https://en.wikipedia.org/wiki/2019%E2%80%9320_Serie_A,wikipedia,2019-10-07,2019-10-12,False,False,mutual_consent,claudio ranieri,eusebio di francesco,sampdoria,,,,eusebio di francesco,False,False,False,False,False,True,external,high,arrived_from_other_club_in_sample,Sampdoria,True,2019-08-25,2020-08-01,38.0,True,False,False,True
SPAL,Leonardo Semplici,Sacked,10 February 2020,20th,Luigi Di Biagio,10 February 2020,serie_a,2019/20,2019–20 Serie A,https://en.wikipedia.org/wiki/2019%E2%80%9320_Serie_A,wikipedia,2020-02-10,2020-02-10,False,False,sacked,luigi di biagio,leonardo semplici,spal,,,,,,False,False,False,True,False,external,manual,hired from outside as new SPAL manager,Spal,True,2019-08-25,2020-08-02,38.0,True,False,True,False
Torino,Walter Mazzarri,Mutual consent,4 February 2020,12th,Moreno Longo,4 February 2020,serie_a,2019/20,2019–20 Serie A,https://en.wikipedia.org/wiki/2019%E2%80%9320_Serie_A,wikipedia,2020-02-04,2020-02-04,False,False,mutual_consent,moreno longo,walter mazzarri,torino,,,,,,False,False,False,True,False,external,manual,Former Primavera coach hired back from outside after leaving Frosinone; not on Torino staff at the vacancy.,Torino,True,2019-08-25,2020-08-02,38.0,True,False,False,True
Udinese,Igor Tudor,Sacked,1 November 2019,14th,Luca Gotti,1 November 2019,serie_a,2019/20,2019–20 Serie A,https://en.wikipedia.org/wiki/2019%E2%80%9320_Serie_A,wikipedia,2019-11-01,2019-11-01,False,False,sacked,luca gotti,igor tudor,udinese,,,,,,False,False,False,True,False,caretaker,manual,assistant named temporarily in charge while club searched for a new manager,Udinese,True,2019-08-25,2020-08-02,38.0,True,False,True,False
Cagliari,Walter Zenga,End of contract,2 August 2020,Pre-season,Eusebio Di Francesco,3 August 2020,serie_a,2020/21,2020–21 Serie A,https://en.wikipedia.org/wiki/2020%E2%80%9321_Serie_A,wikipedia,2020-08-02,2020-08-03,False,False,exclude_preseason,eusebio di francesco,walter zenga,cagliari,Sacked,eusebio di francesco,2021-02-22,,,False,True,False,True,False,external,review,default_external_needs_review,Cagliari,True,2020-09-20,2021-05-22,38.0,False,True,False,False
Cagliari,Eusebio Di Francesco,Sacked,22 February 2021,18th,Leonardo Semplici,22 February 2021,serie_a,2020/21,2020–21 Serie A,https://en.wikipedia.org/wiki/2020%E2%80%9321_Serie_A,wikipedia,2021-02-22,2021-02-22,False,False,sacked,leonardo semplici,eusebio di francesco,cagliari,,,,eusebio di francesco,False,False,False,False,True,False,external,manual,hired from outside as new Cagliari manager,Cagliari,True,2020-09-20,2021-05-22,38.0,True,False,True,False
Crotone,Giovanni Stroppa,Sacked,1 March 2021,20th,Serse Cosmi,1 March 2021,serie_a,2020/21,2020–21 Serie A,https://en.wikipedia.org/wiki/2020%E2%80%9321_Serie_A,wikipedia,2021-03-01,2021-03-01,False,False,sacked,serse cosmi,giovanni stroppa,crotone,,,,,,False,False,False,True,False,external,manual,hired from outside as new Crotone manager,Crotone,True,2020-09-20,2021-05-22,38.0,True,False,True,False
Fiorentina,Giuseppe Iachini,Sacked,9 November 2020,12th,Cesare Prandelli,9 November 2020,serie_a,2020/21,2020–21 Serie A,https://en.wikipedia.org/wiki/2020%E2%80%9321_Serie_A,wikipedia,2020-11-09,2020-11-09,False,False,sacked,cesare prandelli,giuseppe iachini,fiorentina,Resigned,cesare prandelli,2021-03-23,,,False,True,False,False,False,external,manual,"returning former manager hired from outside, not then on staff",Fiorentina,True,2020-09-19,2021-05-22,38.0,True,False,True,False
Fiorentina,Cesare Prandelli,Resigned,23 March 2021,14th,Giuseppe Iachini,24 March 2021,serie_a,2020/21,2020–21 Serie A,https://en.wikipedia.org/wiki/2020%E2%80%9321_Serie_A,wikipedia,2021-03-23,2021-03-24,False,False,exclude_resigned,giuseppe iachini,cesare prandelli,fiorentina,,,,cesare prandelli,False,False,False,False,False,False,external,review,default_external_needs_review,Fiorentina,True,2020-09-19,2021-05-22,38.0,True,False,False,False
Genoa,Davide Nicola,Sacked,26 August 2020,Pre-season,Rolando Maran,26 August 2020,serie_a,2020/21,2020–21 Serie A,https://en.wikipedia.org/wiki/2020%E2%80%9321_Serie_A,wikipedia,2020-08-26,2020-08-26,False,False,exclude_preseason,rolando maran,davide nicola,genoa,Sacked,rolando maran,2020-12-21,,,False,True,False,False,True,external,high,arrived_from_other_club_in_sample,Genoa,True,2020-09-20,2021-05-22,38.0,False,True,False,False
Genoa,Rolando Maran,Sacked,21 December 2020,19th,Davide Ballardini,21 December 2020,serie_a,2020/21,2020–21 Serie A,https://en.wikipedia.org/wiki/2020%E2%80%9321_Serie_A,wikipedia,2020-12-21,2020-12-21,False,False,sacked,davide ballardini,rolando maran,genoa,,,,rolando maran,False,False,False,False,True,False,external,manual,hired from outside as new Genoa manager,Genoa,True,2020-09-20,2021-05-22,38.0,True,False,True,False
Juventus,Maurizio Sarri,Sacked,8 August 2020,Pre-season,Andrea Pirlo,8 August 2020,serie_a,2020/21,2020–21 Serie A,https://en.wikipedia.org/wiki/2020%E2%80%9321_Serie_A,wikipedia,2020-08-08,2020-08-08,False,False,exclude_preseason,andrea pirlo,maurizio sarri,juventus,,,,,,False,False,False,True,False,external,review,default_external_needs_review,Juventus,True,2020-09-20,2021-05-23,38.0,False,True,False,False
Parma,Roberto D'Aversa,Sacked,23 August 2020,Pre-season,Fabio Liverani,28 August 2020,serie_a,2020/21,2020–21 Serie A,https://en.wikipedia.org/wiki/2020%E2%80%9321_Serie_A,wikipedia,2020-08-23,2020-08-28,False,False,exclude_preseason,fabio liverani,roberto d aversa,parma,Sacked,fabio liverani,2021-01-07,,,False,True,False,False,False,external,review,default_external_needs_review,Parma,True,2020-09-20,2021-05-22,38.0,False,True,False,False
Parma,Fabio Liverani,Sacked,7 January 2021,18th,Roberto D'Aversa,7 January 2021,serie_a,2020/21,2020–21 Serie A,https://en.wikipedia.org/wiki/2020%E2%80%9321_Serie_A,wikipedia,2021-01-07,2021-01-07,False,False,sacked,roberto d aversa,fabio liverani,parma,,,,fabio liverani,False,False,False,False,False,False,external,manual,"returning former Parma manager hired from outside, not then on staff",Parma,True,2020-09-20,2021-05-22,38.0,True,False,True,False
Torino,Moreno Longo,End of contract,2 August 2020,Pre-season,Marco Giampaolo,7 August 2020,serie_a,2020/21,2020–21 Serie A,https://en.wikipedia.org/wiki/2020%E2%80%9321_Serie_A,wikipedia,2020-08-02,2020-08-07,False,False,exclude_preseason,marco giampaolo,moreno longo,torino,Sacked,marco giampaolo,2021-01-18,,,False,True,False,True,False,external,review,default_external_needs_review,Torino,True,2020-09-19,2021-05-23,38.0,False,True,False,False
Torino,Marco Giampaolo,Sacked,18 January 2021,18th,Davide Nicola,19 January 2021,serie_a,2020/21,2020–21 Serie A,https://en.wikipedia.org/wiki/2020%E2%80%9321_Serie_A,wikipedia,2021-01-18,2021-01-19,False,False,sacked,davide nicola,marco giampaolo,torino,,,,marco giampaolo,False,False,False,False,True,True,external,high,arrived_from_other_club_in_sample,Torino,True,2020-09-19,2021-05-23,38.0,True,False,True,False
Cagliari,Leonardo Semplici,Sacked,14 September 2021,17th,Walter Mazzarri,15 September 2021,serie_a,2021/22,2021–22 Serie A,https://en.wikipedia.org/wiki/2021%E2%80%9322_Serie_A,wikipedia,2021-09-14,2021-09-15,False,False,sacked,walter mazzarri,leonardo semplici,cagliari,Sacked,walter mazzarri,2022-05-02,,,False,True,False,True,False,external,manual,hired from outside as new Cagliari manager,Cagliari,True,2021-08-23,2022-05-22,38.0,True,False,True,False
Cagliari,Walter Mazzarri,Sacked,2 May 2022,17th,Alessandro Agostini (caretaker),2 May 2022,serie_a,2021/22,2021–22 Serie A,https://en.wikipedia.org/wiki/2021%E2%80%9322_Serie_A,wikipedia,2022-05-02,2022-05-02,True,False,sacked,alessandro agostini,walter mazzarri,cagliari,,,,walter mazzarri,False,False,False,True,True,False,caretaker,high,caretaker_flag_or_short_spell,Cagliari,True,2021-08-23,2022-05-22,38.0,True,False,True,False
Empoli,Alessio Dionisi,Mutual consent,15 June 2021,Pre-season,Aurelio Andreazzoli,1 July 2021,serie_a,2021/22,2021–22 Serie A,https://en.wikipedia.org/wiki/2021%E2%80%9322_Serie_A,wikipedia,2021-06-15,2021-07-01,False,False,exclude_preseason,aurelio andreazzoli,alessio dionisi,empoli,,,,,,False,False,False,False,False,external,review,default_external_needs_review,Empoli,True,2021-08-21,2022-05-21,38.0,False,True,False,False
Fiorentina,Giuseppe Iachini,End of contract,30 June 2021,Pre-season,Vincenzo Italiano,1 July 2021,serie_a,2021/22,2021–22 Serie A,https://en.wikipedia.org/wiki/2021%E2%80%9322_Serie_A,wikipedia,2021-06-30,2021-07-01,False,False,exclude_preseason,vincenzo italiano,giuseppe iachini,fiorentina,,,,,,False,False,False,False,True,external,high,arrived_from_other_club_in_sample,Fiorentina,True,2021-08-22,2022-05-21,38.0,False,True,False,False
Genoa,Davide Ballardini,Sacked,6 November 2021,17th,Andriy Shevchenko,7 November 2021,serie_a,2021/22,2021–22 Serie A,https://en.wikipedia.org/wiki/2021%E2%80%9322_Serie_A,wikipedia,2021-11-06,2021-11-07,False,False,sacked,andriy shevchenko,davide ballardini,genoa,Sacked,andriy shevchenko,2022-01-15,,,False,True,False,True,False,external,manual,"hired from outside as new Genoa manager, not a caretaker appointment",Genoa,True,2021-08-21,2022-05-21,38.0,True,False,True,False
Genoa,Andriy Shevchenko,Sacked,15 January 2022,19th,Abdoulay Konko (caretaker),15 January 2022,serie_a,2021/22,2021–22 Serie A,https://en.wikipedia.org/wiki/2021%E2%80%9322_Serie_A,wikipedia,2022-01-15,2022-01-15,True,False,sacked,abdoulay konko,andriy shevchenko,genoa,End of caretaker spell,abdoulay konko,2022-01-19,andriy shevchenko,False,True,True,False,True,False,caretaker,high,caretaker_flag_or_short_spell,Genoa,True,2021-08-21,2022-05-21,38.0,True,False,True,False
Genoa,Abdoulay Konko,End of caretaker spell,19 January 2022,19th,Alexander Blessin,19 January 2022,serie_a,2021/22,2021–22 Serie A,https://en.wikipedia.org/wiki/2021%E2%80%9322_Serie_A,wikipedia,2022-01-19,2022-01-19,False,False,exclude_end_caretaker,alexander blessin,abdoulay konko,genoa,,,,abdoulay konko,True,False,False,False,True,False,external,review,default_external_needs_review,Genoa,True,2021-08-21,2022-05-21,38.0,True,False,False,False
Hellas Verona,Ivan Jurić,Mutual consent,28 May 2021,Pre-season,Eusebio Di Francesco,1 July 2021,serie_a,2021/22,2021–22 Serie A,https://en.wikipedia.org/wiki/2021%E2%80%9322_Serie_A,wikipedia,2021-05-28,2021-07-01,False,False,exclude_preseason,eusebio di francesco,ivan juri,hellasverona,Sacked,eusebio di francesco,2021-09-14,,,False,True,False,False,True,caretaker,review,caretaker_flag_or_short_spell,Verona,True,2021-08-21,2022-05-21,38.0,False,True,False,False
Hellas Verona,Eusebio Di Francesco,Sacked,14 September 2021,19th,Igor Tudor,14 September 2021,serie_a,2021/22,2021–22 Serie A,https://en.wikipedia.org/wiki/2021%E2%80%9322_Serie_A,wikipedia,2021-09-14,2021-09-14,False,False,sacked,igor tudor,eusebio di francesco,hellasverona,,,,eusebio di francesco,False,False,False,False,True,False,external,manual,hired from outside as new Verona manager,Verona,True,2021-08-21,2022-05-21,38.0,True,False,True,False
Inter Milan,Antonio Conte,Mutual consent,26 May 2021,Pre-season,Simone Inzaghi,1 July 2021,serie_a,2021/22,2021–22 Serie A,https://en.wikipedia.org/wiki/2021%E2%80%9322_Serie_A,wikipedia,2021-05-26,2021-07-01,False,False,exclude_preseason,simone inzaghi,antonio conte,intermilan,,,,,,False,False,False,False,True,external,high,arrived_from_other_club_in_sample,Inter,True,2021-08-21,2022-05-22,38.0,False,True,False,False
Juventus,Andrea Pirlo,Sacked,28 May 2021,Pre-season,Massimiliano Allegri,1 July 2021,serie_a,2021/22,2021–22 Serie A,https://en.wikipedia.org/wiki/2021%E2%80%9322_Serie_A,wikipedia,2021-05-28,2021-07-01,False,False,exclude_preseason,massimiliano allegri,andrea pirlo,juventus,,,,,,False,False,False,False,False,external,review,default_external_needs_review,Juventus,True,2021-08-22,2022-05-21,38.0,False,True,False,False
Lazio,Simone Inzaghi,End of contract,30 June 2021,Pre-season,Maurizio Sarri,1 July 2021,serie_a,2021/22,2021–22 Serie A,https://en.wikipedia.org/wiki/2021%E2%80%9322_Serie_A,wikipedia,2021-06-30,2021-07-01,False,False,exclude_preseason,maurizio sarri,simone inzaghi,lazio,,,,,,False,False,False,False,False,external,review,default_external_needs_review,Lazio,True,2021-08-21,2022-05-21,38.0,False,True,False,False
Napoli,Gennaro Gattuso,Mutual consent,23 May 2021,Pre-season,Luciano Spalletti,1 July 2021,serie_a,2021/22,2021–22 Serie A,https://en.wikipedia.org/wiki/2021%E2%80%9322_Serie_A,wikipedia,2021-05-23,2021-07-01,False,False,exclude_preseason,luciano spalletti,gennaro gattuso,napoli,,,,,,False,False,False,False,False,external,review,default_external_needs_review,Napoli,True,2021-08-22,2022-05-22,38.0,False,True,False,False
Roma,Paulo Fonseca,End of contract,30 June 2021,Pre-season,José Mourinho,1 July 2021,serie_a,2021/22,2021–22 Serie A,https://en.wikipedia.org/wiki/2021%E2%80%9322_Serie_A,wikipedia,2021-06-30,2021-07-01,False,False,exclude_preseason,jos mourinho,paulo fonseca,roma,,,,,,False,False,False,False,True,external,high,arrived_from_other_club_in_sample,Roma,True,2021-08-22,2022-05-20,38.0,False,True,False,False
Salernitana,Fabrizio Castori,Sacked,17 October 2021,20th,Stefano Colantuono,17 October 2021,serie_a,2021/22,2021–22 Serie A,https://en.wikipedia.org/wiki/2021%E2%80%9322_Serie_A,wikipedia,2021-10-17,2021-10-17,False,False,sacked,stefano colantuono,fabrizio castori,salernitana,Sacked,stefano colantuono,2022-02-15,,,False,True,False,False,False,external,manual,hired from outside as new Salernitana manager,Salernitana,True,2021-08-22,2022-05-22,38.0,True,False,True,False
Salernitana,Stefano Colantuono,Sacked,15 February 2022,20th,Davide Nicola,15 February 2022,serie_a,2021/22,2021–22 Serie A,https://en.wikipedia.org/wiki/2021%E2%80%9322_Serie_A,wikipedia,2022-02-15,2022-02-15,False,False,sacked,davide nicola,stefano colantuono,salernitana,,,,stefano colantuono,False,False,False,False,False,False,external,manual,hired from outside as new Salernitana manager,Salernitana,True,2021-08-22,2022-05-22,38.0,True,False,True,False
Sampdoria,Claudio Ranieri,End of contract,30 June 2021,Pre-season,Roberto D'Aversa,4 July 2021,serie_a,2021/22,2021–22 Serie A,https://en.wikipedia.org/wiki/2021%E2%80%9322_Serie_A,wikipedia,2021-06-30,2021-07-04,False,False,exclude_preseason,roberto d aversa,claudio ranieri,sampdoria,Sacked,roberto d aversa,2022-01-17,,,False,True,False,False,False,external,review,default_external_needs_review,Sampdoria,True,2021-08-23,2022-05-22,38.0,False,True,False,False
Sampdoria,Roberto D'Aversa,Sacked,17 January 2022,16th,Marco Giampaolo,19 January 2022,serie_a,2021/22,2021–22 Serie A,https://en.wikipedia.org/wiki/2021%E2%80%9322_Serie_A,wikipedia,2022-01-17,2022-01-19,False,False,sacked,marco giampaolo,roberto d aversa,sampdoria,,,,roberto d aversa,False,False,False,False,False,False,external,manual,hired from outside as new Sampdoria manager,Sampdoria,True,2021-08-23,2022-05-22,38.0,True,False,True,False
Sassuolo,Roberto De Zerbi,End of contract,30 June 2021,Pre-season,Alessio Dionisi,1 July 2021,serie_a,2021/22,2021–22 Serie A,https://en.wikipedia.org/wiki/2021%E2%80%9322_Serie_A,wikipedia,2021-06-30,2021-07-01,False,False,exclude_preseason,alessio dionisi,roberto de zerbi,sassuolo,,,,,,False,False,False,False,True,external,high,arrived_from_other_club_in_sample,Sassuolo,True,2021-08-21,2022-05-22,38.0,False,True,False,False
Spezia,Vincenzo Italiano,Signed by Fiorentina,30 June 2021,Pre-season,Thiago Motta,8 July 2021,serie_a,2021/22,2021–22 Serie A,https://en.wikipedia.org/wiki/2021%E2%80%9322_Serie_A,wikipedia,2021-06-30,2021-07-08,False,False,exclude_preseason,thiago motta,vincenzo italiano,spezia,,,,,,False,False,False,False,False,external,review,default_external_needs_review,Spezia,True,2021-08-23,2022-05-22,38.0,False,True,False,False
Torino,Davide Nicola,End of contract,30 June 2021,Pre-season,Ivan Jurić,1 July 2021,serie_a,2021/22,2021–22 Serie A,https://en.wikipedia.org/wiki/2021%E2%80%9322_Serie_A,wikipedia,2021-06-30,2021-07-01,False,False,exclude_preseason,ivan juri,davide nicola,torino,,,,,,False,False,False,False,True,external,high,arrived_from_other_club_in_sample,Torino,True,2021-08-21,2022-05-20,38.0,False,True,False,False
Udinese,Luca Gotti,Sacked,7 December 2021,14th,Gabriele Cioffi (caretaker),7 December 2021,serie_a,2021/22,2021–22 Serie A,https://en.wikipedia.org/wiki/2021%E2%80%9322_Serie_A,wikipedia,2021-12-07,2021-12-07,True,False,sacked,gabriele cioffi,luca gotti,udinese,,,,,,False,False,False,True,False,caretaker,high,caretaker_flag_or_short_spell,Udinese,True,2021-08-22,2022-05-22,38.0,True,False,True,False
Venezia,Paolo Zanetti,Sacked,27 April 2022,20th,Andrea Soncin (caretaker),27 April 2022,serie_a,2021/22,2021–22 Serie A,https://en.wikipedia.org/wiki/2021%E2%80%9322_Serie_A,wikipedia,2022-04-27,2022-04-27,True,False,sacked,andrea soncin,paolo zanetti,venezia,,,,,,False,False,True,True,False,caretaker,high,caretaker_flag_or_short_spell,Venezia,True,2021-08-22,2022-05-22,38.0,True,False,True,False
Bologna,Siniša Mihajlović,Sacked,6 September 2022,16th,Luca Vigiani (caretaker),7 September 2022,serie_a,2022/23,2022–23 Serie A,https://en.wikipedia.org/wiki/2022%E2%80%9323_Serie_A,wikipedia,2022-09-06,2022-09-07,True,False,sacked,luca vigiani,sini a mihajlovi,bologna,End of caretaker spell,luca vigiani,2022-09-12,,,True,True,False,False,False,caretaker,high,caretaker_flag_or_short_spell,Bologna,True,2022-08-14,2023-06-04,38.0,True,False,True,False
Bologna,Luca Vigiani,End of caretaker spell,12 September 2022,12th,Thiago Motta,12 September 2022,serie_a,2022/23,2022–23 Serie A,https://en.wikipedia.org/wiki/2022%E2%80%9323_Serie_A,wikipedia,2022-09-12,2022-09-12,False,False,exclude_end_caretaker,thiago motta,luca vigiani,bologna,,,,luca vigiani,True,False,False,False,False,True,external,high,arrived_from_other_club_in_sample,Bologna,True,2022-08-14,2023-06-04,38.0,True,False,False,False
Cremonese,Fabio Pecchia,Resigned,21 May 2022,Pre-season,Massimiliano Alvini,1 July 2022,serie_a,2022/23,2022–23 Serie A,https://en.wikipedia.org/wiki/2022%E2%80%9323_Serie_A,wikipedia,2022-05-21,2022-07-01,False,False,exclude_preseason,massimiliano alvini,fabio pecchia,cremonese,Sacked,massimiliano alvini,2023-01-14,,,False,True,False,False,False,external,review,default_external_needs_review,Cremonese,True,2022-08-14,2023-06-03,38.0,False,True,False,False
Cremonese,Massimiliano Alvini,Sacked,14 January 2023,20th,Davide Ballardini,15 January 2023,serie_a,2022/23,2022–23 Serie A,https://en.wikipedia.org/wiki/2022%E2%80%9323_Serie_A,wikipedia,2023-01-14,2023-01-15,False,False,sacked,davide ballardini,massimiliano alvini,cremonese,,,,massimiliano alvini,False,False,False,False,True,False,external,manual,hired from outside as new Cremonese manager,Cremonese,True,2022-08-14,2023-06-03,38.0,True,False,True,False
Empoli,Aurelio Andreazzoli,Contract expired,1 June 2022,Pre-season,Paolo Zanetti,1 July 2022,serie_a,2022/23,2022–23 Serie A,https://en.wikipedia.org/wiki/2022%E2%80%9323_Serie_A,wikipedia,2022-06-01,2022-07-01,False,False,exclude_preseason,paolo zanetti,aurelio andreazzoli,empoli,,,,,,False,False,False,False,True,external,high,arrived_from_other_club_in_sample,Empoli,True,2022-08-14,2023-06-03,38.0,False,True,False,False
Hellas Verona,Igor Tudor,Mutual consent,28 May 2022,Pre-season,Gabriele Cioffi,1 July 2022,serie_a,2022/23,2022–23 Serie A,https://en.wikipedia.org/wiki/2022%E2%80%9323_Serie_A,wikipedia,2022-05-28,2022-07-01,False,False,exclude_preseason,gabriele cioffi,igor tudor,hellasverona,Sacked,gabriele cioffi,2022-10-11,,,False,True,False,False,True,external,high,arrived_from_other_club_in_sample,Verona,True,2022-08-15,2023-06-04,38.0,False,True,False,False
Hellas Verona,Gabriele Cioffi,Sacked,11 October 2022,18th,Salvatore Bocchetti,13 October 2022,serie_a,2022/23,2022–23 Serie A,https://en.wikipedia.org/wiki/2022%E2%80%9323_Serie_A,wikipedia,2022-10-11,2022-10-13,False,False,sacked,salvatore bocchetti,gabriele cioffi,hellasverona,Demoted to assistant coach,salvatore bocchetti,2022-12-04,gabriele cioffi,False,False,True,False,True,False,internal,manual,"Primavera coach already at Verona appointed new head coach, not labelled caretaker",Verona,True,2022-08-15,2023-06-04,38.0,True,False,True,False
Hellas Verona,Salvatore Bocchetti,Demoted to assistant coach,4 December 2022,20th,Marco Zaffaroni,4 December 2022,serie_a,2022/23,2022–23 Serie A,https://en.wikipedia.org/wiki/2022%E2%80%9323_Serie_A,wikipedia,2022-12-04,2022-12-04,False,False,review,marco zaffaroni,salvatore bocchetti,hellasverona,,,,salvatore bocchetti,False,False,False,False,True,False,external,review,default_external_needs_review,Verona,True,2022-08-15,2023-06-04,38.0,True,False,False,False
Monza,Giovanni Stroppa,Sacked,13 September 2022,20th,Raffaele Palladino,13 September 2022,serie_a,2022/23,2022–23 Serie A,https://en.wikipedia.org/wiki/2022%E2%80%9323_Serie_A,wikipedia,2022-09-13,2022-09-13,False,False,sacked,raffaele palladino,giovanni stroppa,monza,,,,,,False,False,False,True,False,internal,manual,"Primavera coach already at Monza appointed first-team manager as a permanent choice, not interim",Monza,True,2022-08-13,2023-06-04,38.0,True,False,True,False
Salernitana,Davide Nicola,Sacked,15 February 2023,16th,Paulo Sousa,15 February 2023,serie_a,2022/23,2022–23 Serie A,https://en.wikipedia.org/wiki/2022%E2%80%9323_Serie_A,wikipedia,2023-02-15,2023-02-15,False,False,sacked,paulo sousa,davide nicola,salernitana,,,,,,False,False,False,False,False,external,manual,hired from outside as new Salernitana manager,Salernitana,True,2022-08-14,2023-06-03,38.0,True,False,True,False
Sampdoria,Marco Giampaolo,Sacked,2 October 2022,20th,Dejan Stanković,6 October 2022,serie_a,2022/23,2022–23 Serie A,https://en.wikipedia.org/wiki/2022%E2%80%9323_Serie_A,wikipedia,2022-10-02,2022-10-06,False,False,sacked,dejan stankovi,marco giampaolo,sampdoria,,,,,,False,False,False,False,False,external,manual,hired from outside as new Sampdoria manager,Sampdoria,True,2022-08-13,2023-06-04,38.0,True,False,True,False
Spezia,Thiago Motta,Mutual consent,28 June 2022,Pre-season,Luca Gotti,1 July 2022,serie_a,2022/23,2022–23 Serie A,https://en.wikipedia.org/wiki/2022%E2%80%9323_Serie_A,wikipedia,2022-06-28,2022-07-01,False,False,exclude_preseason,luca gotti,thiago motta,spezia,Sacked,luca gotti,2023-02-15,,,False,True,False,False,False,external,review,default_external_needs_review,Spezia,True,2022-08-14,2023-06-04,38.0,False,True,False,False
Spezia,Luca Gotti,Sacked,15 February 2023,17th,Fabrizio Lorieri (caretaker),15 February 2023,serie_a,2022/23,2022–23 Serie A,https://en.wikipedia.org/wiki/2022%E2%80%9323_Serie_A,wikipedia,2023-02-15,2023-02-15,True,False,sacked,fabrizio lorieri,luca gotti,spezia,End of caretaker spell,fabrizio lorieri,2023-02-23,luca gotti,False,True,True,False,True,False,caretaker,high,caretaker_flag_or_short_spell,Spezia,True,2022-08-14,2023-06-04,38.0,True,False,True,False
Spezia,Fabrizio Lorieri,End of caretaker spell,23 February 2023,17th,Leonardo Semplici,23 February 2023,serie_a,2022/23,2022–23 Serie A,https://en.wikipedia.org/wiki/2022%E2%80%9323_Serie_A,wikipedia,2023-02-23,2023-02-23,False,False,exclude_end_caretaker,leonardo semplici,fabrizio lorieri,spezia,,,,fabrizio lorieri,True,False,False,False,True,False,external,review,default_external_needs_review,Spezia,True,2022-08-14,2023-06-04,38.0,True,False,False,False
Udinese,Gabriele Cioffi,End of caretaker spell,30 May 2022,Pre-season,Andrea Sottil,1 July 2022,serie_a,2022/23,2022–23 Serie A,https://en.wikipedia.org/wiki/2022%E2%80%9323_Serie_A,wikipedia,2022-05-30,2022-07-01,False,False,exclude_preseason,andrea sottil,gabriele cioffi,udinese,,,,,,False,False,False,False,False,external,review,default_external_needs_review,Udinese,True,2022-08-13,2023-06-04,38.0,False,True,False,False
Empoli,Paolo Zanetti,Sacked,19 September 2023,20th,Aurelio Andreazzoli,19 September 2023,serie_a,2023/24,2023–24 Serie A,https://en.wikipedia.org/wiki/2023%E2%80%9324_Serie_A,wikipedia,2023-09-19,2023-09-19,False,False,sacked,aurelio andreazzoli,paolo zanetti,empoli,Sacked,aurelio andreazzoli,2024-01-15,,,False,True,False,True,False,external,manual,"returning former Empoli manager hired from outside, not then on staff",Empoli,True,2023-08-19,2024-05-26,38.0,True,False,True,False
Empoli,Aurelio Andreazzoli,Sacked,15 January 2024,19th,Davide Nicola,15 January 2024,serie_a,2023/24,2023–24 Serie A,https://en.wikipedia.org/wiki/2023%E2%80%9324_Serie_A,wikipedia,2024-01-15,2024-01-15,False,False,sacked,davide nicola,aurelio andreazzoli,empoli,,,,aurelio andreazzoli,False,False,False,False,True,False,external,manual,hired from outside as new Empoli manager,Empoli,True,2023-08-19,2024-05-26,38.0,True,False,True,False
Frosinone,Fabio Grosso,End of contract,1 July 2023,Pre-season,Eusebio Di Francesco,1 July 2023,serie_a,2023/24,2023–24 Serie A,https://en.wikipedia.org/wiki/2023%E2%80%9324_Serie_A,wikipedia,2023-07-01,2023-07-01,False,False,exclude_preseason,eusebio di francesco,fabio grosso,frosinone,,,,,,False,False,False,False,False,external,review,default_external_needs_review,Frosinone,True,2023-08-19,2024-05-26,38.0,False,True,False,False
Hellas Verona,Marco Zaffaroni,End of contract,1 July 2023,Pre-season,Marco Baroni,1 July 2023,serie_a,2023/24,2023–24 Serie A,https://en.wikipedia.org/wiki/2023%E2%80%9324_Serie_A,wikipedia,2023-07-01,2023-07-01,False,False,exclude_preseason,marco baroni,marco zaffaroni,hellasverona,,,,,,False,False,False,False,True,external,high,arrived_from_other_club_in_sample,Verona,True,2023-08-19,2024-05-26,38.0,False,True,False,False
Juventus,Massimiliano Allegri,Sacked,17 May 2024,4th,Paolo Montero (caretaker),18 May 2024,serie_a,2023/24,2023–24 Serie A,https://en.wikipedia.org/wiki/2023%E2%80%9324_Serie_A,wikipedia,2024-05-17,2024-05-18,True,False,sacked,paolo montero,massimiliano allegri,juventus,,,,,,False,False,True,True,False,caretaker,high,caretaker_flag_or_short_spell,Juventus,True,2023-08-20,2024-05-25,38.0,True,False,True,False
Lazio,Maurizio Sarri,Resigned,12 March 2024,9th,Giovanni Martusciello (caretaker),13 March 2024,serie_a,2023/24,2023–24 Serie A,https://en.wikipedia.org/wiki/2023%E2%80%9324_Serie_A,wikipedia,2024-03-12,2024-03-13,True,False,exclude_resigned,giovanni martusciello,maurizio sarri,lazio,End of caretaker spell,giovanni martusciello,2024-03-18,,,True,True,False,True,False,caretaker,high,caretaker_flag_or_short_spell,Lazio,True,2023-08-20,2024-05-26,38.0,True,False,False,False
Lazio,Giovanni Martusciello,End of caretaker spell,18 March 2024,9th,Igor Tudor,18 March 2024,serie_a,2023/24,2023–24 Serie A,https://en.wikipedia.org/wiki/2023%E2%80%9324_Serie_A,wikipedia,2024-03-18,2024-03-18,False,False,exclude_end_caretaker,igor tudor,giovanni martusciello,lazio,,,,giovanni martusciello,True,False,False,False,True,False,external,review,default_external_needs_review,Lazio,True,2023-08-20,2024-05-26,38.0,True,False,False,False
Lecce,Marco Baroni,End of contract,1 July 2023,Pre-season,Roberto D'Aversa,1 July 2023,serie_a,2023/24,2023–24 Serie A,https://en.wikipedia.org/wiki/2023%E2%80%9324_Serie_A,wikipedia,2023-07-01,2023-07-01,False,False,exclude_preseason,roberto d aversa,marco baroni,lecce,Sacked,roberto d aversa,2024-03-11,,,False,True,False,False,False,external,review,default_external_needs_review,Lecce,True,2023-08-20,2024-05-26,38.0,False,True,False,False
Lecce,Roberto D'Aversa,Sacked,11 March 2024,15th,Luca Gotti,12 March 2024,serie_a,2023/24,2023–24 Serie A,https://en.wikipedia.org/wiki/2023%E2%80%9324_Serie_A,wikipedia,2024-03-11,2024-03-12,False,False,sacked,luca gotti,roberto d aversa,lecce,,,,roberto d aversa,False,False,False,False,True,False,external,manual,hired from outside as new Lecce manager,Lecce,True,2023-08-20,2024-05-26,38.0,True,False,True,False
Napoli,Luciano Spalletti,Resigned,1 July 2023,Pre-season,Rudi Garcia,1 July 2023,serie_a,2023/24,2023–24 Serie A,https://en.wikipedia.org/wiki/2023%E2%80%9324_Serie_A,wikipedia,2023-07-01,2023-07-01,False,False,exclude_preseason,rudi garcia,luciano spalletti,napoli,Sacked,rudi garcia,2023-11-14,,,False,True,False,False,False,external,review,default_external_needs_review,Napoli,True,2023-08-19,2024-05-26,38.0,False,True,False,False
Napoli,Rudi Garcia,Sacked,14 November 2023,4th,Walter Mazzarri,14 November 2023,serie_a,2023/24,2023–24 Serie A,https://en.wikipedia.org/wiki/2023%E2%80%9324_Serie_A,wikipedia,2023-11-14,2023-11-14,False,False,sacked,walter mazzarri,rudi garcia,napoli,Sacked,walter mazzarri,2024-02-19,rudi garcia,False,False,True,False,True,False,external,manual,"returning former Napoli manager hired from outside, not then on staff",Napoli,True,2023-08-19,2024-05-26,38.0,True,False,True,False
Napoli,Walter Mazzarri,Sacked,19 February 2024,9th,Francesco Calzona,19 February 2024,serie_a,2023/24,2023–24 Serie A,https://en.wikipedia.org/wiki/2023%E2%80%9324_Serie_A,wikipedia,2024-02-19,2024-02-19,False,False,sacked,francesco calzona,walter mazzarri,napoli,,,,walter mazzarri,False,False,False,False,True,False,external,manual,"hired from Slovakia job as new Napoli manager until end of season, not then on staff",Napoli,True,2023-08-19,2024-05-26,38.0,True,False,True,False
Roma,José Mourinho,Sacked,16 January 2024,9th,Daniele De Rossi,16 January 2024,serie_a,2023/24,2023–24 Serie A,https://en.wikipedia.org/wiki/2023%E2%80%9324_Serie_A,wikipedia,2024-01-16,2024-01-16,False,False,sacked,daniele de rossi,jos mourinho,roma,,,,,,False,False,False,True,False,external,manual,"hired from outside as new Roma manager, not then on club staff",Roma,True,2023-08-20,2024-05-26,38.0,True,False,True,False
Salernitana,Paulo Sousa,Sacked,10 October 2023,19th,Filippo Inzaghi,10 October 2023,serie_a,2023/24,2023–24 Serie A,https://en.wikipedia.org/wiki/2023%E2%80%9324_Serie_A,wikipedia,2023-10-10,2023-10-10,False,False,sacked,filippo inzaghi,paulo sousa,salernitana,Sacked,filippo inzaghi,2024-02-11,,,False,True,False,False,False,external,manual,hired from outside as new Salernitana manager,Salernitana,True,2023-08-20,2024-05-25,38.0,True,False,True,False
Salernitana,Filippo Inzaghi,Sacked,11 February 2024,20th,Fabio Liverani,11 February 2024,serie_a,2023/24,2023–24 Serie A,https://en.wikipedia.org/wiki/2023%E2%80%9324_Serie_A,wikipedia,2024-02-11,2024-02-11,False,False,sacked,fabio liverani,filippo inzaghi,salernitana,Sacked,fabio liverani,2024-03-19,filippo inzaghi,False,False,True,False,False,False,external,manual,"hired from outside as new Salernitana manager, not a caretaker appointment",Salernitana,True,2023-08-20,2024-05-25,38.0,True,False,True,False
Salernitana,Fabio Liverani,Sacked,19 March 2024,20th,Stefano Colantuono,19 March 2024,serie_a,2023/24,2023–24 Serie A,https://en.wikipedia.org/wiki/2023%E2%80%9324_Serie_A,wikipedia,2024-03-19,2024-03-19,False,False,sacked,stefano colantuono,fabio liverani,salernitana,,,,fabio liverani,False,False,False,False,False,False,external,manual,hired from outside as new Salernitana manager,Salernitana,True,2023-08-20,2024-05-25,38.0,True,False,True,False
Sassuolo,Alessio Dionisi,Sacked,25 February 2024,18th,Emiliano Bigica (caretaker),25 February 2024,serie_a,2023/24,2023–24 Serie A,https://en.wikipedia.org/wiki/2023%E2%80%9324_Serie_A,wikipedia,2024-02-25,2024-02-25,True,False,sacked,emiliano bigica,alessio dionisi,sassuolo,End of caretaker spell,emiliano bigica,2024-03-01,,,True,True,False,True,False,caretaker,high,caretaker_flag_or_short_spell,Sassuolo,True,2023-08-20,2024-05-26,38.0,True,False,True,False
Sassuolo,Emiliano Bigica,End of caretaker spell,1 March 2024,18th,Davide Ballardini,1 March 2024,serie_a,2023/24,2023–24 Serie A,https://en.wikipedia.org/wiki/2023%E2%80%9324_Serie_A,wikipedia,2024-03-01,2024-03-01,False,False,exclude_end_caretaker,davide ballardini,emiliano bigica,sassuolo,,,,emiliano bigica,True,False,False,False,True,False,external,review,default_external_needs_review,Sassuolo,True,2023-08-20,2024-05-26,38.0,True,False,False,False
Udinese,Andrea Sottil,Sacked,24 October 2023,18th,Gabriele Cioffi,25 October 2023,serie_a,2023/24,2023–24 Serie A,https://en.wikipedia.org/wiki/2023%E2%80%9324_Serie_A,wikipedia,2023-10-24,2023-10-25,False,False,sacked,gabriele cioffi,andrea sottil,udinese,Sacked,gabriele cioffi,2024-04-22,,,False,True,False,True,False,external,manual,hired from outside as new Udinese manager,Udinese,True,2023-08-20,2024-05-26,38.0,True,False,True,False
Udinese,Gabriele Cioffi,Sacked,22 April 2024,17th,Fabio Cannavaro,22 April 2024,serie_a,2023/24,2023–24 Serie A,https://en.wikipedia.org/wiki/2023%E2%80%9324_Serie_A,wikipedia,2024-04-22,2024-04-22,False,False,sacked,fabio cannavaro,gabriele cioffi,udinese,,,,gabriele cioffi,False,False,False,False,True,False,external,manual,hired from outside as new Udinese manager,Udinese,True,2023-08-20,2024-05-26,38.0,True,False,True,False
Bologna,Thiago Motta,End of contract,30 June 2024,Pre-season,Vincenzo Italiano,1 July 2024,serie_a,2024/25,2024–25 Serie A,https://en.wikipedia.org/wiki/2024%E2%80%9325_Serie_A,wikipedia,2024-06-30,2024-07-01,False,False,exclude_preseason,vincenzo italiano,thiago motta,bologna,,,,,,False,False,False,False,True,external,high,arrived_from_other_club_in_sample,Bologna,True,2024-08-18,2025-05-24,38.0,False,True,False,False
Cagliari,Claudio Ranieri,Retired,30 June 2024,Pre-season,Davide Nicola,5 July 2024,serie_a,2024/25,2024–25 Serie A,https://en.wikipedia.org/wiki/2024%E2%80%9325_Serie_A,wikipedia,2024-06-30,2024-07-05,False,False,exclude_preseason,davide nicola,claudio ranieri,cagliari,,,,,,False,False,False,False,True,external,high,arrived_from_other_club_in_sample,Cagliari,True,2024-08-18,2025-05-23,38.0,False,True,False,False
Como,Osian Roberts,End of caretaker spell,19 July 2024,Pre-season,Cesc Fàbregas,19 July 2024,serie_a,2024/25,2024–25 Serie A,https://en.wikipedia.org/wiki/2024%E2%80%9325_Serie_A,wikipedia,2024-07-19,2024-07-19,False,False,exclude_preseason,cesc f bregas,osian roberts,como,,,,,,False,False,False,False,False,external,review,default_external_needs_review,Como,True,2024-08-19,2025-05-23,38.0,False,True,False,False
Empoli,Davide Nicola,Mutual consent,2 July 2024,Pre-season,Roberto D'Aversa,2 July 2024,serie_a,2024/25,2024–25 Serie A,https://en.wikipedia.org/wiki/2024%E2%80%9325_Serie_A,wikipedia,2024-07-02,2024-07-02,False,False,exclude_preseason,roberto d aversa,davide nicola,empoli,,,,,,False,False,False,False,True,external,high,arrived_from_other_club_in_sample,Empoli,True,2024-08-17,2025-05-25,38.0,False,True,False,False
Fiorentina,Vincenzo Italiano,End of contract,30 June 2024,Pre-season,Raffaele Palladino,1 July 2024,serie_a,2024/25,2024–25 Serie A,https://en.wikipedia.org/wiki/2024%E2%80%9325_Serie_A,wikipedia,2024-06-30,2024-07-01,False,False,exclude_preseason,raffaele palladino,vincenzo italiano,fiorentina,,,,,,False,False,False,False,True,external,high,arrived_from_other_club_in_sample,Fiorentina,True,2024-08-17,2025-05-25,38.0,False,True,False,False
Genoa,Alberto Gilardino,Sacked,19 November 2024,17th,Patrick Vieira,20 November 2024,serie_a,2024/25,2024–25 Serie A,https://en.wikipedia.org/wiki/2024%E2%80%9325_Serie_A,wikipedia,2024-11-19,2024-11-20,False,False,sacked,patrick vieira,alberto gilardino,genoa,,,,,,False,False,False,True,True,external,high,arrived_from_other_club_in_sample,Genoa,True,2024-08-17,2025-05-24,38.0,True,False,True,False
Hellas Verona,Marco Baroni,Mutual consent,30 June 2024,Pre-season,Paolo Zanetti,1 July 2024,serie_a,2024/25,2024–25 Serie A,https://en.wikipedia.org/wiki/2024%E2%80%9325_Serie_A,wikipedia,2024-06-30,2024-07-01,False,False,exclude_preseason,paolo zanetti,marco baroni,hellasverona,,,,,,False,False,False,False,False,external,review,default_external_needs_review,Verona,True,2024-08-18,2025-05-25,38.0,False,True,False,False
Juventus,Paolo Montero,End of caretaker spell,30 June 2024,Pre-season,Thiago Motta,1 July 2024,serie_a,2024/25,2024–25 Serie A,https://en.wikipedia.org/wiki/2024%E2%80%9325_Serie_A,wikipedia,2024-06-30,2024-07-01,False,False,exclude_preseason,thiago motta,paolo montero,juventus,Sacked,thiago motta,2025-03-23,,,False,True,False,False,True,external,high,arrived_from_other_club_in_sample,Juventus,True,2024-08-19,2025-05-25,38.0,False,True,False,False
Juventus,Thiago Motta,Sacked,23 March 2025,5th,Igor Tudor,23 March 2025,serie_a,2024/25,2024–25 Serie A,https://en.wikipedia.org/wiki/2024%E2%80%9325_Serie_A,wikipedia,2025-03-23,2025-03-23,False,False,sacked,igor tudor,thiago motta,juventus,,,,thiago motta,False,False,False,False,True,False,external,manual,hired from outside as new Juventus manager,Juventus,True,2024-08-19,2025-05-25,38.0,True,False,True,False
Lazio,Igor Tudor,Resigned,5 June 2024,Pre-season,Marco Baroni,1 July 2024,serie_a,2024/25,2024–25 Serie A,https://en.wikipedia.org/wiki/2024%E2%80%9325_Serie_A,wikipedia,2024-06-05,2024-07-01,False,False,exclude_preseason,marco baroni,igor tudor,lazio,,,,,,False,False,False,False,True,external,high,arrived_from_other_club_in_sample,Lazio,True,2024-08-18,2025-05-25,38.0,False,True,False,False
Lecce,Luca Gotti,Sacked,9 November 2024,18th,Marco Giampaolo,11 November 2024,serie_a,2024/25,2024–25 Serie A,https://en.wikipedia.org/wiki/2024%E2%80%9325_Serie_A,wikipedia,2024-11-09,2024-11-11,False,False,sacked,marco giampaolo,luca gotti,lecce,,,,,,False,False,False,True,False,external,manual,hired from outside as new Lecce manager,Lecce,True,2024-08-19,2025-05-25,38.0,True,False,True,False
AC Milan,Stefano Pioli,Mutual consent,30 June 2024,Pre-season,Paulo Fonseca,1 July 2024,serie_a,2024/25,2024–25 Serie A,https://en.wikipedia.org/wiki/2024%E2%80%9325_Serie_A,wikipedia,2024-06-30,2024-07-01,False,False,exclude_preseason,paulo fonseca,stefano pioli,milan,Sacked,paulo fonseca,2024-12-30,,,False,True,False,False,True,external,high,arrived_from_other_club_in_sample,Milan,True,2024-08-17,2025-05-24,38.0,False,True,False,False
AC Milan,Paulo Fonseca,Sacked,30 December 2024,8th,Sérgio Conceição,30 December 2024,serie_a,2024/25,2024–25 Serie A,https://en.wikipedia.org/wiki/2024%E2%80%9325_Serie_A,wikipedia,2024-12-30,2024-12-30,False,False,sacked,s rgio concei o,paulo fonseca,milan,,,,paulo fonseca,False,False,False,False,True,False,external,manual,hired from Porto as new Milan manager,Milan,True,2024-08-17,2025-05-24,38.0,True,False,True,False
Monza,Raffaele Palladino,End of contract,30 June 2024,Pre-season,Alessandro Nesta,1 July 2024,serie_a,2024/25,2024–25 Serie A,https://en.wikipedia.org/wiki/2024%E2%80%9325_Serie_A,wikipedia,2024-06-30,2024-07-01,False,False,exclude_preseason,alessandro nesta,raffaele palladino,monza,Sacked,alessandro nesta,2024-12-23,,,False,True,False,False,False,external,review,default_external_needs_review,Monza,True,2024-08-17,2025-05-24,38.0,False,True,False,False
Monza,Alessandro Nesta,Sacked,23 December 2024,20th,Salvatore Bocchetti,23 December 2024,serie_a,2024/25,2024–25 Serie A,https://en.wikipedia.org/wiki/2024%E2%80%9325_Serie_A,wikipedia,2024-12-23,2024-12-23,False,False,sacked,salvatore bocchetti,alessandro nesta,monza,Sacked,salvatore bocchetti,2025-02-10,alessandro nesta,False,False,True,False,True,False,external,manual,"hired from outside as new manager until 2027, not then on Monza staff",Monza,True,2024-08-17,2025-05-24,38.0,True,False,True,False
Monza,Salvatore Bocchetti,Sacked,10 February 2025,20th,Alessandro Nesta,10 February 2025,serie_a,2024/25,2024–25 Serie A,https://en.wikipedia.org/wiki/2024%E2%80%9325_Serie_A,wikipedia,2025-02-10,2025-02-10,False,False,sacked,alessandro nesta,salvatore bocchetti,monza,,,,salvatore bocchetti,False,False,False,False,True,False,external,manual,"sacked manager reinstated from outside, not then on staff under Bocchetti",Monza,True,2024-08-17,2025-05-24,38.0,True,False,True,False
Napoli,Francesco Calzona,End of contract,30 June 2024,Pre-season,Antonio Conte,1 July 2024,serie_a,2024/25,2024–25 Serie A,https://en.wikipedia.org/wiki/2024%E2%80%9325_Serie_A,wikipedia,2024-06-30,2024-07-01,False,False,exclude_preseason,antonio conte,francesco calzona,napoli,,,,,,False,False,False,False,False,external,review,default_external_needs_review,Napoli,True,2024-08-18,2025-05-23,38.0,False,True,False,False
Parma,Fabio Pecchia,Sacked,17 February 2025,18th,Cristian Chivu,18 February 2025,serie_a,2024/25,2024–25 Serie A,https://en.wikipedia.org/wiki/2024%E2%80%9325_Serie_A,wikipedia,2025-02-17,2025-02-18,False,False,sacked,cristian chivu,fabio pecchia,parma,,,,,,False,False,False,False,False,external,manual,hired from Inter youth setup as new Parma manager,Parma,True,2024-08-17,2025-05-25,38.0,True,False,True,False
Roma,Daniele De Rossi,Sacked,18 September 2024,16th,Ivan Jurić,18 September 2024,serie_a,2024/25,2024–25 Serie A,https://en.wikipedia.org/wiki/2024%E2%80%9325_Serie_A,wikipedia,2024-09-18,2024-09-18,False,False,sacked,ivan juri,daniele de rossi,roma,Sacked,ivan juri,2024-11-10,,,False,True,False,True,True,external,manual,"hired from outside as new Roma manager, not a caretaker appointment",Roma,True,2024-08-18,2025-05-25,38.0,True,False,True,False
Roma,Ivan Jurić,Sacked,10 November 2024,12th,Claudio Ranieri,14 November 2024,serie_a,2024/25,2024–25 Serie A,https://en.wikipedia.org/wiki/2024%E2%80%9325_Serie_A,wikipedia,2024-11-10,2024-11-14,False,False,sacked,claudio ranieri,ivan juri,roma,,,,ivan juri,False,False,False,False,True,True,external,high,arrived_from_other_club_in_sample,Roma,True,2024-08-18,2025-05-25,38.0,True,False,True,False
Torino,Ivan Jurić,End of contract,30 June 2024,Pre-season,Paolo Vanoli,1 July 2024,serie_a,2024/25,2024–25 Serie A,https://en.wikipedia.org/wiki/2024%E2%80%9325_Serie_A,wikipedia,2024-06-30,2024-07-01,False,False,exclude_preseason,paolo vanoli,ivan juri,torino,,,,,,False,False,False,False,True,external,high,arrived_from_other_club_in_sample,Torino,True,2024-08-17,2025-05-25,38.0,False,True,False,False
Udinese,Fabio Cannavaro,End of contract,30 June 2024,Pre-season,Kosta Runjaić,1 July 2024,serie_a,2024/25,2024–25 Serie A,https://en.wikipedia.org/wiki/2024%E2%80%9325_Serie_A,wikipedia,2024-06-30,2024-07-01,False,False,exclude_preseason,kosta runjai,fabio cannavaro,udinese,,,,,,False,False,False,False,False,external,review,default_external_needs_review,Udinese,True,2024-08-18,2025-05-25,38.0,False,True,False,False
Venezia,Paolo Vanoli,Mutual consent,30 June 2024,Pre-season,Eusebio Di Francesco,1 July 2024,serie_a,2024/25,2024–25 Serie A,https://en.wikipedia.org/wiki/2024%E2%80%9325_Serie_A,wikipedia,2024-06-30,2024-07-01,False,False,exclude_preseason,eusebio di francesco,paolo vanoli,venezia,,,,,,False,False,False,False,False,external,review,default_external_needs_review,Venezia,True,2024-08-18,2025-05-25,38.0,False,True,False,False
