source,league,season,source_name,panel_club,matched
wikipedia,bundesliga,2004/05,Arminia Bielefeld,Bielefeld,True
wikipedia,bundesliga,2004/05,Borussia Mönchengladbach,M'gladbach,True
wikipedia,bundesliga,2004/05,Hamburger SV,Hamburg,True
wikipedia,bundesliga,2004/05,FC Hansa Rostock,Hansa Rostock,True
wikipedia,bundesliga,2004/05,1.FC Kaiserslautern,Kaiserslautern,True
wikipedia,bundesliga,2004/05,FC Schalke 04,Schalke 04,True
wikipedia,bundesliga,2005/06,Bayer 04 Leverkusen,Leverkusen,True
wikipedia,bundesliga,2005/06,Hannover 96,Hannover,True
wikipedia,bundesliga,2005/06,1.FC Kaiserslautern,Kaiserslautern,True
wikipedia,bundesliga,2005/06,1.FC Köln,FC Koln,True
wikipedia,bundesliga,2005/06,MSV Duisburg,Duisburg,True
wikipedia,bundesliga,2005/06,1.FC Nuremberg,Nurnberg,True
wikipedia,bundesliga,2005/06,FC Schalke 04,Schalke 04,True
wikipedia,bundesliga,2005/06,VfB Stuttgart,Stuttgart,True
wikipedia,bundesliga,2005/06,VfL Wolfsburg,Wolfsburg,True
wikipedia,bundesliga,2006/07,Alemannia Aachen,Aachen,True
wikipedia,bundesliga,2006/07,Arminia Bielefeld,Bielefeld,True
wikipedia,bundesliga,2006/07,Bayern Munich,Bayern Munich,True
wikipedia,bundesliga,2006/07,Borussia Dortmund,Dortmund,True
wikipedia,bundesliga,2006/07,Borussia Mönchengladbach,M'gladbach,True
wikipedia,bundesliga,2006/07,Hamburger SV,Hamburg,True
wikipedia,bundesliga,2006/07,Hannover 96,Hannover,True
wikipedia,bundesliga,2006/07,Hertha BSC,Hertha,True
wikipedia,bundesliga,2007/08,Arminia Bielefeld,Bielefeld,True
wikipedia,bundesliga,2007/08,Energie Cottbus,Cottbus,True
wikipedia,bundesliga,2007/08,Hertha BSC,Hertha,True
wikipedia,bundesliga,2007/08,FC Schalke 04,Schalke 04,True
wikipedia,bundesliga,2007/08,VfL Wolfsburg,Wolfsburg,True
wikipedia,bundesliga,2008/09,Arminia Bielefeld,Bielefeld,True
wikipedia,bundesliga,2008/09,Bayer Leverkusen,Leverkusen,True
wikipedia,bundesliga,2008/09,Bayern Munich,Bayern Munich,True
wikipedia,bundesliga,2008/09,Borussia Dortmund,Dortmund,True
wikipedia,bundesliga,2008/09,Borussia Mönchengladbach,M'gladbach,True
wikipedia,bundesliga,2008/09,Hamburger SV,Hamburg,True
wikipedia,bundesliga,2008/09,Schalke 04,Schalke 04,True
wikipedia,bundesliga,2008/09,VfB Stuttgart,Stuttgart,True
wikipedia,bundesliga,2009/10,Bayer Leverkusen,Leverkusen,True
wikipedia,bundesliga,2009/10,Bayern Munich,Bayern Munich,True
wikipedia,bundesliga,2009/10,VfL Bochum,Bochum,True
wikipedia,bundesliga,2009/10,Borussia Mönchengladbach,M'gladbach,True
wikipedia,bundesliga,2009/10,Eintracht Frankfurt,Ein Frankfurt,True
wikipedia,bundesliga,2009/10,Hamburger SV,Hamburg,True
wikipedia,bundesliga,2009/10,Hannover 96,Hannover,True
wikipedia,bundesliga,2009/10,Hertha BSC,Hertha,True
wikipedia,bundesliga,2009/10,1. FC Köln,FC Koln,True
wikipedia,bundesliga,2009/10,Mainz 05,Mainz,True
wikipedia,bundesliga,2009/10,1. FC Nürnberg,Nurnberg,True
wikipedia,bundesliga,2009/10,Schalke 04,Schalke 04,True
wikipedia,bundesliga,2009/10,VfB Stuttgart,Stuttgart,True
wikipedia,bundesliga,2009/10,VfL Wolfsburg,Wolfsburg,True
wikipedia,bundesliga,2010/11,1899 Hoffenheim,Hoffenheim,True
wikipedia,bundesliga,2010/11,Bayern Munich,Bayern Munich,True
wikipedia,bundesliga,2010/11,Borussia Mönchengladbach,M'gladbach,True
wikipedia,bundesliga,2010/11,Eintracht Frankfurt,Ein Frankfurt,True
wikipedia,bundesliga,2010/11,Hamburger SV,Hamburg,True
wikipedia,bundesliga,2010/11,1. FC Köln,FC Koln,True
wikipedia,bundesliga,2010/11,Schalke 04,Schalke 04,True
wikipedia,bundesliga,2010/11,VfB Stuttgart,Stuttgart,True
wikipedia,bundesliga,2010/11,VfL Wolfsburg,Wolfsburg,True
wikipedia,bundesliga,2011/12,1899 Hoffenheim,Hoffenheim,True
wikipedia,bundesliga,2011/12,Bayer Leverkusen,Leverkusen,True
wikipedia,bundesliga,2011/12,Bayern Munich,Bayern Munich,True
wikipedia,bundesliga,2011/12,SC Freiburg,Freiburg,True
wikipedia,bundesliga,2011/12,Hamburger SV,Hamburg,True
wikipedia,bundesliga,2011/12,Hertha BSC,Hertha,True
wikipedia,bundesliga,2011/12,1. FC Kaiserslautern,Kaiserslautern,True
wikipedia,bundesliga,2011/12,1. FC Köln,FC Koln,True
wikipedia,bundesliga,2011/12,FC Schalke 04,Schalke 04,True
wikipedia,bundesliga,2012/13,TSG 1899 Hoffenheim,Hoffenheim,True
wikipedia,bundesliga,2012/13,FC Augsburg,Augsburg,True
wikipedia,bundesliga,2012/13,Greuther Fürth,Greuther Furth,True
wikipedia,bundesliga,2012/13,1. FC Nürnberg,Nurnberg,True
wikipedia,bundesliga,2012/13,Schalke 04,Schalke 04,True
wikipedia,bundesliga,2012/13,Werder Bremen,Werder Bremen,True
wikipedia,bundesliga,2012/13,VfL Wolfsburg,Wolfsburg,True
wikipedia,bundesliga,2013/14,Bayer Leverkusen,Leverkusen,True
wikipedia,bundesliga,2013/14,Bayern Munich,Bayern Munich,True
wikipedia,bundesliga,2013/14,Hamburger SV,Hamburg,True
wikipedia,bundesliga,2013/14,Hannover 96,Hannover,True
wikipedia,bundesliga,2013/14,1. FC Nürnberg,Nurnberg,True
wikipedia,bundesliga,2013/14,VfB Stuttgart,Stuttgart,True
wikipedia,bundesliga,2013/14,Werder Bremen,Werder Bremen,True
wikipedia,bundesliga,2014/15,Bayer Leverkusen,Leverkusen,True
wikipedia,bundesliga,2014/15,Eintracht Frankfurt,Ein Frankfurt,True
wikipedia,bundesliga,2014/15,Hamburger SV,Hamburg,True
wikipedia,bundesliga,2014/15,Hannover 96,Hannover,True
wikipedia,bundesliga,2014/15,Hertha BSC,Hertha,True
wikipedia,bundesliga,2014/15,Mainz 05,Mainz,True
wikipedia,bundesliga,2014/15,Schalke 04,Schalke 04,True
wikipedia,bundesliga,2014/15,VfB Stuttgart,Stuttgart,True
wikipedia,bundesliga,2014/15,Werder Bremen,Werder Bremen,True
wikipedia,bundesliga,2015/16,1899 Hoffenheim,Hoffenheim,True
wikipedia,bundesliga,2015/16,Borussia Dortmund,Dortmund,True
wikipedia,bundesliga,2015/16,Borussia Mönchengladbach,M'gladbach,True
wikipedia,bundesliga,2015/16,Eintracht Frankfurt,Ein Frankfurt,True
wikipedia,bundesliga,2015/16,Hannover 96,Hannover,True
wikipedia,bundesliga,2015/16,Schalke 04,Schalke 04,True
wikipedia,bundesliga,2015/16,VfB Stuttgart,Stuttgart,True
wikipedia,bundesliga,2016/17,FC Augsburg,Augsburg,True
wikipedia,bundesliga,2016/17,Bayer Leverkusen,Leverkusen,True
wikipedia,bundesliga,2016/17,Bayern Munich,Bayern Munich,True
wikipedia,bundesliga,2016/17,Borussia Mönchengladbach,M'gladbach,True
wikipedia,bundesliga,2016/17,Darmstadt 98,Darmstadt,True
wikipedia,bundesliga,2016/17,Hamburger SV,Hamburg,True
wikipedia,bundesliga,2016/17,FC Ingolstadt,Ingolstadt,True
wikipedia,bundesliga,2016/17,RB Leipzig,RB Leipzig,True
wikipedia,bundesliga,2016/17,Schalke 04,Schalke 04,True
wikipedia,bundesliga,2016/17,Werder Bremen,Werder Bremen,True
wikipedia,bundesliga,2016/17,VfL Wolfsburg,Wolfsburg,True
wikipedia,bundesliga,2017/18,Bayer Leverkusen,Leverkusen,True
wikipedia,bundesliga,2017/18,Bayern Munich,Bayern Munich,True
wikipedia,bundesliga,2017/18,Borussia Dortmund,Dortmund,True
wikipedia,bundesliga,2017/18,Hamburger SV,Hamburg,True
wikipedia,bundesliga,2017/18,1. FC Köln,FC Koln,True
wikipedia,bundesliga,2017/18,Mainz 05,Mainz,True
wikipedia,bundesliga,2017/18,Schalke 04,Schalke 04,True
wikipedia,bundesliga,2017/18,VfB Stuttgart,Stuttgart,True
wikipedia,bundesliga,2017/18,Werder Bremen,Werder Bremen,True
wikipedia,bundesliga,2017/18,VfL Wolfsburg,Wolfsburg,True
wikipedia,bundesliga,2018/19,FC Augsburg,Augsburg,True
wikipedia,bundesliga,2018/19,Bayer Leverkusen,Leverkusen,True
wikipedia,bundesliga,2018/19,Bayern Munich,Bayern Munich,True
wikipedia,bundesliga,2018/19,Borussia Dortmund,Dortmund,True
wikipedia,bundesliga,2018/19,Eintracht Frankfurt,Ein Frankfurt,True
wikipedia,bundesliga,2018/19,Hannover 96,Hannover,True
wikipedia,bundesliga,2018/19,1. FC Nürnberg,Nurnberg,True
wikipedia,bundesliga,2018/19,RB Leipzig,RB Leipzig,True
wikipedia,bundesliga,2018/19,Schalke 04,Schalke 04,True
wikipedia,bundesliga,2018/19,VfB Stuttgart,Stuttgart,True
wikipedia,bundesliga,2019/20,1899 Hoffenheim,Hoffenheim,True
wikipedia,bundesliga,2019/20,FC Augsburg,Augsburg,True
wikipedia,bundesliga,2019/20,Bayern Munich,Bayern Munich,True
wikipedia,bundesliga,2019/20,Borussia Mönchengladbach,M'gladbach,True
wikipedia,bundesliga,2019/20,Fortuna Düsseldorf,Fortuna Dusseldorf,True
wikipedia,bundesliga,2019/20,Hertha BSC,Hertha,True
wikipedia,bundesliga,2019/20,1. FC Köln,FC Koln,True
wikipedia,bundesliga,2019/20,Mainz 05,Mainz,True
wikipedia,bundesliga,2019/20,RB Leipzig,RB Leipzig,True
wikipedia,bundesliga,2019/20,Schalke 04,Schalke 04,True
wikipedia,bundesliga,2019/20,VfL Wolfsburg,Wolfsburg,True
wikipedia,bundesliga,2020/21,1899 Hoffenheim,Hoffenheim,True
wikipedia,bundesliga,2020/21,Arminia Bielefeld,Bielefeld,True
wikipedia,bundesliga,2020/21,FC Augsburg,Augsburg,True
wikipedia,bundesliga,2020/21,Bayer Leverkusen,Leverkusen,True
wikipedia,bundesliga,2020/21,Borussia Dortmund,Dortmund,True
wikipedia,bundesliga,2020/21,Hertha BSC,Hertha,True
wikipedia,bundesliga,2020/21,1. FC Köln,FC Koln,True
wikipedia,bundesliga,2020/21,Mainz 05,Mainz,True
wikipedia,bundesliga,2020/21,Schalke 04,Schalke 04,True
wikipedia,bundesliga,2020/21,Werder Bremen,Werder Bremen,True
wikipedia,bundesliga,2021/22,Arminia Bielefeld,Bielefeld,True
wikipedia,bundesliga,2021/22,Bayer Leverkusen,Leverkusen,True
wikipedia,bundesliga,2021/22,Bayern Munich,Bayern Munich,True
wikipedia,bundesliga,2021/22,Borussia Dortmund,Dortmund,True
wikipedia,bundesliga,2021/22,Borussia Mönchengladbach,M'gladbach,True
wikipedia,bundesliga,2021/22,Eintracht Frankfurt,Ein Frankfurt,True
wikipedia,bundesliga,2021/22,Hertha BSC,Hertha,True
wikipedia,bundesliga,2021/22,1. FC Köln,FC Koln,True
wikipedia,bundesliga,2021/22,RB Leipzig,RB Leipzig,True
wikipedia,bundesliga,2021/22,VfL Wolfsburg,Wolfsburg,True
wikipedia,bundesliga,2022/23,1899 Hoffenheim,Hoffenheim,True
wikipedia,bundesliga,2022/23,FC Augsburg,Augsburg,True
wikipedia,bundesliga,2022/23,Bayer Leverkusen,Leverkusen,True
wikipedia,bundesliga,2022/23,Bayern Munich,Bayern Munich,True
wikipedia,bundesliga,2022/23,VfL Bochum,Bochum,True
wikipedia,bundesliga,2022/23,Borussia Dortmund,Dortmund,True
wikipedia,bundesliga,2022/23,Borussia Mönchengladbach,M'gladbach,True
wikipedia,bundesliga,2022/23,Hertha BSC,Hertha,True
wikipedia,bundesliga,2022/23,RB Leipzig,RB Leipzig,True
wikipedia,bundesliga,2022/23,Schalke 04,Schalke 04,True
wikipedia,bundesliga,2022/23,VfB Stuttgart,Stuttgart,True
wikipedia,bundesliga,2022/23,VfL Wolfsburg,Wolfsburg,True
wikipedia,bundesliga,2023/24,FC Augsburg,Augsburg,True
wikipedia,bundesliga,2023/24,VfL Bochum,Bochum,True
wikipedia,bundesliga,2023/24,Borussia Mönchengladbach,M'gladbach,True
wikipedia,bundesliga,2023/24,Eintracht Frankfurt,Ein Frankfurt,True
wikipedia,bundesliga,2023/24,1. FC Köln,FC Koln,True
wikipedia,bundesliga,2023/24,Mainz 05,Mainz,True
wikipedia,bundesliga,2023/24,Union Berlin,Union Berlin,True
wikipedia,bundesliga,2023/24,VfL Wolfsburg,Wolfsburg,True
wikipedia,bundesliga,2024/25,Bayern Munich,Bayern Munich,True
wikipedia,bundesliga,2024/25,VfL Bochum,Bochum,True
wikipedia,bundesliga,2024/25,Borussia Dortmund,Dortmund,True
wikipedia,bundesliga,2024/25,SC Freiburg,Freiburg,True
wikipedia,bundesliga,2024/25,TSG Hoffenheim,Hoffenheim,True
wikipedia,bundesliga,2024/25,RB Leipzig,RB Leipzig,True
wikipedia,bundesliga,2024/25,FC St. Pauli,St Pauli,True
wikipedia,bundesliga,2024/25,Union Berlin,Union Berlin,True
wikipedia,bundesliga,2024/25,VfL Wolfsburg,Wolfsburg,True
wikipedia,la_liga,2004/05,Albacete Balompié,,False
wikipedia,la_liga,2004/05,Levante UD,Levante,True
wikipedia,la_liga,2004/05,Málaga CF,Malaga,True
wikipedia,la_liga,2004/05,RCD Mallorca,Mallorca,True
wikipedia,la_liga,2004/05,CD Numancia,Numancia,True
wikipedia,la_liga,2004/05,Racing Santander,Santander,True
wikipedia,la_liga,2004/05,Real Madrid,Real Madrid,True
wikipedia,la_liga,2004/05,Valencia CF,Valencia,True
wikipedia,la_liga,2005/06,Athletic Bilbao,Ath Bilbao,True
wikipedia,la_liga,2005/06,Atlético de Madrid,Ath Madrid,True
wikipedia,la_liga,2005/06,Deportivo Alavés,Alaves,True
wikipedia,la_liga,2005/06,Málaga CF,Malaga,True
wikipedia,la_liga,2005/06,RCD Mallorca,Mallorca,True
wikipedia,la_liga,2005/06,Racing Santander,Santander,True
wikipedia,la_liga,2005/06,Real Madrid,Real Madrid,True
wikipedia,la_liga,2005/06,Real Sociedad,Sociedad,True
wikipedia,la_liga,2006/07,Athletic Bilbao,Ath Bilbao,True
wikipedia,la_liga,2006/07,Celta de Vigo,Celta,True
wikipedia,la_liga,2006/07,Gimnàstic de Tarragona,Gimnastic,True
wikipedia,la_liga,2006/07,Levante UD,Levante,True
wikipedia,la_liga,2006/07,Real Betis Balompié,,False
wikipedia,la_liga,2006/07,Real Sociedad,Sociedad,True
wikipedia,la_liga,2007/08,Levante UD,Levante,True
wikipedia,la_liga,2007/08,Real Betis Balompié,,False
wikipedia,la_liga,2007/08,Real Murcia CF,Murcia,True
wikipedia,la_liga,2007/08,Real Zaragoza,Zaragoza,True
wikipedia,la_liga,2007/08,Recreativo Huelva,,False
wikipedia,la_liga,2007/08,Sevilla FC,Sevilla,True
wikipedia,la_liga,2007/08,Valencia CF,Valencia,True
wikipedia,la_liga,2008/09,Almería,Almeria,True
wikipedia,la_liga,2008/09,Atlético Madrid,Ath Madrid,True
wikipedia,la_liga,2008/09,Betis,Betis,True
wikipedia,la_liga,2008/09,Espanyol,Espanol,True
wikipedia,la_liga,2008/09,Getafe,Getafe,True
wikipedia,la_liga,2008/09,Numancia,Numancia,True
wikipedia,la_liga,2008/09,Osasuna,Osasuna,True
wikipedia,la_liga,2008/09,Real Madrid,Real Madrid,True
wikipedia,la_liga,2008/09,Recreativo,Recreativo,True
wikipedia,la_liga,2009/10,Almería,Almeria,True
wikipedia,la_liga,2009/10,Atlético Madrid,Ath Madrid,True
wikipedia,la_liga,2009/10,Málaga,Malaga,True
wikipedia,la_liga,2009/10,Racing Santander,Santander,True
wikipedia,la_liga,2009/10,Real Madrid,Real Madrid,True
wikipedia,la_liga,2009/10,Sevilla,Sevilla,True
wikipedia,la_liga,2009/10,Valladolid,Valladolid,True
wikipedia,la_liga,2009/10,Villarreal,Villarreal,True
wikipedia,la_liga,2009/10,Xerez,Xerez,True
wikipedia,la_liga,2009/10,Zaragoza,Zaragoza,True
wikipedia,la_liga,2010/11,Almería,Almeria,True
wikipedia,la_liga,2010/11,Hércules,Hercules,True
wikipedia,la_liga,2010/11,Málaga,Malaga,True
wikipedia,la_liga,2010/11,Mallorca,Mallorca,True
wikipedia,la_liga,2010/11,Osasuna,Osasuna,True
wikipedia,la_liga,2010/11,Racing Santander,Santander,True
wikipedia,la_liga,2010/11,Real Madrid,Real Madrid,True
wikipedia,la_liga,2010/11,Sevilla,Sevilla,True
wikipedia,la_liga,2010/11,Zaragoza,Zaragoza,True
wikipedia,la_liga,2011/12,Athletic Bilbao,Ath Bilbao,True
wikipedia,la_liga,2011/12,Atlético Madrid,Ath Madrid,True
wikipedia,la_liga,2011/12,Getafe,Getafe,True
wikipedia,la_liga,2011/12,Granada,Granada,True
wikipedia,la_liga,2011/12,Levante,Levante,True
wikipedia,la_liga,2011/12,Mallorca,Mallorca,True
wikipedia,la_liga,2011/12,Racing Santander,Santander,True
wikipedia,la_liga,2011/12,Real Sociedad,Sociedad,True
wikipedia,la_liga,2011/12,Sevilla,Sevilla,True
wikipedia,la_liga,2011/12,Sporting de Gijón,Sp Gijon,True
wikipedia,la_liga,2011/12,Villarreal,Villarreal,True
wikipedia,la_liga,2011/12,Zaragoza,Zaragoza,True
wikipedia,la_liga,2012/13,Barcelona,Barcelona,True
wikipedia,la_liga,2012/13,Celta de Vigo,Celta,True
wikipedia,la_liga,2012/13,Deportivo La Coruña,La Coruna,True
wikipedia,la_liga,2012/13,Espanyol,Espanol,True
wikipedia,la_liga,2012/13,Granada,Granada,True
wikipedia,la_liga,2012/13,Mallorca,Mallorca,True
wikipedia,la_liga,2012/13,Rayo Vallecano,Vallecano,True
wikipedia,la_liga,2012/13,Sevilla,Sevilla,True
wikipedia,la_liga,2012/13,Valencia,Valencia,True
wikipedia,la_liga,2013/14,Almería,Almeria,True
wikipedia,la_liga,2013/14,Athletic Bilbao,Ath Bilbao,True
wikipedia,la_liga,2013/14,Barcelona,Barcelona,True
wikipedia,la_liga,2013/14,Celta Vigo,Celta,True
wikipedia,la_liga,2013/14,Getafe,Getafe,True
wikipedia,la_liga,2013/14,Levante,Levante,True
wikipedia,la_liga,2013/14,Málaga,Malaga,True
wikipedia,la_liga,2013/14,Osasuna,Osasuna,True
wikipedia,la_liga,2013/14,Real Betis,Betis,True
wikipedia,la_liga,2013/14,Real Madrid,Real Madrid,True
wikipedia,la_liga,2013/14,Real Sociedad,Sociedad,True
wikipedia,la_liga,2013/14,Valencia,Valencia,True
wikipedia,la_liga,2013/14,Valladolid,Valladolid,True
wikipedia,la_liga,2014/15,Almería,Almeria,True
wikipedia,la_liga,2014/15,Barcelona,Barcelona,True
wikipedia,la_liga,2014/15,Celta Vigo,Celta,True
wikipedia,la_liga,2014/15,Córdoba,Cordoba,True
wikipedia,la_liga,2014/15,Deportivo La Coruña,La Coruna,True
wikipedia,la_liga,2014/15,Espanyol,Espanol,True
wikipedia,la_liga,2014/15,Getafe,Getafe,True
wikipedia,la_liga,2014/15,Granada,Granada,True
wikipedia,la_liga,2014/15,Levante,Levante,True
wikipedia,la_liga,2014/15,Málaga,Malaga,True
wikipedia,la_liga,2014/15,Real Sociedad,Sociedad,True
wikipedia,la_liga,2014/15,Valencia,Valencia,True
wikipedia,la_liga,2015/16,Eibar,Eibar,True
wikipedia,la_liga,2015/16,Espanyol,Espanol,True
wikipedia,la_liga,2015/16,Getafe,Getafe,True
wikipedia,la_liga,2015/16,Granada,Granada,True
wikipedia,la_liga,2015/16,Las Palmas,Las Palmas,True
wikipedia,la_liga,2015/16,Levante,Levante,True
wikipedia,la_liga,2015/16,Real Betis,Betis,True
wikipedia,la_liga,2015/16,Real Madrid,Real Madrid,True
wikipedia,la_liga,2015/16,Real Sociedad,Sociedad,True
wikipedia,la_liga,2015/16,Valencia,Valencia,True
wikipedia,la_liga,2016/17,Alavés,Alaves,True
wikipedia,la_liga,2016/17,Deportivo La Coruña,La Coruna,True
wikipedia,la_liga,2016/17,Espanyol,Espanol,True
wikipedia,la_liga,2016/17,Granada,Granada,True
wikipedia,la_liga,2016/17,Málaga,Malaga,True
wikipedia,la_liga,2016/17,Osasuna,Osasuna,True
wikipedia,la_liga,2016/17,Real Betis,Betis,True
wikipedia,la_liga,2016/17,Sevilla,Sevilla,True
wikipedia,la_liga,2016/17,Sporting Gijón,Sp Gijon,True
wikipedia,la_liga,2016/17,Valencia,Valencia,True
wikipedia,la_liga,2016/17,Villarreal,Villarreal,True
wikipedia,la_liga,2017/18,Alavés,Alaves,True
wikipedia,la_liga,2017/18,Athletic Bilbao,Ath Bilbao,True
wikipedia,la_liga,2017/18,Barcelona,Barcelona,True
wikipedia,la_liga,2017/18,Celta Vigo,Celta,True
wikipedia,la_liga,2017/18,Deportivo La Coruña,La Coruna,True
wikipedia,la_liga,2017/18,Espanyol,Espanol,True
wikipedia,la_liga,2017/18,Las Palmas,Las Palmas,True
wikipedia,la_liga,2017/18,Levante,Levante,True
wikipedia,la_liga,2017/18,Málaga,Malaga,True
wikipedia,la_liga,2017/18,Real Betis,Betis,True
wikipedia,la_liga,2017/18,Real Sociedad,Sociedad,True
wikipedia,la_liga,2017/18,Sevilla,Sevilla,True
wikipedia,la_liga,2017/18,Valencia,Valencia,True
wikipedia,la_liga,2017/18,Villarreal,Villarreal,True
wikipedia,la_liga,2018/19,Athletic Bilbao,Ath Bilbao,True
wikipedia,la_liga,2018/19,Celta Vigo,Celta,True
wikipedia,la_liga,2018/19,Espanyol,Espanol,True
wikipedia,la_liga,2018/19,Girona,Girona,True
wikipedia,la_liga,2018/19,Huesca,Huesca,True
wikipedia,la_liga,2018/19,Leganés,Leganes,True
wikipedia,la_liga,2018/19,Rayo Vallecano,Vallecano,True
wikipedia,la_liga,2018/19,Real Madrid,Real Madrid,True
wikipedia,la_liga,2018/19,Real Sociedad,Sociedad,True
wikipedia,la_liga,2018/19,Sevilla,Sevilla,True
wikipedia,la_liga,2018/19,Villarreal,Villarreal,True
wikipedia,la_liga,2019/20,Alavés,Alaves,True
wikipedia,la_liga,2019/20,Barcelona,Barcelona,True
wikipedia,la_liga,2019/20,Celta Vigo,Celta,True
wikipedia,la_liga,2019/20,Espanyol,Espanol,True
wikipedia,la_liga,2019/20,Leganés,Leganes,True
wikipedia,la_liga,2019/20,Real Betis,Betis,True
wikipedia,la_liga,2019/20,Sevilla,Sevilla,True
wikipedia,la_liga,2019/20,Valencia,Valencia,True
wikipedia,la_liga,2020/21,Alavés,Alaves,True
wikipedia,la_liga,2020/21,Athletic Bilbao,Ath Bilbao,True
wikipedia,la_liga,2020/21,Barcelona,Barcelona,True
wikipedia,la_liga,2020/21,Celta Vigo,Celta,True
wikipedia,la_liga,2020/21,Elche,Elche,True
wikipedia,la_liga,2020/21,Huesca,Huesca,True
wikipedia,la_liga,2020/21,Real Betis,Betis,True
wikipedia,la_liga,2020/21,Valencia,Valencia,True
wikipedia,la_liga,2020/21,Villarreal,Villarreal,True
wikipedia,la_liga,2021/22,Alavés,Alaves,True
wikipedia,la_liga,2021/22,Barcelona,Barcelona,True
wikipedia,la_liga,2021/22,Cádiz,Cadiz,True
wikipedia,la_liga,2021/22,Elche,Elche,True
wikipedia,la_liga,2021/22,Espanyol,Espanol,True
wikipedia,la_liga,2021/22,Getafe,Getafe,True
wikipedia,la_liga,2021/22,Granada,Granada,True
wikipedia,la_liga,2021/22,Levante,Levante,True
wikipedia,la_liga,2021/22,Mallorca,Mallorca,True
wikipedia,la_liga,2021/22,Real Madrid,Real Madrid,True
wikipedia,la_liga,2021/22,Valencia,Valencia,True
wikipedia,la_liga,2022/23,Athletic Bilbao,Ath Bilbao,True
wikipedia,la_liga,2022/23,Celta Vigo,Celta,True
wikipedia,la_liga,2022/23,Elche,Elche,True
wikipedia,la_liga,2022/23,Espanyol,Espanol,True
wikipedia,la_liga,2022/23,Getafe,Getafe,True
wikipedia,la_liga,2022/23,Sevilla,Sevilla,True
wikipedia,la_liga,2022/23,Valencia,Valencia,True
wikipedia,la_liga,2022/23,Valladolid,Valladolid,True
wikipedia,la_liga,2022/23,Villarreal,Villarreal,True
wikipedia,la_liga,2023/24,Almería,Almeria,True
wikipedia,la_liga,2023/24,Cádiz,Cadiz,True
wikipedia,la_liga,2023/24,Celta Vigo,Celta,True
wikipedia,la_liga,2023/24,Granada,Granada,True
wikipedia,la_liga,2023/24,Rayo Vallecano,Vallecano,True
wikipedia,la_liga,2023/24,Sevilla,Sevilla,True
wikipedia,la_liga,2023/24,Villarreal,Villarreal,True
wikipedia,la_liga,2024/25,Alavés,Alaves,True
wikipedia,la_liga,2024/25,Barcelona,Barcelona,True
wikipedia,la_liga,2024/25,Las Palmas,Las Palmas,True
wikipedia,la_liga,2024/25,Mallorca,Mallorca,True
wikipedia,la_liga,2024/25,Osasuna,Osasuna,True
wikipedia,la_liga,2024/25,Sevilla,Sevilla,True
wikipedia,la_liga,2024/25,Valencia,Valencia,True
wikipedia,la_liga,2024/25,Valladolid,Valladolid,True
wikipedia,ligue_1,2004/05,AC Ajaccio,Ajaccio,True
wikipedia,ligue_1,2004/05,SC Bastia,Bastia,True
wikipedia,ligue_1,2004/05,FC Istres Ouest Provence,,False
wikipedia,ligue_1,2004/05,RC Lens,Lens,True
wikipedia,ligue_1,2004/05,FC Nantes,Nantes,True
wikipedia,ligue_1,2004/05,OGC Nice,Nice,True
wikipedia,ligue_1,2004/05,Olympique Marseille,Marseille,True
wikipedia,ligue_1,2004/05,Paris Saint-Germain,Paris SG,True
wikipedia,ligue_1,2004/05,SM Caen,Caen,True
wikipedia,ligue_1,2004/05,RC Strasbourg Alsace,Strasbourg,True
wikipedia,ligue_1,2005/06,AC Ajaccio,Ajaccio,True
wikipedia,ligue_1,2005/06,AS Monaco,Monaco,True
wikipedia,ligue_1,2005/06,Paris Saint-Germain,Paris SG,True
wikipedia,ligue_1,2006/07,CS Sedan-Ardennes,,False
wikipedia,ligue_1,2006/07,AS Monaco,Monaco,True
wikipedia,ligue_1,2006/07,FC Nantes,Nantes,True
wikipedia,ligue_1,2006/07,Olympique Lyon,Lyon,True
wikipedia,ligue_1,2006/07,Paris Saint-Germain,Paris SG,True
wikipedia,ligue_1,2007/08,RC Lens,Lens,True
wikipedia,ligue_1,2007/08,FC Metz,Metz,True
wikipedia,ligue_1,2007/08,Olympique Marseille,Marseille,True
wikipedia,ligue_1,2007/08,FC Sochaux-Montbéliard,,False
wikipedia,ligue_1,2007/08,Stade Rennais FC,Rennes,True
wikipedia,ligue_1,2008/09,Le Havre AC,Le Havre,True
wikipedia,ligue_1,2008/09,Le Mans Union Club 72,,False
wikipedia,ligue_1,2008/09,FC Nantes,Nantes,True
wikipedia,ligue_1,2008/09,AS Saint-Étienne,St Etienne,True
wikipedia,ligue_1,2009/10,Boulogne,Boulogne,True
wikipedia,ligue_1,2009/10,Le Mans,Le Mans,True
wikipedia,ligue_1,2009/10,Marseille,Marseille,True
wikipedia,ligue_1,2009/10,Monaco,Monaco,True
wikipedia,ligue_1,2009/10,Montpellier,Montpellier,True
wikipedia,ligue_1,2009/10,Nice,Nice,True
wikipedia,ligue_1,2009/10,Paris Saint-Germain,Paris SG,True
wikipedia,ligue_1,2009/10,Rennes,Rennes,True
wikipedia,ligue_1,2009/10,Saint-Étienne,St Etienne,True
wikipedia,ligue_1,2009/10,Valenciennes,Valenciennes,True
wikipedia,ligue_1,2010/11,Arles-Avignon,Arles,True
wikipedia,ligue_1,2010/11,Bordeaux,Bordeaux,True
wikipedia,ligue_1,2010/11,Lens,Lens,True
wikipedia,ligue_1,2010/11,Monaco,Monaco,True
wikipedia,ligue_1,2011/12,Auxerre,Auxerre,True
wikipedia,ligue_1,2011/12,Bordeaux,Bordeaux,True
wikipedia,ligue_1,2011/12,Brest,Brest,True
wikipedia,ligue_1,2011/12,Evian,Evian Thonon Gaillard,True
wikipedia,ligue_1,2011/12,Lyon,Lyon,True
wikipedia,ligue_1,2011/12,Nancy,Nancy,True
wikipedia,ligue_1,2011/12,Nice,Nice,True
wikipedia,ligue_1,2011/12,Paris Saint-Germain,Paris SG,True
wikipedia,ligue_1,2011/12,Sochaux,Sochaux,True
wikipedia,ligue_1,2011/12,Valenciennes,Valenciennes,True
wikipedia,ligue_1,2012/13,Ajaccio,Ajaccio,True
wikipedia,ligue_1,2012/13,Brest,Brest,True
wikipedia,ligue_1,2012/13,Evian,Evian Thonon Gaillard,True
wikipedia,ligue_1,2012/13,Marseille,Marseille,True
wikipedia,ligue_1,2012/13,Nancy,Nancy,True
wikipedia,ligue_1,2012/13,Nice,Nice,True
wikipedia,ligue_1,2013/14,Ajaccio,Ajaccio,True
wikipedia,ligue_1,2013/14,Lille,Lille,True
wikipedia,ligue_1,2013/14,Marseille,Marseille,True
wikipedia,ligue_1,2013/14,Montpellier,Montpellier,True
wikipedia,ligue_1,2013/14,Paris Saint-Germain,Paris SG,True
wikipedia,ligue_1,2013/14,Rennes,Rennes,True
wikipedia,ligue_1,2013/14,Sochaux,Sochaux,True
wikipedia,ligue_1,2013/14,Valenciennes,Valenciennes,True
wikipedia,ligue_1,2014/15,Bastia,Bastia,True
wikipedia,ligue_1,2014/15,Bordeaux,Bordeaux,True
wikipedia,ligue_1,2014/15,Lorient,Lorient,True
wikipedia,ligue_1,2014/15,Lyon,Lyon,True
wikipedia,ligue_1,2014/15,Marseille,Marseille,True
wikipedia,ligue_1,2014/15,Monaco,Monaco,True
wikipedia,ligue_1,2014/15,Reims,Reims,True
wikipedia,ligue_1,2014/15,Toulouse,Toulouse,True
wikipedia,ligue_1,2015/16,Bastia,Bastia,True
wikipedia,ligue_1,2015/16,Bordeaux,Bordeaux,True
wikipedia,ligue_1,2015/16,Lille,Lille,True
wikipedia,ligue_1,2015/16,Lyon,Lyon,True
wikipedia,ligue_1,2015/16,Marseille,Marseille,True
wikipedia,ligue_1,2015/16,Montpellier,Montpellier,True
wikipedia,ligue_1,2015/16,Reims,Reims,True
wikipedia,ligue_1,2015/16,Rennes,Rennes,True
wikipedia,ligue_1,2015/16,Toulouse,Toulouse,True
wikipedia,ligue_1,2015/16,Troyes,Troyes,True
wikipedia,ligue_1,2016/17,Bastia,Bastia,True
wikipedia,ligue_1,2016/17,Bordeaux,Bordeaux,True
wikipedia,ligue_1,2016/17,Guingamp,Guingamp,True
wikipedia,ligue_1,2016/17,Lille,Lille,True
wikipedia,ligue_1,2016/17,Lorient,Lorient,True
wikipedia,ligue_1,2016/17,Marseille,Marseille,True
wikipedia,ligue_1,2016/17,Montpellier,Montpellier,True
wikipedia,ligue_1,2016/17,Nantes,Nantes,True
wikipedia,ligue_1,2016/17,Nice,Nice,True
wikipedia,ligue_1,2016/17,Paris Saint-Germain,Paris SG,True
wikipedia,ligue_1,2016/17,Rennes,Rennes,True
wikipedia,ligue_1,2017/18,Bordeaux,Bordeaux,True
wikipedia,ligue_1,2017/18,Lille,Lille,True
wikipedia,ligue_1,2017/18,Metz,Metz,True
wikipedia,ligue_1,2017/18,Montpellier,Montpellier,True
wikipedia,ligue_1,2017/18,Nantes,Nantes,True
wikipedia,ligue_1,2017/18,Rennes,Rennes,True
wikipedia,ligue_1,2017/18,Saint-Étienne,St Etienne,True
wikipedia,ligue_1,2017/18,Toulouse,Toulouse,True
wikipedia,ligue_1,2018/19,Bordeaux,Bordeaux,True
wikipedia,ligue_1,2018/19,Caen,Caen,True
wikipedia,ligue_1,2018/19,Dijon,Dijon,True
wikipedia,ligue_1,2018/19,Guingamp,Guingamp,True
wikipedia,ligue_1,2018/19,Monaco,Monaco,True
wikipedia,ligue_1,2018/19,Nantes,Nantes,True
wikipedia,ligue_1,2018/19,Nice,Nice,True
wikipedia,ligue_1,2018/19,Paris Saint-Germain,Paris SG,True
wikipedia,ligue_1,2018/19,Rennes,Rennes,True
wikipedia,ligue_1,2018/19,Toulouse,Toulouse,True
wikipedia,ligue_1,2019/20,Amiens,Amiens,True
wikipedia,ligue_1,2019/20,Brest,Brest,True
wikipedia,ligue_1,2019/20,Dijon,Dijon,True
wikipedia,ligue_1,2019/20,Lyon,Lyon,True
wikipedia,ligue_1,2019/20,Marseille,Marseille,True
wikipedia,ligue_1,2019/20,Metz,Metz,True
wikipedia,ligue_1,2019/20,Monaco,Monaco,True
wikipedia,ligue_1,2019/20,Nantes,Nantes,True
wikipedia,ligue_1,2019/20,Saint-Étienne,St Etienne,True
wikipedia,ligue_1,2019/20,Toulouse,Toulouse,True
wikipedia,ligue_1,2020/21,Bordeaux,Bordeaux,True
wikipedia,ligue_1,2020/21,Dijon,Dijon,True
wikipedia,ligue_1,2020/21,Marseille,Marseille,True
wikipedia,ligue_1,2020/21,Metz,Metz,True
wikipedia,ligue_1,2020/21,Monaco,Monaco,True
wikipedia,ligue_1,2020/21,Nantes,Nantes,True
wikipedia,ligue_1,2020/21,Nice,Nice,True
wikipedia,ligue_1,2020/21,Nîmes,,False
wikipedia,ligue_1,2020/21,Paris Saint-Germain,Paris SG,True
wikipedia,ligue_1,2020/21,Rennes,Rennes,True
wikipedia,ligue_1,2021/22,ESTAC Troyes,Troyes,True
wikipedia,ligue_1,2021/22,FC Girondins Bordeaux,Bordeaux,True
wikipedia,ligue_1,2021/22,AS Monaco,Monaco,True
wikipedia,ligue_1,2021/22,AS Saint-Étienne,St Etienne,True
wikipedia,ligue_1,2022/23,Angers,Angers,True
wikipedia,ligue_1,2022/23,Auxerre,Auxerre,True
wikipedia,ligue_1,2022/23,Brest,Brest,True
wikipedia,ligue_1,2022/23,Lille,Lille,True
wikipedia,ligue_1,2022/23,Lorient,Lorient,True
wikipedia,ligue_1,2022/23,Lyon,Lyon,True
wikipedia,ligue_1,2022/23,Marseille,Marseille,True
wikipedia,ligue_1,2022/23,Montpellier,Montpellier,True
wikipedia,ligue_1,2022/23,Nantes,Nantes,True
wikipedia,ligue_1,2022/23,Nice,Nice,True
wikipedia,ligue_1,2022/23,Paris Saint-Germain,Paris SG,True
wikipedia,ligue_1,2022/23,Reims,Reims,True
wikipedia,ligue_1,2022/23,Strasbourg,Strasbourg,True
wikipedia,ligue_1,2022/23,Troyes,Troyes,True
wikipedia,ligue_1,2023/24,Lyon,Lyon,True
wikipedia,ligue_1,2023/24,Marseille,Marseille,True
wikipedia,ligue_1,2023/24,Monaco,Monaco,True
wikipedia,ligue_1,2023/24,Nantes,Nantes,True
wikipedia,ligue_1,2023/24,Nice,Nice,True
wikipedia,ligue_1,2023/24,Paris Saint-Germain,Paris SG,True
wikipedia,ligue_1,2023/24,Reims,Reims,True
wikipedia,ligue_1,2023/24,Rennes,Rennes,True
wikipedia,ligue_1,2023/24,Strasbourg,Strasbourg,True
wikipedia,ligue_1,2023/24,Toulouse,Toulouse,True
wikipedia,ligue_1,2024/25,Le Havre,Le Havre,True
wikipedia,ligue_1,2024/25,Lens,Lens,True
wikipedia,ligue_1,2024/25,Lille,Lille,True
wikipedia,ligue_1,2024/25,Lyon,Lyon,True
wikipedia,ligue_1,2024/25,Marseille,Marseille,True
wikipedia,ligue_1,2024/25,Montpellier,Montpellier,True
wikipedia,ligue_1,2024/25,Nice,Nice,True
wikipedia,ligue_1,2024/25,Reims,Reims,True
wikipedia,ligue_1,2024/25,Rennes,Rennes,True
wikipedia,ligue_1,2024/25,Saint-Étienne,St Etienne,True
wikipedia,ligue_1,2024/25,Strasbourg,Strasbourg,True
wikipedia,premier_league,2004/05,Blackburn Rovers,Blackburn,True
wikipedia,premier_league,2004/05,Chelsea,Chelsea,True
wikipedia,premier_league,2004/05,Liverpool,Liverpool,True
wikipedia,premier_league,2004/05,Manchester City,Man City,True
wikipedia,premier_league,2004/05,Newcastle United,Newcastle,True
wikipedia,premier_league,2004/05,Portsmouth,Portsmouth,True
wikipedia,premier_league,2004/05,Southampton,Southampton,True
wikipedia,premier_league,2004/05,Tottenham Hotspur,Tottenham,True
wikipedia,premier_league,2004/05,West Bromwich Albion,West Brom,True
wikipedia,premier_league,2005/06,Newcastle United,Newcastle,True
wikipedia,premier_league,2005/06,Portsmouth,Portsmouth,True
wikipedia,premier_league,2005/06,Sunderland,Sunderland,True
wikipedia,premier_league,2006/07,Aston Villa,Aston Villa,True
wikipedia,premier_league,2006/07,Bolton Wanderers,Bolton,True
wikipedia,premier_league,2006/07,Charlton Athletic,Charlton,True
wikipedia,premier_league,2006/07,Fulham,Fulham,True
wikipedia,premier_league,2006/07,Middlesbrough,Middlesbrough,True
wikipedia,premier_league,2006/07,Newcastle United,Newcastle,True
wikipedia,premier_league,2006/07,West Ham United,West Ham,True
wikipedia,premier_league,2007/08,Birmingham City,Birmingham,True
wikipedia,premier_league,2007/08,Bolton Wanderers,Bolton,True
wikipedia,premier_league,2007/08,Chelsea,Chelsea,True
wikipedia,premier_league,2007/08,Derby County,Derby,True
wikipedia,premier_league,2007/08,Fulham,Fulham,True
wikipedia,premier_league,2007/08,Manchester City,Man City,True
wikipedia,premier_league,2007/08,Newcastle United,Newcastle,True
wikipedia,premier_league,2007/08,Tottenham Hotspur,Tottenham,True
wikipedia,premier_league,2007/08,Wigan Athletic,Wigan,True
wikipedia,premier_league,2008/09,Blackburn Rovers,Blackburn,True
wikipedia,premier_league,2008/09,Chelsea,Chelsea,True
wikipedia,premier_league,2008/09,Manchester City,Man City,True
wikipedia,premier_league,2008/09,Newcastle United,Newcastle,True
wikipedia,premier_league,2008/09,Portsmouth,Portsmouth,True
wikipedia,premier_league,2008/09,Sunderland,Sunderland,True
wikipedia,premier_league,2008/09,Tottenham Hotspur,Tottenham,True
wikipedia,premier_league,2008/09,West Ham United,West Ham,True
wikipedia,premier_league,2009/10,Bolton Wanderers,Bolton,True
wikipedia,premier_league,2009/10,Burnley,Burnley,True
wikipedia,premier_league,2009/10,Chelsea,Chelsea,True
wikipedia,premier_league,2009/10,Hull City,Hull,True
wikipedia,premier_league,2009/10,Manchester City,Man City,True
wikipedia,premier_league,2009/10,Portsmouth,Portsmouth,True
wikipedia,premier_league,2009/10,Sunderland,Sunderland,True
wikipedia,premier_league,2009/10,Wigan Athletic,Wigan,True
wikipedia,premier_league,2010/11,Aston Villa,Aston Villa,True
wikipedia,premier_league,2010/11,Blackburn Rovers,Blackburn,True
wikipedia,premier_league,2010/11,Fulham,Fulham,True
wikipedia,premier_league,2010/11,Liverpool,Liverpool,True
wikipedia,premier_league,2010/11,Newcastle United,Newcastle,True
wikipedia,premier_league,2010/11,West Bromwich Albion,West Brom,True
wikipedia,premier_league,2010/11,West Ham United,West Ham,True
wikipedia,premier_league,2011/12,Aston Villa,Aston Villa,True
wikipedia,premier_league,2011/12,Chelsea,Chelsea,True
wikipedia,premier_league,2011/12,Fulham,Fulham,True
wikipedia,premier_league,2011/12,Queens Park Rangers,QPR,True
wikipedia,premier_league,2011/12,Sunderland,Sunderland,True
wikipedia,premier_league,2011/12,Wolverhampton Wanderers,Wolves,True
wikipedia,premier_league,2012/13,Aston Villa,Aston Villa,True
wikipedia,premier_league,2012/13,Chelsea,Chelsea,True
wikipedia,premier_league,2012/13,Liverpool,Liverpool,True
wikipedia,premier_league,2012/13,Manchester City,Man City,True
wikipedia,premier_league,2012/13,Norwich City,Norwich,True
wikipedia,premier_league,2012/13,Queens Park Rangers,QPR,True
wikipedia,premier_league,2012/13,Reading,Reading,True
wikipedia,premier_league,2012/13,Southampton,Southampton,True
wikipedia,premier_league,2012/13,Sunderland,Sunderland,True
wikipedia,premier_league,2012/13,Swansea City,Swansea,True
wikipedia,premier_league,2012/13,Tottenham Hotspur,Tottenham,True
wikipedia,premier_league,2012/13,West Bromwich Albion,West Brom,True
wikipedia,premier_league,2013/14,Cardiff City,Cardiff,True
wikipedia,premier_league,2013/14,Chelsea,Chelsea,True
wikipedia,premier_league,2013/14,Crystal Palace,Crystal Palace,True
wikipedia,premier_league,2013/14,Everton,Everton,True
wikipedia,premier_league,2013/14,Fulham,Fulham,True
wikipedia,premier_league,2013/14,Manchester City,Man City,True
wikipedia,premier_league,2013/14,Manchester United,Man United,True
wikipedia,premier_league,2013/14,Norwich City,Norwich,True
wikipedia,premier_league,2013/14,Stoke City,Stoke,True
wikipedia,premier_league,2013/14,Sunderland,Sunderland,True
wikipedia,premier_league,2013/14,Swansea City,Swansea,True
wikipedia,premier_league,2013/14,Tottenham Hotspur,Tottenham,True
wikipedia,premier_league,2013/14,West Bromwich Albion,West Brom,True
wikipedia,premier_league,2014/15,Aston Villa,Aston Villa,True
wikipedia,premier_league,2014/15,Crystal Palace,Crystal Palace,True
wikipedia,premier_league,2014/15,Newcastle United,Newcastle,True
wikipedia,premier_league,2014/15,Queens Park Rangers,QPR,True
wikipedia,premier_league,2014/15,Southampton,Southampton,True
wikipedia,premier_league,2014/15,Sunderland,Sunderland,True
wikipedia,premier_league,2014/15,Tottenham Hotspur,Tottenham,True
wikipedia,premier_league,2014/15,West Bromwich Albion,West Brom,True
wikipedia,premier_league,2015/16,Aston Villa,Aston Villa,True
wikipedia,premier_league,2015/16,Chelsea,Chelsea,True
wikipedia,premier_league,2015/16,Everton,Everton,True
wikipedia,premier_league,2015/16,Leicester City,Leicester,True
wikipedia,premier_league,2015/16,Liverpool,Liverpool,True
wikipedia,premier_league,2015/16,Newcastle United,Newcastle,True
wikipedia,premier_league,2015/16,Sunderland,Sunderland,True
wikipedia,premier_league,2015/16,Swansea City,Swansea,True
wikipedia,premier_league,2015/16,Watford,Watford,True
wikipedia,premier_league,2015/16,West Ham United,West Ham,True
wikipedia,premier_league,2016/17,Chelsea,Chelsea,True
wikipedia,premier_league,2016/17,Crystal Palace,Crystal Palace,True
wikipedia,premier_league,2016/17,Everton,Everton,True
wikipedia,premier_league,2016/17,Hull City,Hull,True
wikipedia,premier_league,2016/17,Leicester City,Leicester,True
wikipedia,premier_league,2016/17,Manchester City,Man City,True
wikipedia,premier_league,2016/17,Manchester United,Man United,True
wikipedia,premier_league,2016/17,Middlesbrough,Middlesbrough,True
wikipedia,premier_league,2016/17,Southampton,Southampton,True
wikipedia,premier_league,2016/17,Sunderland,Sunderland,True
wikipedia,premier_league,2016/17,Swansea City,Swansea,True
wikipedia,premier_league,2016/17,Watford,Watford,True
wikipedia,premier_league,2017/18,Crystal Palace,Crystal Palace,True
wikipedia,premier_league,2017/18,Everton,Everton,True
wikipedia,premier_league,2017/18,Leicester City,Leicester,True
wikipedia,premier_league,2017/18,Southampton,Southampton,True
wikipedia,premier_league,2017/18,Stoke City,Stoke,True
wikipedia,premier_league,2017/18,Swansea City,Swansea,True
wikipedia,premier_league,2017/18,Watford,Watford,True
wikipedia,premier_league,2017/18,West Bromwich Albion,West Brom,True
wikipedia,premier_league,2017/18,West Ham United,West Ham,True
wikipedia,premier_league,2018/19,Arsenal,Arsenal,True
wikipedia,premier_league,2018/19,Chelsea,Chelsea,True
wikipedia,premier_league,2018/19,Everton,Everton,True
wikipedia,premier_league,2018/19,Fulham,Fulham,True
wikipedia,premier_league,2018/19,Huddersfield Town,Huddersfield,True
wikipedia,premier_league,2018/19,Leicester City,Leicester,True
wikipedia,premier_league,2018/19,Manchester United,Man United,True
wikipedia,premier_league,2018/19,Southampton,Southampton,True
wikipedia,premier_league,2018/19,West Ham United,West Ham,True
wikipedia,premier_league,2019/20,Arsenal,Arsenal,True
wikipedia,premier_league,2019/20,Brighton & Hove Albion,Brighton,True
wikipedia,premier_league,2019/20,Chelsea,Chelsea,True
wikipedia,premier_league,2019/20,Everton,Everton,True
wikipedia,premier_league,2019/20,Newcastle United,Newcastle,True
wikipedia,premier_league,2019/20,Tottenham Hotspur,Tottenham,True
wikipedia,premier_league,2019/20,Watford,Watford,True
wikipedia,premier_league,2019/20,West Ham United,West Ham,True
wikipedia,premier_league,2020/21,Chelsea,Chelsea,True
wikipedia,premier_league,2020/21,Sheffield United,Sheffield United,True
wikipedia,premier_league,2020/21,Tottenham Hotspur,Tottenham,True
wikipedia,premier_league,2020/21,West Bromwich Albion,West Brom,True
wikipedia,premier_league,2021/22,Aston Villa,Aston Villa,True
wikipedia,premier_league,2021/22,Burnley,Burnley,True
wikipedia,premier_league,2021/22,Crystal Palace,Crystal Palace,True
wikipedia,premier_league,2021/22,Everton,Everton,True
wikipedia,premier_league,2021/22,Leeds United,Leeds,True
wikipedia,premier_league,2021/22,Manchester United,Man United,True
wikipedia,premier_league,2021/22,Newcastle United,Newcastle,True
wikipedia,premier_league,2021/22,Norwich City,Norwich,True
wikipedia,premier_league,2021/22,Tottenham Hotspur,Tottenham,True
wikipedia,premier_league,2021/22,Watford,Watford,True
wikipedia,premier_league,2021/22,Wolverhampton Wanderers,Wolves,True
wikipedia,premier_league,2022/23,Aston Villa,Aston Villa,True
wikipedia,premier_league,2022/23,Bournemouth,Bournemouth,True
wikipedia,premier_league,2022/23,Brighton & Hove Albion,Brighton,True
wikipedia,premier_league,2022/23,Chelsea,Chelsea,True
wikipedia,premier_league,2022/23,Crystal Palace,Crystal Palace,True
wikipedia,premier_league,2022/23,Everton,Everton,True
wikipedia,premier_league,2022/23,Leeds United,Leeds,True
wikipedia,premier_league,2022/23,Leicester City,Leicester,True
wikipedia,premier_league,2022/23,Manchester United,Man United,True
wikipedia,premier_league,2022/23,Southampton,Southampton,True
wikipedia,premier_league,2022/23,Tottenham Hotspur,Tottenham,True
wikipedia,premier_league,2022/23,Wolverhampton Wanderers,Wolves,True
wikipedia,premier_league,2023/24,Bournemouth,Bournemouth,True
wikipedia,premier_league,2023/24,Chelsea,Chelsea,True
wikipedia,premier_league,2023/24,Crystal Palace,Crystal Palace,True
wikipedia,premier_league,2023/24,Nottingham Forest,Nott'm Forest,True
wikipedia,premier_league,2023/24,Sheffield United,Sheffield United,True
wikipedia,premier_league,2023/24,Tottenham Hotspur,Tottenham,True
wikipedia,premier_league,2023/24,Wolverhampton Wanderers,Wolves,True
wikipedia,premier_league,2024/25,Brighton & Hove Albion,Brighton,True
wikipedia,premier_league,2024/25,Chelsea,Chelsea,True
wikipedia,premier_league,2024/25,Everton,Everton,True
wikipedia,premier_league,2024/25,Leicester City,Leicester,True
wikipedia,premier_league,2024/25,Liverpool,Liverpool,True
wikipedia,premier_league,2024/25,Manchester United,Man United,True
wikipedia,premier_league,2024/25,Southampton,Southampton,True
wikipedia,premier_league,2024/25,West Ham United,West Ham,True
wikipedia,premier_league,2024/25,Wolverhampton Wanderers,Wolves,True
wikipedia,serie_a,2004/05,ACF Fiorentina,Fiorentina,True
wikipedia,serie_a,2004/05,Atalanta BC,Atalanta,True
wikipedia,serie_a,2004/05,Brescia Calcio,Brescia,True
wikipedia,serie_a,2004/05,Chievo Verona,Chievo,True
wikipedia,serie_a,2004/05,SS Lazio,Lazio,True
wikipedia,serie_a,2004/05,AS Livorno,Livorno,True
wikipedia,serie_a,2004/05,Parma FC,Parma,True
wikipedia,serie_a,2004/05,AS Roma,Roma,True
wikipedia,serie_a,2004/05,AC Siena,Siena,True
wikipedia,serie_a,2005/06,Cagliari Calcio,Cagliari,True
wikipedia,serie_a,2005/06,FC Empoli,Empoli,True
wikipedia,serie_a,2005/06,US Lecce,Lecce,True
wikipedia,serie_a,2005/06,AS Livorno,Livorno,True
wikipedia,serie_a,2005/06,FC Messina Peloro,,False
wikipedia,serie_a,2005/06,US Palermo,Palermo,True
wikipedia,serie_a,2005/06,Treviso FBC 1993,,False
wikipedia,serie_a,2005/06,Udinese Calcio,Udinese,True
wikipedia,serie_a,2006/07,Ascoli Calcio 1898,,False
wikipedia,serie_a,2006/07,Cagliari Calcio,Cagliari,True
wikipedia,serie_a,2006/07,Chievo Verona,Chievo,True
wikipedia,serie_a,2006/07,AS Livorno,Livorno,True
wikipedia,serie_a,2006/07,FC Messina Peloro,,False
wikipedia,serie_a,2006/07,US Palermo,Palermo,True
wikipedia,serie_a,2006/07,Parma FC,Parma,True
wikipedia,serie_a,2006/07,Torino FC,Torino,True
wikipedia,serie_a,2006/07,Udinese Calcio,Udinese,True
wikipedia,serie_a,2007/08,Cagliari Calcio,Cagliari,True
wikipedia,serie_a,2007/08,Calcio Catania,Catania,True
wikipedia,serie_a,2007/08,FC Empoli,Empoli,True
wikipedia,serie_a,2007/08,AS Livorno,Livorno,True
wikipedia,serie_a,2007/08,US Palermo,Palermo,True
wikipedia,serie_a,2007/08,Parma FC,Parma,True
wikipedia,serie_a,2007/08,Reggina Calcio,Reggina,True
wikipedia,serie_a,2007/08,AC Siena,Siena,True
wikipedia,serie_a,2007/08,Torino FC,Torino,True
wikipedia,serie_a,2008/09,Bologna,Bologna,True
wikipedia,serie_a,2008/09,Cagliari,Cagliari,True
wikipedia,serie_a,2008/09,Chievo Verona,Chievo,True
wikipedia,serie_a,2008/09,Internazionale,Inter,True
wikipedia,serie_a,2008/09,Juventus,Juventus,True
wikipedia,serie_a,2008/09,Lecce,Lecce,True
wikipedia,serie_a,2008/09,Napoli,Napoli,True
wikipedia,serie_a,2008/09,Palermo,Palermo,True
wikipedia,serie_a,2008/09,Reggina,Reggina,True
wikipedia,serie_a,2008/09,Siena,Siena,True
wikipedia,serie_a,2008/09,Torino,Torino,True
wikipedia,serie_a,2009/10,Atalanta,Atalanta,True
wikipedia,serie_a,2009/10,Bari,Bari,True
wikipedia,serie_a,2009/10,Bologna,Bologna,True
wikipedia,serie_a,2009/10,Cagliari,Cagliari,True
wikipedia,serie_a,2009/10,Catania,Catania,True
wikipedia,serie_a,2009/10,Juventus,Juventus,True
wikipedia,serie_a,2009/10,Lazio,Lazio,True
wikipedia,serie_a,2009/10,Livorno,Livorno,True
wikipedia,serie_a,2009/10,Milan,Milan,True
wikipedia,serie_a,2009/10,Napoli,Napoli,True
wikipedia,serie_a,2009/10,Palermo,Palermo,True
wikipedia,serie_a,2009/10,Roma,Roma,True
wikipedia,serie_a,2009/10,Sampdoria,Sampdoria,True
wikipedia,serie_a,2009/10,Siena,Siena,True
wikipedia,serie_a,2009/10,Udinese,Udinese,True
wikipedia,serie_a,2010/11,Bari,Bari,True
wikipedia,serie_a,2010/11,Bologna,Bologna,True
wikipedia,serie_a,2010/11,Brescia,Brescia,True
wikipedia,serie_a,2010/11,Cagliari,Cagliari,True
wikipedia,serie_a,2010/11,Catania,Catania,True
wikipedia,serie_a,2010/11,Cesena,Cesena,True
wikipedia,serie_a,2010/11,ChievoVerona,Chievo,True
wikipedia,serie_a,2010/11,Fiorentina,Fiorentina,True
wikipedia,serie_a,2010/11,Genoa,Genoa,True
wikipedia,serie_a,2010/11,Internazionale,Inter,True
wikipedia,serie_a,2010/11,Juventus,Juventus,True
wikipedia,serie_a,2010/11,Milan,Milan,True
wikipedia,serie_a,2010/11,Palermo,Palermo,True
wikipedia,serie_a,2010/11,Parma,Parma,True
wikipedia,serie_a,2010/11,Roma,Roma,True
wikipedia,serie_a,2010/11,Sampdoria,Sampdoria,True
wikipedia,serie_a,2010/11,Udinese,Udinese,True
wikipedia,serie_a,2011/12,Bologna,Bologna,True
wikipedia,serie_a,2011/12,Cagliari,Cagliari,True
wikipedia,serie_a,2011/12,Catania,Catania,True
wikipedia,serie_a,2011/12,Cesena,Cesena,True
wikipedia,serie_a,2011/12,Chievo,Chievo,True
wikipedia,serie_a,2011/12,Fiorentina,Fiorentina,True
wikipedia,serie_a,2011/12,Genoa,Genoa,True
wikipedia,serie_a,2011/12,Internazionale,Inter,True
wikipedia,serie_a,2011/12,Juventus,Juventus,True
wikipedia,serie_a,2011/12,Lecce,Lecce,True
wikipedia,serie_a,2011/12,Novara,Novara,True
wikipedia,serie_a,2011/12,Palermo,Palermo,True
wikipedia,serie_a,2011/12,Parma,Parma,True
wikipedia,serie_a,2011/12,Roma,Roma,True
wikipedia,serie_a,2011/12,Siena,Siena,True
wikipedia,serie_a,2012/13,Cagliari,Cagliari,True
wikipedia,serie_a,2012/13,Catania,Catania,True
wikipedia,serie_a,2012/13,Chievo,Chievo,True
wikipedia,serie_a,2012/13,Fiorentina,Fiorentina,True
wikipedia,serie_a,2012/13,Genoa,Genoa,True
wikipedia,serie_a,2012/13,Lazio,Lazio,True
wikipedia,serie_a,2012/13,Palermo,Palermo,True
wikipedia,serie_a,2012/13,Pescara,Pescara,True
wikipedia,serie_a,2012/13,Roma,Roma,True
wikipedia,serie_a,2012/13,Sampdoria,Sampdoria,True
wikipedia,serie_a,2012/13,Siena,Siena,True
wikipedia,serie_a,2013/14,Bologna,Bologna,True
wikipedia,serie_a,2013/14,Cagliari,Cagliari,True
wikipedia,serie_a,2013/14,Catania,Catania,True
wikipedia,serie_a,2013/14,Chievo,Chievo,True
wikipedia,serie_a,2013/14,Genoa,Genoa,True
wikipedia,serie_a,2013/14,Internazionale,Inter,True
wikipedia,serie_a,2013/14,Lazio,Lazio,True
wikipedia,serie_a,2013/14,Livorno,Livorno,True
wikipedia,serie_a,2013/14,Milan,Milan,True
wikipedia,serie_a,2013/14,Napoli,Napoli,True
wikipedia,serie_a,2013/14,Roma,Roma,True
wikipedia,serie_a,2013/14,Sampdoria,Sampdoria,True
wikipedia,serie_a,2013/14,Sassuolo,Sassuolo,True
wikipedia,serie_a,2014/15,Atalanta,Atalanta,True
wikipedia,serie_a,2014/15,Cagliari,Cagliari,True
wikipedia,serie_a,2014/15,Cesena,Cesena,True
wikipedia,serie_a,2014/15,Chievo,Chievo,True
wikipedia,serie_a,2014/15,Internazionale,Inter,True
wikipedia,serie_a,2014/15,Juventus,Juventus,True
wikipedia,serie_a,2014/15,Lazio,Lazio,True
wikipedia,serie_a,2014/15,Milan,Milan,True
wikipedia,serie_a,2014/15,Udinese,Udinese,True
wikipedia,serie_a,2015/16,Bologna,Bologna,True
wikipedia,serie_a,2015/16,Carpi,Carpi,True
wikipedia,serie_a,2015/16,Empoli,Empoli,True
wikipedia,serie_a,2015/16,Fiorentina,Fiorentina,True
wikipedia,serie_a,2015/16,Hellas Verona,Verona,True
wikipedia,serie_a,2015/16,Lazio,Lazio,True
wikipedia,serie_a,2015/16,Milan,Milan,True
wikipedia,serie_a,2015/16,Napoli,Napoli,True
wikipedia,serie_a,2015/16,Palermo,Palermo,True
wikipedia,serie_a,2015/16,Roma,Roma,True
wikipedia,serie_a,2015/16,Sampdoria,Sampdoria,True
wikipedia,serie_a,2015/16,Udinese,Udinese,True
wikipedia,serie_a,2016/17,Atalanta,Atalanta,True
wikipedia,serie_a,2016/17,Crotone,Crotone,True
wikipedia,serie_a,2016/17,Empoli,Empoli,True
wikipedia,serie_a,2016/17,Genoa,Genoa,True
wikipedia,serie_a,2016/17,Internazionale,Inter,True
wikipedia,serie_a,2016/17,Lazio,Lazio,True
wikipedia,serie_a,2016/17,Milan,Milan,True
wikipedia,serie_a,2016/17,Palermo,Palermo,True
wikipedia,serie_a,2016/17,Pescara,Pescara,True
wikipedia,serie_a,2016/17,Sampdoria,Sampdoria,True
wikipedia,serie_a,2016/17,Torino,Torino,True
wikipedia,serie_a,2016/17,Udinese,Udinese,True
wikipedia,serie_a,2017/18,Benevento,Benevento,True
wikipedia,serie_a,2017/18,Cagliari,Cagliari,True
wikipedia,serie_a,2017/18,Chievo,Chievo,True
wikipedia,serie_a,2017/18,Crotone,Crotone,True
wikipedia,serie_a,2017/18,Fiorentina,Fiorentina,True
wikipedia,serie_a,2017/18,Genoa,Genoa,True
wikipedia,serie_a,2017/18,Internazionale,Inter,True
wikipedia,serie_a,2017/18,Milan,Milan,True
wikipedia,serie_a,2017/18,Roma,Roma,True
wikipedia,serie_a,2017/18,Sassuolo,Sassuolo,True
wikipedia,serie_a,2017/18,Torino,Torino,True
wikipedia,serie_a,2017/18,Udinese,Udinese,True
wikipedia,serie_a,2018/19,Bologna,Bologna,True
wikipedia,serie_a,2018/19,Cagliari,Cagliari,True
wikipedia,serie_a,2018/19,Chievo,Chievo,True
wikipedia,serie_a,2018/19,Empoli,Empoli,True
wikipedia,serie_a,2018/19,Fiorentina,Fiorentina,True
wikipedia,serie_a,2018/19,Frosinone,Frosinone,True
wikipedia,serie_a,2018/19,Genoa,Genoa,True
wikipedia,serie_a,2018/19,Napoli,Napoli,True
wikipedia,serie_a,2018/19,Roma,Roma,True
wikipedia,serie_a,2018/19,Sassuolo,Sassuolo,True
wikipedia,serie_a,2018/19,Udinese,Udinese,True
wikipedia,serie_a,2019/20,Brescia,Brescia,True
wikipedia,serie_a,2019/20,Cagliari,Cagliari,True
wikipedia,serie_a,2019/20,Fiorentina,Fiorentina,True
wikipedia,serie_a,2019/20,Genoa,Genoa,True
wikipedia,serie_a,2019/20,Hellas Verona,Verona,True
wikipedia,serie_a,2019/20,Internazionale,Inter,True
wikipedia,serie_a,2019/20,Juventus,Juventus,True
wikipedia,serie_a,2019/20,Milan,Milan,True
wikipedia,serie_a,2019/20,Napoli,Napoli,True
wikipedia,serie_a,2019/20,Roma,Roma,True
wikipedia,serie_a,2019/20,Sampdoria,Sampdoria,True
wikipedia,serie_a,2019/20,SPAL,Spal,True
wikipedia,serie_a,2019/20,Torino,Torino,True
wikipedia,serie_a,2019/20,Udinese,Udinese,True
wikipedia,serie_a,2020/21,Cagliari,Cagliari,True
wikipedia,serie_a,2020/21,Crotone,Crotone,True
wikipedia,serie_a,2020/21,Fiorentina,Fiorentina,True
wikipedia,serie_a,2020/21,Genoa,Genoa,True
wikipedia,serie_a,2020/21,Juventus,Juventus,True
wikipedia,serie_a,2020/21,Parma,Parma,True
wikipedia,serie_a,2020/21,Torino,Torino,True
wikipedia,serie_a,2021/22,Cagliari,Cagliari,True
wikipedia,serie_a,2021/22,Empoli,Empoli,True
wikipedia,serie_a,2021/22,Fiorentina,Fiorentina,True
wikipedia,serie_a,2021/22,Genoa,Genoa,True
wikipedia,serie_a,2021/22,Hellas Verona,Verona,True
wikipedia,serie_a,2021/22,Inter Milan,Inter,True
wikipedia,serie_a,2021/22,Juventus,Juventus,True
wikipedia,serie_a,2021/22,Lazio,Lazio,True
wikipedia,serie_a,2021/22,Napoli,Napoli,True
wikipedia,serie_a,2021/22,Roma,Roma,True
wikipedia,serie_a,2021/22,Salernitana,Salernitana,True
wikipedia,serie_a,2021/22,Sampdoria,Sampdoria,True
wikipedia,serie_a,2021/22,Sassuolo,Sassuolo,True
wikipedia,serie_a,2021/22,Spezia,Spezia,True
wikipedia,serie_a,2021/22,Torino,Torino,True
wikipedia,serie_a,2021/22,Udinese,Udinese,True
wikipedia,serie_a,2021/22,Venezia,Venezia,True
wikipedia,serie_a,2022/23,Bologna,Bologna,True
wikipedia,serie_a,2022/23,Cremonese,Cremonese,True
wikipedia,serie_a,2022/23,Empoli,Empoli,True
wikipedia,serie_a,2022/23,Hellas Verona,Verona,True
wikipedia,serie_a,2022/23,Monza,Monza,True
wikipedia,serie_a,2022/23,Salernitana,Salernitana,True
wikipedia,serie_a,2022/23,Sampdoria,Sampdoria,True
wikipedia,serie_a,2022/23,Spezia,Spezia,True
wikipedia,serie_a,2022/23,Udinese,Udinese,True
wikipedia,serie_a,2023/24,Empoli,Empoli,True
wikipedia,serie_a,2023/24,Frosinone,Frosinone,True
wikipedia,serie_a,2023/24,Hellas Verona,Verona,True
wikipedia,serie_a,2023/24,Juventus,Juventus,True
wikipedia,serie_a,2023/24,Lazio,Lazio,True
wikipedia,serie_a,2023/24,Lecce,Lecce,True
wikipedia,serie_a,2023/24,Napoli,Napoli,True
wikipedia,serie_a,2023/24,Roma,Roma,True
wikipedia,serie_a,2023/24,Salernitana,Salernitana,True
wikipedia,serie_a,2023/24,Sassuolo,Sassuolo,True
wikipedia,serie_a,2023/24,Udinese,Udinese,True
wikipedia,serie_a,2024/25,Bologna,Bologna,True
wikipedia,serie_a,2024/25,Cagliari,Cagliari,True
wikipedia,serie_a,2024/25,Como,Como,True
wikipedia,serie_a,2024/25,Empoli,Empoli,True
wikipedia,serie_a,2024/25,Fiorentina,Fiorentina,True
wikipedia,serie_a,2024/25,Genoa,Genoa,True
wikipedia,serie_a,2024/25,Hellas Verona,Verona,True
wikipedia,serie_a,2024/25,Juventus,Juventus,True
wikipedia,serie_a,2024/25,Lazio,Lazio,True
wikipedia,serie_a,2024/25,Lecce,Lecce,True
wikipedia,serie_a,2024/25,AC Milan,Milan,True
wikipedia,serie_a,2024/25,Monza,Monza,True
wikipedia,serie_a,2024/25,Napoli,Napoli,True
wikipedia,serie_a,2024/25,Parma,Parma,True
wikipedia,serie_a,2024/25,Roma,Roma,True
wikipedia,serie_a,2024/25,Torino,Torino,True
wikipedia,serie_a,2024/25,Udinese,Udinese,True
wikipedia,serie_a,2024/25,Venezia,Venezia,True
transfermarkt,premier_league,2004/05,Portsmouth FC,Portsmouth,True
transfermarkt,premier_league,2004/05,Manchester City,Man City,True
transfermarkt,premier_league,2004/05,Southampton FC,Southampton,True
transfermarkt,premier_league,2004/05,West Bromwich Albion,West Brom,True
transfermarkt,premier_league,2004/05,Tottenham Hotspur,Tottenham,True
transfermarkt,premier_league,2004/05,Blackburn Rovers,Blackburn,True
transfermarkt,premier_league,2004/05,Newcastle United,Newcastle,True
transfermarkt,premier_league,2005/06,Charlton Athletic,Charlton,True
transfermarkt,premier_league,2005/06,Middlesbrough FC,Middlesbrough,True
transfermarkt,premier_league,2005/06,Sunderland AFC,Sunderland,True
transfermarkt,premier_league,2005/06,Newcastle United,Newcastle,True
transfermarkt,premier_league,2005/06,Portsmouth FC,Portsmouth,True
transfermarkt,premier_league,2006/07,Manchester City,Man City,True
transfermarkt,premier_league,2006/07,Wigan Athletic,Wigan,True
transfermarkt,premier_league,2006/07,Newcastle United,Newcastle,True
transfermarkt,premier_league,2006/07,Bolton Wanderers,Bolton,True
transfermarkt,premier_league,2006/07,Fulham FC,Fulham,True
transfermarkt,premier_league,2006/07,Charlton Athletic,Charlton,True
transfermarkt,premier_league,2006/07,West Ham United,West Ham,True
transfermarkt,premier_league,2006/07,Aston Villa,Aston Villa,True
transfermarkt,premier_league,2007/08,Blackburn Rovers,Blackburn,True
transfermarkt,premier_league,2007/08,Manchester City,Man City,True
transfermarkt,premier_league,2007/08,Chelsea FC,Chelsea,True
transfermarkt,premier_league,2007/08,Newcastle United,Newcastle,True
transfermarkt,premier_league,2007/08,Fulham FC,Fulham,True
transfermarkt,premier_league,2007/08,Birmingham City,Birmingham,True
transfermarkt,premier_league,2007/08,Derby County,Derby,True
transfermarkt,premier_league,2007/08,Wigan Athletic,Wigan,True
transfermarkt,premier_league,2007/08,Tottenham Hotspur,Tottenham,True
transfermarkt,premier_league,2007/08,Bolton Wanderers,Bolton,True
transfermarkt,premier_league,2008/09,Wigan Athletic,Wigan,True
transfermarkt,premier_league,2008/09,West Bromwich Albion,West Brom,True
transfermarkt,premier_league,2008/09,Chelsea FC,Chelsea,True
transfermarkt,premier_league,2008/09,Newcastle United,Newcastle,True
transfermarkt,premier_league,2008/09,Sunderland AFC,Sunderland,True
transfermarkt,premier_league,2008/09,Portsmouth FC,Portsmouth,True
transfermarkt,premier_league,2008/09,Blackburn Rovers,Blackburn,True
transfermarkt,premier_league,2008/09,Tottenham Hotspur,Tottenham,True
transfermarkt,premier_league,2008/09,West Ham United,West Ham,True
transfermarkt,premier_league,2009/10,Liverpool FC,Liverpool,True
transfermarkt,premier_league,2009/10,Fulham FC,Fulham,True
transfermarkt,premier_league,2009/10,Portsmouth FC,Portsmouth,True
transfermarkt,premier_league,2009/10,Hull City,Hull,True
transfermarkt,premier_league,2009/10,West Ham United,West Ham,True
transfermarkt,premier_league,2009/10,Burnley FC,Burnley,True
transfermarkt,premier_league,2009/10,Bolton Wanderers,Bolton,True
transfermarkt,premier_league,2009/10,Manchester City,Man City,True
transfermarkt,premier_league,2010/11,Chelsea FC,Chelsea,True
transfermarkt,premier_league,2010/11,Birmingham City,Birmingham,True
transfermarkt,premier_league,2010/11,Fulham FC,Fulham,True
transfermarkt,premier_league,2010/11,Aston Villa,Aston Villa,True
transfermarkt,premier_league,2010/11,West Ham United,West Ham,True
transfermarkt,premier_league,2010/11,West Bromwich Albion,West Brom,True
transfermarkt,premier_league,2010/11,Liverpool FC,Liverpool,True
transfermarkt,premier_league,2010/11,Blackburn Rovers,Blackburn,True
transfermarkt,premier_league,2010/11,Newcastle United,Newcastle,True
transfermarkt,premier_league,2011/12,Liverpool FC,Liverpool,True
transfermarkt,premier_league,2011/12,Wolverhampton Wanderers,Wolves,True
transfermarkt,premier_league,2011/12,Chelsea FC,Chelsea,True
transfermarkt,premier_league,2011/12,Swansea City,Swansea,True
transfermarkt,premier_league,2011/12,Tottenham Hotspur,Tottenham,True
transfermarkt,premier_league,2011/12,Norwich City,Norwich,True
transfermarkt,premier_league,2011/12,West Bromwich Albion,West Brom,True
transfermarkt,premier_league,2011/12,Aston Villa,Aston Villa,True
transfermarkt,premier_league,2011/12,Queens Park Rangers,QPR,True
transfermarkt,premier_league,2011/12,Sunderland AFC,Sunderland,True
transfermarkt,premier_league,2012/13,Everton FC,Everton,True
transfermarkt,premier_league,2012/13,Manchester City,Man City,True
transfermarkt,premier_league,2012/13,Chelsea FC,Chelsea,True
transfermarkt,premier_league,2012/13,Manchester United,Man United,True
transfermarkt,premier_league,2012/13,Wigan Athletic,Wigan,True
transfermarkt,premier_league,2012/13,Stoke City,Stoke,True
transfermarkt,premier_league,2012/13,Sunderland AFC,Sunderland,True
transfermarkt,premier_league,2012/13,Reading FC,Reading,True
transfermarkt,premier_league,2012/13,Southampton FC,Southampton,True
transfermarkt,premier_league,2012/13,Queens Park Rangers,QPR,True
transfermarkt,premier_league,2013/14,Southampton FC,Southampton,True
transfermarkt,premier_league,2013/14,Tottenham Hotspur,Tottenham,True
transfermarkt,premier_league,2013/14,West Bromwich Albion,West Brom,True
transfermarkt,premier_league,2013/14,Manchester United,Man United,True
transfermarkt,premier_league,2013/14,Norwich City,Norwich,True
transfermarkt,premier_league,2013/14,Fulham FC,Fulham,True
transfermarkt,premier_league,2013/14,Swansea City,Swansea,True
transfermarkt,premier_league,2013/14,Cardiff City,Cardiff,True
transfermarkt,premier_league,2013/14,Crystal Palace,Crystal Palace,True
transfermarkt,premier_league,2013/14,Sunderland AFC,Sunderland,True
transfermarkt,premier_league,2014/15,West Ham United,West Ham,True
transfermarkt,premier_league,2014/15,Leicester City,Leicester,True
transfermarkt,premier_league,2014/15,Newcastle United,Newcastle,True
transfermarkt,premier_league,2014/15,Queens Park Rangers,QPR,True
transfermarkt,premier_league,2014/15,Sunderland AFC,Sunderland,True
transfermarkt,premier_league,2014/15,Aston Villa,Aston Villa,True
transfermarkt,premier_league,2014/15,Crystal Palace,Crystal Palace,True
transfermarkt,premier_league,2014/15,West Bromwich Albion,West Brom,True
transfermarkt,premier_league,2015/16,Watford FC,Watford,True
transfermarkt,premier_league,2015/16,Southampton FC,Southampton,True
transfermarkt,premier_league,2015/16,Manchester City,Man City,True
transfermarkt,premier_league,2015/16,Chelsea FC,Chelsea,True
transfermarkt,premier_league,2015/16,Everton FC,Everton,True
transfermarkt,premier_league,2015/16,Aston Villa,Aston Villa,True
transfermarkt,premier_league,2015/16,Manchester United,Man United,True
transfermarkt,premier_league,2015/16,Newcastle United,Newcastle,True
transfermarkt,premier_league,2015/16,Swansea City,Swansea,True
transfermarkt,premier_league,2015/16,Sunderland AFC,Sunderland,True
transfermarkt,premier_league,2015/16,Liverpool FC,Liverpool,True
transfermarkt,premier_league,2016/17,Hull City,Hull,True
transfermarkt,premier_league,2016/17,Southampton FC,Southampton,True
transfermarkt,premier_league,2016/17,Middlesbrough FC,Middlesbrough,True
transfermarkt,premier_league,2016/17,Crystal Palace,Crystal Palace,True
transfermarkt,premier_league,2016/17,Sunderland AFC,Sunderland,True
transfermarkt,premier_league,2016/17,Watford FC,Watford,True
transfermarkt,premier_league,2016/17,Leicester City,Leicester,True
transfermarkt,premier_league,2016/17,Swansea City,Swansea,True
transfermarkt,premier_league,2017/18,Arsenal FC,Arsenal,True
transfermarkt,premier_league,2017/18,Swansea City,Swansea,True
transfermarkt,premier_league,2017/18,Stoke City,Stoke,True
transfermarkt,premier_league,2017/18,Everton FC,Everton,True
transfermarkt,premier_league,2017/18,West Ham United,West Ham,True
transfermarkt,premier_league,2017/18,West Bromwich Albion,West Brom,True
transfermarkt,premier_league,2017/18,Southampton FC,Southampton,True
transfermarkt,premier_league,2017/18,Watford FC,Watford,True
transfermarkt,premier_league,2017/18,Leicester City,Leicester,True
transfermarkt,premier_league,2017/18,Crystal Palace,Crystal Palace,True
transfermarkt,premier_league,2018/19,Chelsea FC,Chelsea,True
transfermarkt,premier_league,2018/19,Newcastle United,Newcastle,True
transfermarkt,premier_league,2018/19,Brighton & Hove Albion,Brighton,True
transfermarkt,premier_league,2018/19,Manchester United,Man United,True
transfermarkt,premier_league,2018/19,Fulham FC,Fulham,True
transfermarkt,premier_league,2018/19,Leicester City,Leicester,True
transfermarkt,premier_league,2018/19,Huddersfield Town,Huddersfield,True
transfermarkt,premier_league,2018/19,Southampton FC,Southampton,True
transfermarkt,premier_league,2019/20,Watford FC,Watford,True
transfermarkt,premier_league,2019/20,West Ham United,West Ham,True
transfermarkt,premier_league,2019/20,Arsenal FC,Arsenal,True
transfermarkt,premier_league,2019/20,Everton FC,Everton,True
transfermarkt,premier_league,2019/20,Tottenham Hotspur,Tottenham,True
transfermarkt,premier_league,2020/21,Everton FC,Everton,True
transfermarkt,premier_league,2020/21,Tottenham Hotspur,Tottenham,True
transfermarkt,premier_league,2020/21,Sheffield United,Sheffield United,True
transfermarkt,premier_league,2020/21,Wolverhampton Wanderers,Wolves,True
transfermarkt,premier_league,2020/21,Crystal Palace,Crystal Palace,True
transfermarkt,premier_league,2020/21,Fulham FC,Fulham,True
transfermarkt,premier_league,2020/21,West Bromwich Albion,West Brom,True
transfermarkt,premier_league,2020/21,Chelsea FC,Chelsea,True
transfermarkt,premier_league,2021/22,Watford FC,Watford,True
transfermarkt,premier_league,2021/22,Burnley FC,Burnley,True
transfermarkt,premier_league,2021/22,Manchester United,Man United,True
transfermarkt,premier_league,2021/22,Leeds United,Leeds,True
transfermarkt,premier_league,2021/22,Everton FC,Everton,True
transfermarkt,premier_league,2021/22,Aston Villa,Aston Villa,True
transfermarkt,premier_league,2021/22,Newcastle United,Newcastle,True
transfermarkt,premier_league,2021/22,Norwich City,Norwich,True
transfermarkt,premier_league,2021/22,Tottenham Hotspur,Tottenham,True
transfermarkt,premier_league,2022/23,Leicester City,Leicester,True
transfermarkt,premier_league,2022/23,Chelsea FC,Chelsea,True
transfermarkt,premier_league,2022/23,Leeds United,Leeds,True
transfermarkt,premier_league,2022/23,Tottenham Hotspur,Tottenham,True
transfermarkt,premier_league,2022/23,Southampton FC,Southampton,True
transfermarkt,premier_league,2022/23,AFC Bournemouth,Bournemouth,True
transfermarkt,premier_league,2022/23,Crystal Palace,Crystal Palace,True
transfermarkt,premier_league,2022/23,Everton FC,Everton,True
transfermarkt,premier_league,2022/23,Wolverhampton Wanderers,Wolves,True
transfermarkt,premier_league,2022/23,Aston Villa,Aston Villa,True
transfermarkt,premier_league,2022/23,Brighton & Hove Albion,Brighton,True
transfermarkt,premier_league,2023/24,Liverpool FC,Liverpool,True
transfermarkt,premier_league,2023/24,West Ham United,West Ham,True
transfermarkt,premier_league,2023/24,Chelsea FC,Chelsea,True
transfermarkt,premier_league,2023/24,Burnley FC,Burnley,True
transfermarkt,premier_league,2023/24,Brighton & Hove Albion,Brighton,True
transfermarkt,premier_league,2023/24,Crystal Palace,Crystal Palace,True
transfermarkt,premier_league,2023/24,Nottingham Forest,Nott'm Forest,True
transfermarkt,premier_league,2023/24,Sheffield United,Sheffield United,True
transfermarkt,premier_league,2023/24,Wolverhampton Wanderers,Wolves,True
transfermarkt,premier_league,2024/25,Brentford FC,Brentford,True
transfermarkt,premier_league,2024/25,Leicester City,Leicester,True
transfermarkt,premier_league,2024/25,Tottenham Hotspur,Tottenham,True
transfermarkt,premier_league,2024/25,Southampton FC,Southampton,True
transfermarkt,premier_league,2024/25,Everton FC,Everton,True
transfermarkt,premier_league,2024/25,West Ham United,West Ham,True
transfermarkt,premier_league,2024/25,Wolverhampton Wanderers,Wolves,True
transfermarkt,premier_league,2024/25,Manchester United,Man United,True
transfermarkt,la_liga,2004/05,CD Numancia,Numancia,True
transfermarkt,la_liga,2004/05,Sevilla FC,Sevilla,True
transfermarkt,la_liga,2004/05,Valencia CF,Valencia,True
transfermarkt,la_liga,2004/05,Athletic Bilbao,Ath Bilbao,True
transfermarkt,la_liga,2004/05,Racing Santander,Santander,True
transfermarkt,la_liga,2004/05,Albacete Balompié,,False
transfermarkt,la_liga,2004/05,Deportivo de La Coruña,La Coruna,True
transfermarkt,la_liga,2004/05,Atlético de Madrid,Ath Madrid,True
transfermarkt,la_liga,2004/05,Getafe CF,Getafe,True
transfermarkt,la_liga,2004/05,Levante UD,Levante,True
transfermarkt,la_liga,2004/05,Málaga CF,Malaga,True
transfermarkt,la_liga,2004/05,Real Madrid,Real Madrid,True
transfermarkt,la_liga,2004/05,RCD Mallorca,Mallorca,True
transfermarkt,la_liga,2005/06,Atlético de Madrid,Ath Madrid,True
transfermarkt,la_liga,2005/06,Málaga CF,Malaga,True
transfermarkt,la_liga,2005/06,Racing Santander,Santander,True
transfermarkt,la_liga,2005/06,Real Madrid,Real Madrid,True
transfermarkt,la_liga,2005/06,CA Osasuna,Osasuna,True
transfermarkt,la_liga,2005/06,Real Betis Balompié,,False
transfermarkt,la_liga,2005/06,RCD Espanyol Barcelona,,False
transfermarkt,la_liga,2005/06,Cádiz CF,Cadiz,True
transfermarkt,la_liga,2005/06,Real Zaragoza,Zaragoza,True
transfermarkt,la_liga,2005/06,Real Sociedad,Sociedad,True
transfermarkt,la_liga,2005/06,Deportivo Alavés,Alaves,True
transfermarkt,la_liga,2005/06,RCD Mallorca,Mallorca,True
transfermarkt,la_liga,2005/06,Athletic Bilbao,Ath Bilbao,True
transfermarkt,la_liga,2006/07,Real Betis Balompié,,False
transfermarkt,la_liga,2006/07,Real Madrid,Real Madrid,True
transfermarkt,la_liga,2006/07,Deportivo de La Coruña,La Coruna,True
transfermarkt,la_liga,2006/07,Gimnàstic de Tarragona,Gimnastic,True
transfermarkt,la_liga,2006/07,Racing Santander,Santander,True
transfermarkt,la_liga,2006/07,Recreativo Huelva,,False
transfermarkt,la_liga,2006/07,Real Sociedad,Sociedad,True
transfermarkt,la_liga,2006/07,Athletic Bilbao,Ath Bilbao,True
transfermarkt,la_liga,2006/07,Celta de Vigo,Celta,True
transfermarkt,la_liga,2006/07,Levante UD,Levante,True
transfermarkt,la_liga,2007/08,FC Barcelona,Barcelona,True
transfermarkt,la_liga,2007/08,Real Zaragoza,Zaragoza,True
transfermarkt,la_liga,2007/08,Getafe CF,Getafe,True
transfermarkt,la_liga,2007/08,Levante UD,Levante,True
transfermarkt,la_liga,2007/08,RCD Espanyol Barcelona,,False
transfermarkt,la_liga,2007/08,UD Almería,Almeria,True
transfermarkt,la_liga,2007/08,Racing Santander,Santander,True
transfermarkt,la_liga,2007/08,Valencia CF,Valencia,True
transfermarkt,la_liga,2007/08,Real Murcia CF,Murcia,True
transfermarkt,la_liga,2007/08,Recreativo Huelva,,False
transfermarkt,la_liga,2007/08,Real Betis Balompié,,False
transfermarkt,la_liga,2007/08,Sevilla FC,Sevilla,True
transfermarkt,la_liga,2008/09,Recreativo Huelva,,False
transfermarkt,la_liga,2008/09,Real Madrid,Real Madrid,True
transfermarkt,la_liga,2008/09,Villarreal CF,Villarreal,True
transfermarkt,la_liga,2008/09,Racing Santander,Santander,True
transfermarkt,la_liga,2008/09,Real Betis Balompié,,False
transfermarkt,la_liga,2008/09,Málaga CF,Malaga,True
transfermarkt,la_liga,2008/09,CD Numancia,Numancia,True
transfermarkt,la_liga,2008/09,Getafe CF,Getafe,True
transfermarkt,la_liga,2008/09,Atlético de Madrid,Ath Madrid,True
transfermarkt,la_liga,2008/09,RCD Espanyol Barcelona,,False
transfermarkt,la_liga,2008/09,UD Almería,Almeria,True
transfermarkt,la_liga,2008/09,CA Osasuna,Osasuna,True
transfermarkt,la_liga,2009/10,Xerez CD,Xerez,True
transfermarkt,la_liga,2009/10,Real Madrid,Real Madrid,True
transfermarkt,la_liga,2009/10,CD Tenerife,Tenerife,True
transfermarkt,la_liga,2009/10,Real Valladolid CF,Valladolid,True
transfermarkt,la_liga,2009/10,Málaga CF,Malaga,True
transfermarkt,la_liga,2009/10,RCD Mallorca,Mallorca,True
transfermarkt,la_liga,2009/10,Sevilla FC,Sevilla,True
transfermarkt,la_liga,2009/10,Villarreal CF,Villarreal,True
transfermarkt,la_liga,2009/10,UD Almería,Almeria,True
transfermarkt,la_liga,2009/10,Real Zaragoza,Zaragoza,True
transfermarkt,la_liga,2009/10,Racing Santander,Santander,True
transfermarkt,la_liga,2009/10,Atlético de Madrid,Ath Madrid,True
transfermarkt,la_liga,2010/11,Athletic Bilbao,Ath Bilbao,True
transfermarkt,la_liga,2010/11,Hércules CF,Hercules,True
transfermarkt,la_liga,2010/11,UD Almería,Almeria,True
transfermarkt,la_liga,2010/11,Getafe CF,Getafe,True
transfermarkt,la_liga,2010/11,Levante UD,Levante,True
transfermarkt,la_liga,2010/11,Racing Santander,Santander,True
transfermarkt,la_liga,2010/11,Sevilla FC,Sevilla,True
transfermarkt,la_liga,2010/11,Real Sociedad,Sociedad,True
transfermarkt,la_liga,2010/11,Deportivo de La Coruña,La Coruna,True
transfermarkt,la_liga,2010/11,Atlético de Madrid,Ath Madrid,True
transfermarkt,la_liga,2010/11,CA Osasuna,Osasuna,True
transfermarkt,la_liga,2010/11,Real Zaragoza,Zaragoza,True
transfermarkt,la_liga,2010/11,Málaga CF,Malaga,True
transfermarkt,la_liga,2011/12,Valencia CF,Valencia,True
transfermarkt,la_liga,2011/12,Granada CF,Granada,True
transfermarkt,la_liga,2011/12,FC Barcelona,Barcelona,True
transfermarkt,la_liga,2011/12,Rayo Vallecano,Vallecano,True
transfermarkt,la_liga,2011/12,Racing Santander,Santander,True
transfermarkt,la_liga,2011/12,Villarreal CF,Villarreal,True
transfermarkt,la_liga,2011/12,Sporting Gijón,Sp Gijon,True
transfermarkt,la_liga,2011/12,Sevilla FC,Sevilla,True
transfermarkt,la_liga,2011/12,Real Zaragoza,Zaragoza,True
transfermarkt,la_liga,2011/12,Atlético de Madrid,Ath Madrid,True
transfermarkt,la_liga,2011/12,RCD Mallorca,Mallorca,True
transfermarkt,la_liga,2012/13,RCD Mallorca,Mallorca,True
transfermarkt,la_liga,2012/13,Real Madrid,Real Madrid,True
transfermarkt,la_liga,2012/13,Athletic Bilbao,Ath Bilbao,True
transfermarkt,la_liga,2012/13,Real Sociedad,Sociedad,True
transfermarkt,la_liga,2012/13,Málaga CF,Malaga,True
transfermarkt,la_liga,2012/13,Valencia CF,Valencia,True
transfermarkt,la_liga,2012/13,Levante UD,Levante,True
transfermarkt,la_liga,2012/13,Real Valladolid CF,Valladolid,True
transfermarkt,la_liga,2012/13,Real Zaragoza,Zaragoza,True
transfermarkt,la_liga,2012/13,Celta de Vigo,Celta,True
transfermarkt,la_liga,2012/13,FC Barcelona,Barcelona,True
transfermarkt,la_liga,2012/13,Deportivo de La Coruña,La Coruna,True
transfermarkt,la_liga,2012/13,Granada CF,Granada,True
transfermarkt,la_liga,2012/13,Sevilla FC,Sevilla,True
transfermarkt,la_liga,2012/13,RCD Espanyol Barcelona,,False
transfermarkt,la_liga,2013/14,FC Barcelona,Barcelona,True
transfermarkt,la_liga,2013/14,CA Osasuna,Osasuna,True
transfermarkt,la_liga,2013/14,Celta de Vigo,Celta,True
transfermarkt,la_liga,2013/14,Málaga CF,Malaga,True
transfermarkt,la_liga,2013/14,Granada CF,Granada,True
transfermarkt,la_liga,2013/14,Real Betis Balompié,,False
transfermarkt,la_liga,2013/14,RCD Espanyol Barcelona,,False
transfermarkt,la_liga,2013/14,Levante UD,Levante,True
transfermarkt,la_liga,2013/14,Real Valladolid CF,Valladolid,True
transfermarkt,la_liga,2013/14,Getafe CF,Getafe,True
transfermarkt,la_liga,2013/14,Valencia CF,Valencia,True
transfermarkt,la_liga,2014/15,Real Madrid,Real Madrid,True
transfermarkt,la_liga,2014/15,Getafe CF,Getafe,True
transfermarkt,la_liga,2014/15,SD Eibar,Eibar,True
transfermarkt,la_liga,2014/15,Elche CF,Elche,True
transfermarkt,la_liga,2014/15,Córdoba CF,Cordoba,True
transfermarkt,la_liga,2014/15,Granada CF,Granada,True
transfermarkt,la_liga,2014/15,Deportivo de La Coruña,La Coruna,True
transfermarkt,la_liga,2014/15,UD Almería,Almeria,True
transfermarkt,la_liga,2014/15,Real Sociedad,Sociedad,True
transfermarkt,la_liga,2014/15,Levante UD,Levante,True
transfermarkt,la_liga,2014/15,Valencia CF,Valencia,True
transfermarkt,la_liga,2015/16,Granada CF,Granada,True
transfermarkt,la_liga,2015/16,Rayo Vallecano,Vallecano,True
transfermarkt,la_liga,2015/16,Sevilla FC,Sevilla,True
transfermarkt,la_liga,2015/16,Levante UD,Levante,True
transfermarkt,la_liga,2015/16,Deportivo de La Coruña,La Coruna,True
transfermarkt,la_liga,2015/16,RCD Espanyol Barcelona,,False
transfermarkt,la_liga,2015/16,Málaga CF,Malaga,True
transfermarkt,la_liga,2015/16,Real Betis Balompié,,False
transfermarkt,la_liga,2015/16,Getafe CF,Getafe,True
transfermarkt,la_liga,2015/16,Valencia CF,Valencia,True
transfermarkt,la_liga,2015/16,Real Madrid,Real Madrid,True
transfermarkt,la_liga,2015/16,Real Sociedad,Sociedad,True
transfermarkt,la_liga,2015/16,UD Las Palmas,Las Palmas,True
transfermarkt,la_liga,2016/17,FC Barcelona,Barcelona,True
transfermarkt,la_liga,2016/17,Deportivo Alavés,Alaves,True
transfermarkt,la_liga,2016/17,Valencia CF,Valencia,True
transfermarkt,la_liga,2016/17,Sporting Gijón,Sp Gijon,True
transfermarkt,la_liga,2016/17,Celta de Vigo,Celta,True
transfermarkt,la_liga,2016/17,Athletic Bilbao,Ath Bilbao,True
transfermarkt,la_liga,2016/17,UD Las Palmas,Las Palmas,True
transfermarkt,la_liga,2016/17,CA Osasuna,Osasuna,True
transfermarkt,la_liga,2016/17,Granada CF,Granada,True
transfermarkt,la_liga,2016/17,Real Betis Balompié,,False
transfermarkt,la_liga,2016/17,Sevilla FC,Sevilla,True
transfermarkt,la_liga,2016/17,Málaga CF,Malaga,True
transfermarkt,la_liga,2016/17,Deportivo de La Coruña,La Coruna,True
transfermarkt,la_liga,2016/17,Villarreal CF,Villarreal,True
transfermarkt,la_liga,2017/18,Girona FC,Girona,True
transfermarkt,la_liga,2017/18,Sevilla FC,Sevilla,True
transfermarkt,la_liga,2017/18,Real Madrid,Real Madrid,True
transfermarkt,la_liga,2017/18,CD Leganés,Leganes,True
transfermarkt,la_liga,2017/18,Málaga CF,Malaga,True
transfermarkt,la_liga,2017/18,Celta de Vigo,Celta,True
transfermarkt,la_liga,2017/18,UD Las Palmas,Las Palmas,True
transfermarkt,la_liga,2017/18,Athletic Bilbao,Ath Bilbao,True
transfermarkt,la_liga,2017/18,Deportivo de La Coruña,La Coruna,True
transfermarkt,la_liga,2017/18,Real Sociedad,Sociedad,True
transfermarkt,la_liga,2017/18,RCD Espanyol Barcelona,,False
transfermarkt,la_liga,2017/18,Levante UD,Levante,True
transfermarkt,la_liga,2017/18,Deportivo Alavés,Alaves,True
transfermarkt,la_liga,2017/18,Villarreal CF,Villarreal,True
transfermarkt,la_liga,2018/19,RCD Espanyol Barcelona,,False
transfermarkt,la_liga,2018/19,Girona FC,Girona,True
transfermarkt,la_liga,2018/19,SD Huesca,Huesca,True
transfermarkt,la_liga,2018/19,Deportivo Alavés,Alaves,True
transfermarkt,la_liga,2018/19,Real Betis Balompié,,False
transfermarkt,la_liga,2018/19,Sevilla FC,Sevilla,True
transfermarkt,la_liga,2018/19,Rayo Vallecano,Vallecano,True
transfermarkt,la_liga,2018/19,Real Madrid,Real Madrid,True
transfermarkt,la_liga,2018/19,Celta de Vigo,Celta,True
transfermarkt,la_liga,2018/19,Villarreal CF,Villarreal,True
transfermarkt,la_liga,2018/19,Real Sociedad,Sociedad,True
transfermarkt,la_liga,2018/19,Athletic Bilbao,Ath Bilbao,True
transfermarkt,la_liga,2019/20,RCD Mallorca,Mallorca,True
transfermarkt,la_liga,2019/20,Valencia CF,Valencia,True
transfermarkt,la_liga,2019/20,Deportivo Alavés,Alaves,True
transfermarkt,la_liga,2019/20,CD Leganés,Leganes,True
transfermarkt,la_liga,2019/20,Real Betis Balompié,,False
transfermarkt,la_liga,2019/20,RCD Espanyol Barcelona,,False
transfermarkt,la_liga,2019/20,FC Barcelona,Barcelona,True
transfermarkt,la_liga,2019/20,Celta de Vigo,Celta,True
transfermarkt,la_liga,2020/21,Real Valladolid CF,Valladolid,True
transfermarkt,la_liga,2020/21,Granada CF,Granada,True
transfermarkt,la_liga,2020/21,SD Huesca,Huesca,True
transfermarkt,la_liga,2020/21,Getafe CF,Getafe,True
transfermarkt,la_liga,2020/21,SD Eibar,Eibar,True
transfermarkt,la_liga,2020/21,Valencia CF,Valencia,True
transfermarkt,la_liga,2020/21,Real Madrid,Real Madrid,True
transfermarkt,la_liga,2020/21,Deportivo Alavés,Alaves,True
transfermarkt,la_liga,2020/21,Elche CF,Elche,True
transfermarkt,la_liga,2020/21,Athletic Bilbao,Ath Bilbao,True
transfermarkt,la_liga,2020/21,Celta de Vigo,Celta,True
transfermarkt,la_liga,2020/21,FC Barcelona,Barcelona,True
transfermarkt,la_liga,2020/21,Villarreal CF,Villarreal,True
transfermarkt,la_liga,2021/22,Levante UD,Levante,True
transfermarkt,la_liga,2021/22,Athletic Bilbao,Ath Bilbao,True
transfermarkt,la_liga,2021/22,RCD Espanyol Barcelona,,False
transfermarkt,la_liga,2021/22,Deportivo Alavés,Alaves,True
transfermarkt,la_liga,2021/22,Valencia CF,Valencia,True
transfermarkt,la_liga,2021/22,Granada CF,Granada,True
transfermarkt,la_liga,2021/22,RCD Mallorca,Mallorca,True
transfermarkt,la_liga,2021/22,Cádiz CF,Cadiz,True
transfermarkt,la_liga,2021/22,Elche CF,Elche,True
transfermarkt,la_liga,2021/22,FC Barcelona,Barcelona,True
transfermarkt,la_liga,2021/22,Getafe CF,Getafe,True
transfermarkt,la_liga,2022/23,Rayo Vallecano,Vallecano,True
transfermarkt,la_liga,2022/23,UD Almería,Almeria,True
transfermarkt,la_liga,2022/23,Celta de Vigo,Celta,True
transfermarkt,la_liga,2022/23,Getafe CF,Getafe,True
transfermarkt,la_liga,2022/23,RCD Espanyol Barcelona,,False
transfermarkt,la_liga,2022/23,Real Valladolid CF,Valladolid,True
transfermarkt,la_liga,2022/23,Sevilla FC,Sevilla,True
transfermarkt,la_liga,2022/23,Elche CF,Elche,True
transfermarkt,la_liga,2022/23,Valencia CF,Valencia,True
transfermarkt,la_liga,2022/23,Villarreal CF,Villarreal,True
transfermarkt,la_liga,2023/24,RCD Mallorca,Mallorca,True
transfermarkt,la_liga,2023/24,Granada CF,Granada,True
transfermarkt,la_liga,2023/24,UD Almería,Almeria,True
transfermarkt,la_liga,2023/24,Cádiz CF,Cadiz,True
transfermarkt,la_liga,2023/24,UD Las Palmas,Las Palmas,True
transfermarkt,la_liga,2023/24,Sevilla FC,Sevilla,True
transfermarkt,la_liga,2023/24,CA Osasuna,Osasuna,True
transfermarkt,la_liga,2023/24,FC Barcelona,Barcelona,True
transfermarkt,la_liga,2023/24,Celta de Vigo,Celta,True
transfermarkt,la_liga,2023/24,Rayo Vallecano,Vallecano,True
transfermarkt,la_liga,2023/24,Villarreal CF,Villarreal,True
transfermarkt,la_liga,2024/25,CA Osasuna,Osasuna,True
transfermarkt,la_liga,2024/25,Real Valladolid CF,Valladolid,True
transfermarkt,la_liga,2024/25,Sevilla FC,Sevilla,True
transfermarkt,la_liga,2024/25,UD Las Palmas,Las Palmas,True
transfermarkt,la_liga,2024/25,Real Sociedad,Sociedad,True
transfermarkt,la_liga,2024/25,CD Leganés,Leganes,True
transfermarkt,la_liga,2024/25,Real Madrid,Real Madrid,True
transfermarkt,la_liga,2024/25,Valencia CF,Valencia,True
transfermarkt,la_liga,2024/25,Deportivo Alavés,Alaves,True
transfermarkt,serie_a,2004/05,SS Lazio,Lazio,True
transfermarkt,serie_a,2004/05,US Lecce,Lecce,True
transfermarkt,serie_a,2004/05,Chievo Verona,Chievo,True
transfermarkt,serie_a,2004/05,Atalanta BC,Atalanta,True
transfermarkt,serie_a,2004/05,US Palermo,Palermo,True
transfermarkt,serie_a,2004/05,ACF Fiorentina,Fiorentina,True
transfermarkt,serie_a,2004/05,Bologna FC 1909,,False
transfermarkt,serie_a,2004/05,Udinese Calcio,Udinese,True
transfermarkt,serie_a,2004/05,Parma FC,Parma,True
transfermarkt,serie_a,2004/05,Brescia Calcio,Brescia,True
transfermarkt,serie_a,2004/05,Cagliari Calcio,Cagliari,True
transfermarkt,serie_a,2004/05,AS Roma,Roma,True
transfermarkt,serie_a,2004/05,AS Livorno,Livorno,True
transfermarkt,serie_a,2004/05,AC Siena,Siena,True
transfermarkt,serie_a,2005/06,AC Siena,Siena,True
transfermarkt,serie_a,2005/06,AS Livorno,Livorno,True
transfermarkt,serie_a,2005/06,FC Messina Peloro,,False
transfermarkt,serie_a,2005/06,US Lecce,Lecce,True
transfermarkt,serie_a,2005/06,Cagliari Calcio,Cagliari,True
transfermarkt,serie_a,2005/06,Parma FC,Parma,True
transfermarkt,serie_a,2005/06,US Palermo,Palermo,True
transfermarkt,serie_a,2005/06,Ascoli Calcio 1898,,False
transfermarkt,serie_a,2005/06,Udinese Calcio,Udinese,True
transfermarkt,serie_a,2005/06,Treviso FBC 1993,,False
transfermarkt,serie_a,2005/06,FC Empoli,Empoli,True
transfermarkt,serie_a,2006/07,Parma FC,Parma,True
transfermarkt,serie_a,2006/07,AC Siena,Siena,True
transfermarkt,serie_a,2006/07,UC Sampdoria,Sampdoria,True
transfermarkt,serie_a,2006/07,Atalanta BC,Atalanta,True
transfermarkt,serie_a,2006/07,Torino FC,Torino,True
transfermarkt,serie_a,2006/07,Udinese Calcio,Udinese,True
transfermarkt,serie_a,2006/07,Ascoli Calcio 1898,,False
transfermarkt,serie_a,2006/07,Chievo Verona,Chievo,True
transfermarkt,serie_a,2006/07,US Palermo,Palermo,True
transfermarkt,serie_a,2006/07,Calcio Catania,Catania,True
transfermarkt,serie_a,2006/07,FC Messina Peloro,,False
transfermarkt,serie_a,2006/07,Reggina Calcio,Reggina,True
transfermarkt,serie_a,2006/07,AS Livorno,Livorno,True
transfermarkt,serie_a,2006/07,Cagliari Calcio,Cagliari,True
transfermarkt,serie_a,2007/08,Inter Milan,Inter,True
transfermarkt,serie_a,2007/08,Parma FC,Parma,True
transfermarkt,serie_a,2007/08,FC Empoli,Empoli,True
transfermarkt,serie_a,2007/08,AC Siena,Siena,True
transfermarkt,serie_a,2007/08,AS Livorno,Livorno,True
transfermarkt,serie_a,2007/08,Cagliari Calcio,Cagliari,True
transfermarkt,serie_a,2007/08,Torino FC,Torino,True
transfermarkt,serie_a,2007/08,Calcio Catania,Catania,True
transfermarkt,serie_a,2007/08,US Palermo,Palermo,True
transfermarkt,serie_a,2007/08,Reggina Calcio,Reggina,True
transfermarkt,serie_a,2008/09,SS Lazio,Lazio,True
transfermarkt,serie_a,2008/09,AC Milan,Milan,True
transfermarkt,serie_a,2008/09,Calcio Catania,Catania,True
transfermarkt,serie_a,2008/09,US Palermo,Palermo,True
transfermarkt,serie_a,2008/09,Atalanta BC,Atalanta,True
transfermarkt,serie_a,2008/09,Reggina Calcio,Reggina,True
transfermarkt,serie_a,2008/09,Torino FC,Torino,True
transfermarkt,serie_a,2008/09,UC Sampdoria,Sampdoria,True
transfermarkt,serie_a,2008/09,Juventus FC,Juventus,True
transfermarkt,serie_a,2008/09,Bologna FC 1909,,False
transfermarkt,serie_a,2008/09,SSC Napoli,Napoli,True
transfermarkt,serie_a,2008/09,US Lecce,Lecce,True
transfermarkt,serie_a,2008/09,Chievo Verona,Chievo,True
transfermarkt,serie_a,2009/10,Inter Milan,Inter,True
transfermarkt,serie_a,2009/10,AS Livorno,Livorno,True
transfermarkt,serie_a,2009/10,Cagliari Calcio,Cagliari,True
transfermarkt,serie_a,2009/10,Atalanta BC,Atalanta,True
transfermarkt,serie_a,2009/10,ACF Fiorentina,Fiorentina,True
transfermarkt,serie_a,2009/10,Udinese Calcio,Udinese,True
transfermarkt,serie_a,2009/10,Chievo Verona,Chievo,True
transfermarkt,serie_a,2009/10,Parma FC,Parma,True
transfermarkt,serie_a,2009/10,Calcio Catania,Catania,True
transfermarkt,serie_a,2009/10,AC Siena,Siena,True
transfermarkt,serie_a,2009/10,Juventus FC,Juventus,True
transfermarkt,serie_a,2009/10,AC Milan,Milan,True
transfermarkt,serie_a,2009/10,UC Sampdoria,Sampdoria,True
transfermarkt,serie_a,2009/10,SS Lazio,Lazio,True
transfermarkt,serie_a,2009/10,US Palermo,Palermo,True
transfermarkt,serie_a,2009/10,Bologna FC 1909,,False
transfermarkt,serie_a,2009/10,SSC Napoli,Napoli,True
transfermarkt,serie_a,2009/10,AS Roma,Roma,True
transfermarkt,serie_a,2010/11,AS Roma,Roma,True
transfermarkt,serie_a,2010/11,Calcio Catania,Catania,True
transfermarkt,serie_a,2010/11,Chievo Verona,Chievo,True
transfermarkt,serie_a,2010/11,Inter Milan,Inter,True
transfermarkt,serie_a,2010/11,AS Bari,Bari,True
transfermarkt,serie_a,2010/11,UC Sampdoria,Sampdoria,True
transfermarkt,serie_a,2010/11,Genoa CFC,Genoa,True
transfermarkt,serie_a,2010/11,Brescia Calcio,Brescia,True
transfermarkt,serie_a,2010/11,US Lecce,Lecce,True
transfermarkt,serie_a,2010/11,US Palermo,Palermo,True
transfermarkt,serie_a,2010/11,Juventus FC,Juventus,True
transfermarkt,serie_a,2010/11,Bologna FC 1909,,False
transfermarkt,serie_a,2010/11,AC Cesena,Cesena,True
transfermarkt,serie_a,2010/11,Parma FC,Parma,True
transfermarkt,serie_a,2010/11,Cagliari Calcio,Cagliari,True
transfermarkt,serie_a,2011/12,Calcio Catania,Catania,True
transfermarkt,serie_a,2011/12,US Lecce,Lecce,True
transfermarkt,serie_a,2011/12,ACF Fiorentina,Fiorentina,True
transfermarkt,serie_a,2011/12,SS Lazio,Lazio,True
transfermarkt,serie_a,2011/12,US Palermo,Palermo,True
transfermarkt,serie_a,2011/12,AC Siena,Siena,True
transfermarkt,serie_a,2011/12,AC Cesena,Cesena,True
transfermarkt,serie_a,2011/12,AS Roma,Roma,True
transfermarkt,serie_a,2011/12,Genoa CFC,Genoa,True
transfermarkt,serie_a,2011/12,Inter Milan,Inter,True
transfermarkt,serie_a,2011/12,Cagliari Calcio,Cagliari,True
transfermarkt,serie_a,2011/12,Novara Calcio 1908,,False
transfermarkt,serie_a,2011/12,Parma FC,Parma,True
transfermarkt,serie_a,2011/12,Bologna FC 1909,,False
transfermarkt,serie_a,2012/13,AS Roma,Roma,True
transfermarkt,serie_a,2012/13,Inter Milan,Inter,True
transfermarkt,serie_a,2012/13,Cagliari Calcio,Cagliari,True
transfermarkt,serie_a,2012/13,Genoa CFC,Genoa,True
transfermarkt,serie_a,2012/13,AC Siena,Siena,True
transfermarkt,serie_a,2012/13,Chievo Verona,Chievo,True
transfermarkt,serie_a,2012/13,Delfino Pescara 1936,,False
transfermarkt,serie_a,2012/13,US Palermo,Palermo,True
transfermarkt,serie_a,2012/13,SSC Napoli,Napoli,True
transfermarkt,serie_a,2012/13,UC Sampdoria,Sampdoria,True
transfermarkt,serie_a,2012/13,Juventus FC,Juventus,True
transfermarkt,serie_a,2013/14,AC Milan,Milan,True
transfermarkt,serie_a,2013/14,Udinese Calcio,Udinese,True
transfermarkt,serie_a,2013/14,Cagliari Calcio,Cagliari,True
transfermarkt,serie_a,2013/14,Bologna FC 1909,,False
transfermarkt,serie_a,2013/14,AS Livorno,Livorno,True
transfermarkt,serie_a,2013/14,SS Lazio,Lazio,True
transfermarkt,serie_a,2013/14,Calcio Catania,Catania,True
transfermarkt,serie_a,2013/14,US Sassuolo,Sassuolo,True
transfermarkt,serie_a,2013/14,UC Sampdoria,Sampdoria,True
transfermarkt,serie_a,2013/14,Chievo Verona,Chievo,True
transfermarkt,serie_a,2013/14,Genoa CFC,Genoa,True
transfermarkt,serie_a,2014/15,AC Milan,Milan,True
transfermarkt,serie_a,2014/15,ACF Fiorentina,Fiorentina,True
transfermarkt,serie_a,2014/15,SSC Napoli,Napoli,True
transfermarkt,serie_a,2014/15,FC Empoli,Empoli,True
transfermarkt,serie_a,2014/15,AC Cesena,Cesena,True
transfermarkt,serie_a,2014/15,Parma FC,Parma,True
transfermarkt,serie_a,2014/15,Cagliari Calcio,Cagliari,True
transfermarkt,serie_a,2014/15,UC Sampdoria,Sampdoria,True
transfermarkt,serie_a,2014/15,Udinese Calcio,Udinese,True
transfermarkt,serie_a,2014/15,Atalanta BC,Atalanta,True
transfermarkt,serie_a,2014/15,Inter Milan,Inter,True
transfermarkt,serie_a,2014/15,Chievo Verona,Chievo,True
transfermarkt,serie_a,2014/15,Juventus FC,Juventus,True
transfermarkt,serie_a,2015/16,AC Milan,Milan,True
transfermarkt,serie_a,2015/16,Frosinone Calcio,Frosinone,True
transfermarkt,serie_a,2015/16,UC Sampdoria,Sampdoria,True
transfermarkt,serie_a,2015/16,FC Empoli,Empoli,True
transfermarkt,serie_a,2015/16,Udinese Calcio,Udinese,True
transfermarkt,serie_a,2015/16,SS Lazio,Lazio,True
transfermarkt,serie_a,2015/16,Hellas Verona,Verona,True
transfermarkt,serie_a,2015/16,Genoa CFC,Genoa,True
transfermarkt,serie_a,2015/16,Torino FC,Torino,True
transfermarkt,serie_a,2015/16,Atalanta BC,Atalanta,True
transfermarkt,serie_a,2015/16,US Palermo,Palermo,True
transfermarkt,serie_a,2015/16,AS Roma,Roma,True
transfermarkt,serie_a,2015/16,Carpi FC 1909,,False
transfermarkt,serie_a,2015/16,Bologna FC 1909,,False
transfermarkt,serie_a,2016/17,Inter Milan,Inter,True
transfermarkt,serie_a,2016/17,AS Roma,Roma,True
transfermarkt,serie_a,2016/17,ACF Fiorentina,Fiorentina,True
transfermarkt,serie_a,2016/17,FC Empoli,Empoli,True
transfermarkt,serie_a,2016/17,US Palermo,Palermo,True
transfermarkt,serie_a,2016/17,US Sassuolo,Sassuolo,True
transfermarkt,serie_a,2016/17,Genoa CFC,Genoa,True
transfermarkt,serie_a,2016/17,Delfino Pescara 1936,,False
transfermarkt,serie_a,2016/17,Udinese Calcio,Udinese,True
transfermarkt,serie_a,2016/17,SS Lazio,Lazio,True
transfermarkt,serie_a,2017/18,Hellas Verona,Verona,True
transfermarkt,serie_a,2017/18,Udinese Calcio,Udinese,True
transfermarkt,serie_a,2017/18,Bologna FC 1909,,False
transfermarkt,serie_a,2017/18,Cagliari Calcio,Cagliari,True
transfermarkt,serie_a,2017/18,Benevento Calcio,Benevento,True
transfermarkt,serie_a,2017/18,FC Crotone,Crotone,True
transfermarkt,serie_a,2017/18,US Sassuolo,Sassuolo,True
transfermarkt,serie_a,2017/18,SSC Napoli,Napoli,True
transfermarkt,serie_a,2017/18,Chievo Verona,Chievo,True
transfermarkt,serie_a,2017/18,Torino FC,Torino,True
transfermarkt,serie_a,2017/18,AC Milan,Milan,True
transfermarkt,serie_a,2017/18,Genoa CFC,Genoa,True
transfermarkt,serie_a,2018/19,AS Roma,Roma,True
transfermarkt,serie_a,2018/19,Inter Milan,Inter,True
transfermarkt,serie_a,2018/19,FC Empoli,Empoli,True
transfermarkt,serie_a,2018/19,Juventus FC,Juventus,True
transfermarkt,serie_a,2018/19,Genoa CFC,Genoa,True
transfermarkt,serie_a,2018/19,UC Sampdoria,Sampdoria,True
transfermarkt,serie_a,2018/19,Frosinone Calcio,Frosinone,True
transfermarkt,serie_a,2018/19,Chievo Verona,Chievo,True
transfermarkt,serie_a,2018/19,AC Milan,Milan,True
transfermarkt,serie_a,2018/19,ACF Fiorentina,Fiorentina,True
transfermarkt,serie_a,2018/19,Udinese Calcio,Udinese,True
transfermarkt,serie_a,2018/19,Bologna FC 1909,,False
transfermarkt,serie_a,2019/20,Genoa CFC,Genoa,True
transfermarkt,serie_a,2019/20,Brescia Calcio (- 2025),,False
transfermarkt,serie_a,2019/20,US Lecce,Lecce,True
transfermarkt,serie_a,2019/20,Cagliari Calcio,Cagliari,True
transfermarkt,serie_a,2019/20,SPAL,Spal,True
transfermarkt,serie_a,2019/20,Torino FC,Torino,True
transfermarkt,serie_a,2019/20,ACF Fiorentina,Fiorentina,True
transfermarkt,serie_a,2019/20,SSC Napoli,Napoli,True
transfermarkt,serie_a,2019/20,Udinese Calcio,Udinese,True
transfermarkt,serie_a,2019/20,AC Milan,Milan,True
transfermarkt,serie_a,2019/20,UC Sampdoria,Sampdoria,True
transfermarkt,serie_a,2020/21,Inter Milan,Inter,True
transfermarkt,serie_a,2020/21,US Sassuolo,Sassuolo,True
transfermarkt,serie_a,2020/21,SSC Napoli,Napoli,True
transfermarkt,serie_a,2020/21,Spezia Calcio,Spezia,True
transfermarkt,serie_a,2020/21,UC Sampdoria,Sampdoria,True
transfermarkt,serie_a,2020/21,Juventus FC,Juventus,True
transfermarkt,serie_a,2020/21,ACF Fiorentina,Fiorentina,True
transfermarkt,serie_a,2020/21,AS Roma,Roma,True
transfermarkt,serie_a,2020/21,SS Lazio,Lazio,True
transfermarkt,serie_a,2020/21,FC Crotone,Crotone,True
transfermarkt,serie_a,2020/21,Benevento Calcio,Benevento,True
transfermarkt,serie_a,2020/21,Torino FC,Torino,True
transfermarkt,serie_a,2020/21,Hellas Verona,Verona,True
transfermarkt,serie_a,2020/21,Parma Calcio 1913,,False
transfermarkt,serie_a,2020/21,Cagliari Calcio,Cagliari,True
transfermarkt,serie_a,2020/21,Genoa CFC,Genoa,True
transfermarkt,serie_a,2021/22,Spezia Calcio,Spezia,True
transfermarkt,serie_a,2021/22,Venezia FC,Venezia,True
transfermarkt,serie_a,2021/22,Udinese Calcio,Udinese,True
transfermarkt,serie_a,2021/22,FC Empoli,Empoli,True
transfermarkt,serie_a,2021/22,Hellas Verona,Verona,True
transfermarkt,serie_a,2021/22,Cagliari Calcio,Cagliari,True
transfermarkt,serie_a,2021/22,US Salernitana 1919,,False
transfermarkt,serie_a,2021/22,UC Sampdoria,Sampdoria,True
transfermarkt,serie_a,2021/22,Genoa CFC,Genoa,True
transfermarkt,serie_a,2022/23,Hellas Verona,Verona,True
transfermarkt,serie_a,2022/23,UC Sampdoria,Sampdoria,True
transfermarkt,serie_a,2022/23,Spezia Calcio,Spezia,True
transfermarkt,serie_a,2022/23,SSC Napoli,Napoli,True
transfermarkt,serie_a,2022/23,US Lecce,Lecce,True
transfermarkt,serie_a,2022/23,US Salernitana 1919,,False
transfermarkt,serie_a,2022/23,US Cremonese,Cremonese,True
transfermarkt,serie_a,2022/23,AC Monza,Monza,True
transfermarkt,serie_a,2022/23,Bologna FC 1909,,False
transfermarkt,serie_a,2023/24,FC Empoli,Empoli,True
transfermarkt,serie_a,2023/24,SSC Napoli,Napoli,True
transfermarkt,serie_a,2023/24,AC Monza,Monza,True
transfermarkt,serie_a,2023/24,Cagliari Calcio,Cagliari,True
transfermarkt,serie_a,2023/24,Bologna FC 1909,,False
transfermarkt,serie_a,2023/24,Juventus FC,Juventus,True
transfermarkt,serie_a,2023/24,Torino FC,Torino,True
transfermarkt,serie_a,2023/24,ACF Fiorentina,Fiorentina,True
transfermarkt,serie_a,2023/24,AC Milan,Milan,True
transfermarkt,serie_a,2023/24,Frosinone Calcio,Frosinone,True
transfermarkt,serie_a,2023/24,Hellas Verona,Verona,True
transfermarkt,serie_a,2023/24,Udinese Calcio,Udinese,True
transfermarkt,serie_a,2023/24,SS Lazio,Lazio,True
transfermarkt,serie_a,2023/24,US Sassuolo,Sassuolo,True
transfermarkt,serie_a,2023/24,US Salernitana 1919,,False
transfermarkt,serie_a,2023/24,US Lecce,Lecce,True
transfermarkt,serie_a,2023/24,AS Roma,Roma,True
transfermarkt,serie_a,2024/25,AC Milan,Milan,True
transfermarkt,serie_a,2024/25,AC Monza,Monza,True
transfermarkt,serie_a,2024/25,AS Roma,Roma,True
transfermarkt,serie_a,2024/25,Venezia FC,Venezia,True
transfermarkt,serie_a,2024/25,FC Empoli,Empoli,True
transfermarkt,serie_a,2024/25,US Lecce,Lecce,True
transfermarkt,serie_a,2024/25,Parma Calcio 1913,,False
transfermarkt,serie_a,2024/25,Torino FC,Torino,True
transfermarkt,serie_a,2024/25,Inter Milan,Inter,True
transfermarkt,serie_a,2024/25,Cagliari Calcio,Cagliari,True
transfermarkt,serie_a,2024/25,SS Lazio,Lazio,True
transfermarkt,serie_a,2024/25,Atalanta BC,Atalanta,True
transfermarkt,serie_a,2024/25,ACF Fiorentina,Fiorentina,True
transfermarkt,serie_a,2024/25,Juventus FC,Juventus,True
transfermarkt,serie_a,2024/25,Genoa CFC,Genoa,True
transfermarkt,bundesliga,2004/05,1.FC Kaiserslautern,Kaiserslautern,True
transfermarkt,bundesliga,2004/05,Arminia Bielefeld,Bielefeld,True
transfermarkt,bundesliga,2004/05,VfL Bochum,Bochum,True
transfermarkt,bundesliga,2004/05,VfB Stuttgart,Stuttgart,True
transfermarkt,bundesliga,2004/05,VfL Wolfsburg,Wolfsburg,True
transfermarkt,bundesliga,2004/05,Borussia Mönchengladbach,M'gladbach,True
transfermarkt,bundesliga,2004/05,FC Hansa Rostock,Hansa Rostock,True
transfermarkt,bundesliga,2004/05,Hamburger SV,Hamburg,True
transfermarkt,bundesliga,2004/05,FC Schalke 04,Schalke 04,True
transfermarkt,bundesliga,2005/06,MSV Duisburg,Duisburg,True
transfermarkt,bundesliga,2005/06,Borussia Mönchengladbach,M'gladbach,True
transfermarkt,bundesliga,2005/06,VfB Stuttgart,Stuttgart,True
transfermarkt,bundesliga,2005/06,FC Schalke 04,Schalke 04,True
transfermarkt,bundesliga,2005/06,VfL Wolfsburg,Wolfsburg,True
transfermarkt,bundesliga,2005/06,1.FC Köln,FC Koln,True
transfermarkt,bundesliga,2005/06,1.FC Kaiserslautern,Kaiserslautern,True
transfermarkt,bundesliga,2005/06,Hannover 96,Hannover,True
transfermarkt,bundesliga,2005/06,1.FC Nuremberg,Nurnberg,True
transfermarkt,bundesliga,2005/06,Bayer 04 Leverkusen,Leverkusen,True
transfermarkt,bundesliga,2006/07,Hertha BSC,Hertha,True
transfermarkt,bundesliga,2006/07,Alemannia Aachen,Aachen,True
transfermarkt,bundesliga,2006/07,VfL Wolfsburg,Wolfsburg,True
transfermarkt,bundesliga,2006/07,Arminia Bielefeld,Bielefeld,True
transfermarkt,bundesliga,2006/07,Borussia Dortmund,Dortmund,True
transfermarkt,bundesliga,2006/07,Borussia Mönchengladbach,M'gladbach,True
transfermarkt,bundesliga,2006/07,Hamburger SV,Hamburg,True
transfermarkt,bundesliga,2006/07,Bayern Munich,Bayern Munich,True
transfermarkt,bundesliga,2006/07,Hannover 96,Hannover,True
transfermarkt,bundesliga,2007/08,Borussia Dortmund,Dortmund,True
transfermarkt,bundesliga,2007/08,Bayern Munich,Bayern Munich,True
transfermarkt,bundesliga,2007/08,FC Schalke 04,Schalke 04,True
transfermarkt,bundesliga,2007/08,Hamburger SV,Hamburg,True
transfermarkt,bundesliga,2007/08,Bayer 04 Leverkusen,Leverkusen,True
transfermarkt,bundesliga,2007/08,1.FC Nuremberg,Nurnberg,True
transfermarkt,bundesliga,2007/08,Arminia Bielefeld,Bielefeld,True
transfermarkt,bundesliga,2007/08,FC Energie Cottbus,Cottbus,True
transfermarkt,bundesliga,2008/09,FC Energie Cottbus,Cottbus,True
transfermarkt,bundesliga,2008/09,VfL Wolfsburg,Wolfsburg,True
transfermarkt,bundesliga,2008/09,VfB Stuttgart,Stuttgart,True
transfermarkt,bundesliga,2008/09,Hamburger SV,Hamburg,True
transfermarkt,bundesliga,2008/09,FC Schalke 04,Schalke 04,True
transfermarkt,bundesliga,2008/09,Bayern Munich,Bayern Munich,True
transfermarkt,bundesliga,2008/09,1.FC Köln,FC Koln,True
transfermarkt,bundesliga,2008/09,Eintracht Frankfurt,Ein Frankfurt,True
transfermarkt,bundesliga,2008/09,Bayer 04 Leverkusen,Leverkusen,True
transfermarkt,bundesliga,2008/09,Borussia Mönchengladbach,M'gladbach,True
transfermarkt,bundesliga,2008/09,Arminia Bielefeld,Bielefeld,True
transfermarkt,bundesliga,2009/10,Hamburger SV,Hamburg,True
transfermarkt,bundesliga,2009/10,Hertha BSC,Hertha,True
transfermarkt,bundesliga,2009/10,VfL Bochum,Bochum,True
transfermarkt,bundesliga,2009/10,VfL Wolfsburg,Wolfsburg,True
transfermarkt,bundesliga,2009/10,Hannover 96,Hannover,True
transfermarkt,bundesliga,2009/10,1.FC Nuremberg,Nurnberg,True
transfermarkt,bundesliga,2009/10,VfB Stuttgart,Stuttgart,True
transfermarkt,bundesliga,2009/10,1.FSV Mainz 05,Mainz,True
transfermarkt,bundesliga,2010/11,TSG 1899 Hoffenheim,Hoffenheim,True
transfermarkt,bundesliga,2010/11,1.FC Köln,FC Koln,True
transfermarkt,bundesliga,2010/11,Bayer 04 Leverkusen,Leverkusen,True
transfermarkt,bundesliga,2010/11,SC Freiburg,Freiburg,True
transfermarkt,bundesliga,2010/11,FC St. Pauli,St Pauli,True
transfermarkt,bundesliga,2010/11,Bayern Munich,Bayern Munich,True
transfermarkt,bundesliga,2010/11,Eintracht Frankfurt,Ein Frankfurt,True
transfermarkt,bundesliga,2010/11,FC Schalke 04,Schalke 04,True
transfermarkt,bundesliga,2010/11,VfL Wolfsburg,Wolfsburg,True
transfermarkt,bundesliga,2010/11,Hamburger SV,Hamburg,True
transfermarkt,bundesliga,2010/11,Borussia Mönchengladbach,M'gladbach,True
transfermarkt,bundesliga,2010/11,VfB Stuttgart,Stuttgart,True
transfermarkt,bundesliga,2011/12,1.FC Köln,FC Koln,True
transfermarkt,bundesliga,2011/12,FC Augsburg,Augsburg,True
transfermarkt,bundesliga,2011/12,Hertha BSC,Hertha,True
transfermarkt,bundesliga,2011/12,1.FC Kaiserslautern,Kaiserslautern,True
transfermarkt,bundesliga,2011/12,Bayer 04 Leverkusen,Leverkusen,True
transfermarkt,bundesliga,2011/12,TSG 1899 Hoffenheim,Hoffenheim,True
transfermarkt,bundesliga,2011/12,SC Freiburg,Freiburg,True
transfermarkt,bundesliga,2011/12,Hamburger SV,Hamburg,True
transfermarkt,bundesliga,2011/12,FC Schalke 04,Schalke 04,True
transfermarkt,bundesliga,2012/13,Bayer 04 Leverkusen,Leverkusen,True
transfermarkt,bundesliga,2012/13,Bayern Munich,Bayern Munich,True
transfermarkt,bundesliga,2012/13,Fortuna Düsseldorf,Fortuna Dusseldorf,True
transfermarkt,bundesliga,2012/13,SV Werder Bremen,Werder Bremen,True
transfermarkt,bundesliga,2012/13,TSG 1899 Hoffenheim,Hoffenheim,True
transfermarkt,bundesliga,2012/13,SpVgg Greuther Fürth,Greuther Furth,True
transfermarkt,bundesliga,2012/13,VfL Wolfsburg,Wolfsburg,True
transfermarkt,bundesliga,2012/13,1.FC Nuremberg,Nurnberg,True
transfermarkt,bundesliga,2012/13,FC Schalke 04,Schalke 04,True
transfermarkt,bundesliga,2013/14,1.FC Nuremberg,Nurnberg,True
transfermarkt,bundesliga,2013/14,Bayer 04 Leverkusen,Leverkusen,True
transfermarkt,bundesliga,2013/14,Eintracht Frankfurt,Ein Frankfurt,True
transfermarkt,bundesliga,2013/14,1.FSV Mainz 05,Mainz,True
transfermarkt,bundesliga,2013/14,VfB Stuttgart,Stuttgart,True
transfermarkt,bundesliga,2013/14,Hamburger SV,Hamburg,True
transfermarkt,bundesliga,2013/14,Hannover 96,Hannover,True
transfermarkt,bundesliga,2014/15,Borussia Dortmund,Dortmund,True
transfermarkt,bundesliga,2014/15,FC Schalke 04,Schalke 04,True
transfermarkt,bundesliga,2014/15,VfB Stuttgart,Stuttgart,True
transfermarkt,bundesliga,2014/15,SC Paderborn 07,,False
transfermarkt,bundesliga,2014/15,Eintracht Frankfurt,Ein Frankfurt,True
transfermarkt,bundesliga,2014/15,Hannover 96,Hannover,True
transfermarkt,bundesliga,2014/15,Hamburger SV,Hamburg,True
transfermarkt,bundesliga,2014/15,1.FSV Mainz 05,Mainz,True
transfermarkt,bundesliga,2014/15,Hertha BSC,Hertha,True
transfermarkt,bundesliga,2014/15,SV Werder Bremen,Werder Bremen,True
transfermarkt,bundesliga,2015/16,Bayern Munich,Bayern Munich,True
transfermarkt,bundesliga,2015/16,FC Schalke 04,Schalke 04,True
transfermarkt,bundesliga,2015/16,Hannover 96,Hannover,True
transfermarkt,bundesliga,2015/16,VfB Stuttgart,Stuttgart,True
transfermarkt,bundesliga,2015/16,SV Darmstadt 98,Darmstadt,True
transfermarkt,bundesliga,2015/16,FC Augsburg,Augsburg,True
transfermarkt,bundesliga,2015/16,FC Ingolstadt 04,,False
transfermarkt,bundesliga,2015/16,Eintracht Frankfurt,Ein Frankfurt,True
transfermarkt,bundesliga,2015/16,TSG 1899 Hoffenheim,Hoffenheim,True
transfermarkt,bundesliga,2015/16,Borussia Mönchengladbach,M'gladbach,True
transfermarkt,bundesliga,2016/17,Bayer 04 Leverkusen,Leverkusen,True
transfermarkt,bundesliga,2016/17,Borussia Dortmund,Dortmund,True
transfermarkt,bundesliga,2016/17,FC Schalke 04,Schalke 04,True
transfermarkt,bundesliga,2016/17,1.FSV Mainz 05,Mainz,True
transfermarkt,bundesliga,2016/17,VfL Wolfsburg,Wolfsburg,True
transfermarkt,bundesliga,2016/17,SV Darmstadt 98,Darmstadt,True
transfermarkt,bundesliga,2016/17,FC Augsburg,Augsburg,True
transfermarkt,bundesliga,2016/17,Borussia Mönchengladbach,M'gladbach,True
transfermarkt,bundesliga,2016/17,FC Ingolstadt 04,,False
transfermarkt,bundesliga,2016/17,SV Werder Bremen,Werder Bremen,True
transfermarkt,bundesliga,2016/17,Hamburger SV,Hamburg,True
transfermarkt,bundesliga,2017/18,Bayern Munich,Bayern Munich,True
transfermarkt,bundesliga,2017/18,1.FC Köln,FC Koln,True
transfermarkt,bundesliga,2017/18,Eintracht Frankfurt,Ein Frankfurt,True
transfermarkt,bundesliga,2017/18,Borussia Dortmund,Dortmund,True
transfermarkt,bundesliga,2017/18,RB Leipzig,RB Leipzig,True
transfermarkt,bundesliga,2017/18,Hamburger SV,Hamburg,True
transfermarkt,bundesliga,2017/18,VfL Wolfsburg,Wolfsburg,True
transfermarkt,bundesliga,2017/18,VfB Stuttgart,Stuttgart,True
transfermarkt,bundesliga,2017/18,SV Werder Bremen,Werder Bremen,True
transfermarkt,bundesliga,2018/19,Hertha BSC,Hertha,True
transfermarkt,bundesliga,2018/19,RB Leipzig,RB Leipzig,True
transfermarkt,bundesliga,2018/19,TSG 1899 Hoffenheim,Hoffenheim,True
transfermarkt,bundesliga,2018/19,VfL Wolfsburg,Wolfsburg,True
transfermarkt,bundesliga,2018/19,VfB Stuttgart,Stuttgart,True
transfermarkt,bundesliga,2018/19,Hannover 96,Hannover,True
transfermarkt,bundesliga,2018/19,FC Schalke 04,Schalke 04,True
transfermarkt,bundesliga,2018/19,Borussia Mönchengladbach,M'gladbach,True
transfermarkt,bundesliga,2018/19,1.FC Nuremberg,Nurnberg,True
transfermarkt,bundesliga,2018/19,FC Augsburg,Augsburg,True
transfermarkt,bundesliga,2018/19,Bayer 04 Leverkusen,Leverkusen,True
transfermarkt,bundesliga,2019/20,TSG 1899 Hoffenheim,Hoffenheim,True
transfermarkt,bundesliga,2019/20,Hertha BSC,Hertha,True
transfermarkt,bundesliga,2019/20,FC Augsburg,Augsburg,True
transfermarkt,bundesliga,2019/20,Fortuna Düsseldorf,Fortuna Dusseldorf,True
transfermarkt,bundesliga,2019/20,1.FC Köln,FC Koln,True
transfermarkt,bundesliga,2019/20,1.FSV Mainz 05,Mainz,True
transfermarkt,bundesliga,2019/20,Bayern Munich,Bayern Munich,True
transfermarkt,bundesliga,2020/21,1.FC Köln,FC Koln,True
transfermarkt,bundesliga,2020/21,RB Leipzig,RB Leipzig,True
transfermarkt,bundesliga,2020/21,VfL Wolfsburg,Wolfsburg,True
transfermarkt,bundesliga,2020/21,Bayern Munich,Bayern Munich,True
transfermarkt,bundesliga,2020/21,Eintracht Frankfurt,Ein Frankfurt,True
transfermarkt,bundesliga,2020/21,Borussia Mönchengladbach,M'gladbach,True
transfermarkt,bundesliga,2020/21,Borussia Dortmund,Dortmund,True
transfermarkt,bundesliga,2020/21,Bayer 04 Leverkusen,Leverkusen,True
transfermarkt,bundesliga,2020/21,SV Werder Bremen,Werder Bremen,True
transfermarkt,bundesliga,2020/21,FC Augsburg,Augsburg,True
transfermarkt,bundesliga,2020/21,Arminia Bielefeld,Bielefeld,True
transfermarkt,bundesliga,2020/21,FC Schalke 04,Schalke 04,True
transfermarkt,bundesliga,2020/21,Hertha BSC,Hertha,True
transfermarkt,bundesliga,2020/21,1.FSV Mainz 05,Mainz,True
transfermarkt,bundesliga,2021/22,Arminia Bielefeld,Bielefeld,True
transfermarkt,bundesliga,2021/22,Borussia Mönchengladbach,M'gladbach,True
transfermarkt,bundesliga,2021/22,Hertha BSC,Hertha,True
transfermarkt,bundesliga,2021/22,SpVgg Greuther Fürth,Greuther Furth,True
transfermarkt,bundesliga,2021/22,FC Augsburg,Augsburg,True
transfermarkt,bundesliga,2021/22,TSG 1899 Hoffenheim,Hoffenheim,True
transfermarkt,bundesliga,2021/22,Borussia Dortmund,Dortmund,True
transfermarkt,bundesliga,2021/22,VfL Wolfsburg,Wolfsburg,True
transfermarkt,bundesliga,2021/22,RB Leipzig,RB Leipzig,True
transfermarkt,bundesliga,2022/23,Eintracht Frankfurt,Ein Frankfurt,True
transfermarkt,bundesliga,2022/23,Borussia Mönchengladbach,M'gladbach,True
transfermarkt,bundesliga,2022/23,Hertha BSC,Hertha,True
transfermarkt,bundesliga,2022/23,VfB Stuttgart,Stuttgart,True
transfermarkt,bundesliga,2022/23,Bayern Munich,Bayern Munich,True
transfermarkt,bundesliga,2022/23,TSG 1899 Hoffenheim,Hoffenheim,True
transfermarkt,bundesliga,2022/23,FC Schalke 04,Schalke 04,True
transfermarkt,bundesliga,2022/23,Bayer 04 Leverkusen,Leverkusen,True
transfermarkt,bundesliga,2022/23,VfL Bochum,Bochum,True
transfermarkt,bundesliga,2022/23,RB Leipzig,RB Leipzig,True
transfermarkt,bundesliga,2023/24,1.FC Köln,FC Koln,True
transfermarkt,bundesliga,2023/24,Borussia Dortmund,Dortmund,True
transfermarkt,bundesliga,2023/24,Bayern Munich,Bayern Munich,True
transfermarkt,bundesliga,2023/24,SC Freiburg,Freiburg,True
transfermarkt,bundesliga,2023/24,VfL Bochum,Bochum,True
transfermarkt,bundesliga,2023/24,1.FC Union Berlin,Union Berlin,True
transfermarkt,bundesliga,2023/24,VfL Wolfsburg,Wolfsburg,True
transfermarkt,bundesliga,2023/24,1.FSV Mainz 05,Mainz,True
transfermarkt,bundesliga,2023/24,FC Augsburg,Augsburg,True
transfermarkt,bundesliga,2024/25,VfL Wolfsburg,Wolfsburg,True
transfermarkt,bundesliga,2024/25,RB Leipzig,RB Leipzig,True
transfermarkt,bundesliga,2024/25,Bayer 04 Leverkusen,Leverkusen,True
transfermarkt,bundesliga,2024/25,SV Werder Bremen,Werder Bremen,True
transfermarkt,bundesliga,2024/25,FC Augsburg,Augsburg,True
transfermarkt,bundesliga,2024/25,Borussia Dortmund,Dortmund,True
transfermarkt,bundesliga,2024/25,1.FC Union Berlin,Union Berlin,True
transfermarkt,bundesliga,2024/25,TSG 1899 Hoffenheim,Hoffenheim,True
transfermarkt,bundesliga,2024/25,VfL Bochum,Bochum,True
transfermarkt,ligue_1,2004/05,AJ Auxerre,Auxerre,True
transfermarkt,ligue_1,2004/05,FC Metz,Metz,True
transfermarkt,ligue_1,2004/05,Olympique Lyon,Lyon,True
transfermarkt,ligue_1,2004/05,FC Girondins Bordeaux,Bordeaux,True
transfermarkt,ligue_1,2004/05,Olympique Marseille,Marseille,True
transfermarkt,ligue_1,2004/05,FC Istres Ouest Provence,,False
transfermarkt,ligue_1,2004/05,SM Caen,Caen,True
transfermarkt,ligue_1,2004/05,OGC Nice,Nice,True
transfermarkt,ligue_1,2004/05,SC Bastia,Bastia,True
transfermarkt,ligue_1,2004/05,Paris Saint-Germain,Paris SG,True
transfermarkt,ligue_1,2004/05,RC Lens,Lens,True
transfermarkt,ligue_1,2004/05,FC Nantes,Nantes,True
transfermarkt,ligue_1,2004/05,RC Strasbourg Alsace,Strasbourg,True
transfermarkt,ligue_1,2004/05,AC Ajaccio,Ajaccio,True
transfermarkt,ligue_1,2005/06,Olympique Marseille,Marseille,True
transfermarkt,ligue_1,2005/06,Stade Rennais FC,Rennes,True
transfermarkt,ligue_1,2005/06,FC Metz,Metz,True
transfermarkt,ligue_1,2005/06,FC Toulouse,Toulouse,True
transfermarkt,ligue_1,2005/06,AS Saint-Étienne,St Etienne,True
transfermarkt,ligue_1,2005/06,RC Strasbourg Alsace,Strasbourg,True
transfermarkt,ligue_1,2005/06,AC Ajaccio,Ajaccio,True
transfermarkt,ligue_1,2005/06,AS Monaco,Monaco,True
transfermarkt,ligue_1,2005/06,AJ Auxerre,Auxerre,True
transfermarkt,ligue_1,2005/06,FC Sochaux-Montbéliard,,False
transfermarkt,ligue_1,2005/06,Paris Saint-Germain,Paris SG,True
transfermarkt,ligue_1,2006/07,FC Girondins Bordeaux,Bordeaux,True
transfermarkt,ligue_1,2006/07,AS Monaco,Monaco,True
transfermarkt,ligue_1,2006/07,AS Saint-Étienne,St Etienne,True
transfermarkt,ligue_1,2006/07,FC Sochaux-Montbéliard,,False
transfermarkt,ligue_1,2006/07,ESTAC Troyes,Troyes,True
transfermarkt,ligue_1,2006/07,Le Mans Union Club 72,,False
transfermarkt,ligue_1,2006/07,RC Lens,Lens,True
transfermarkt,ligue_1,2006/07,Olympique Lyon,Lyon,True
transfermarkt,ligue_1,2006/07,FC Nantes,Nantes,True
transfermarkt,ligue_1,2006/07,Paris Saint-Germain,Paris SG,True
transfermarkt,ligue_1,2006/07,CS Sedan-Ardennes,,False
transfermarkt,ligue_1,2007/08,RC Strasbourg Alsace,Strasbourg,True
transfermarkt,ligue_1,2007/08,RC Lens,Lens,True
transfermarkt,ligue_1,2007/08,Olympique Lyon,Lyon,True
transfermarkt,ligue_1,2007/08,LOSC Lille,Lille,True
transfermarkt,ligue_1,2007/08,Le Mans Union Club 72,,False
transfermarkt,ligue_1,2007/08,FC Toulouse,Toulouse,True
transfermarkt,ligue_1,2007/08,FC Sochaux-Montbéliard,,False
transfermarkt,ligue_1,2007/08,FC Metz,Metz,True
transfermarkt,ligue_1,2007/08,Stade Rennais FC,Rennes,True
transfermarkt,ligue_1,2007/08,Olympique Marseille,Marseille,True
transfermarkt,ligue_1,2008/09,Olympique Marseille,Marseille,True
transfermarkt,ligue_1,2008/09,Stade Rennais FC,Rennes,True
transfermarkt,ligue_1,2008/09,OGC Nice,Nice,True
transfermarkt,ligue_1,2008/09,Paris Saint-Germain,Paris SG,True
transfermarkt,ligue_1,2008/09,FC Nantes,Nantes,True
transfermarkt,ligue_1,2008/09,Le Mans Union Club 72,,False
transfermarkt,ligue_1,2008/09,Valenciennes FC,Valenciennes,True
transfermarkt,ligue_1,2008/09,AS Monaco,Monaco,True
transfermarkt,ligue_1,2008/09,Le Havre AC,Le Havre,True
transfermarkt,ligue_1,2008/09,AS Saint-Étienne,St Etienne,True
transfermarkt,ligue_1,2009/10,FC Girondins Bordeaux,Bordeaux,True
transfermarkt,ligue_1,2009/10,OGC Nice,Nice,True
transfermarkt,ligue_1,2009/10,AS Saint-Étienne,St Etienne,True
transfermarkt,ligue_1,2009/10,Le Mans Union Club 72,,False
transfermarkt,ligue_1,2010/11,Olympique Lyon,Lyon,True
transfermarkt,ligue_1,2010/11,FC Girondins Bordeaux,Bordeaux,True
transfermarkt,ligue_1,2010/11,FC Sochaux-Montbéliard,,False
transfermarkt,ligue_1,2010/11,AS Nancy-Lorraine,,False
transfermarkt,ligue_1,2010/11,Valenciennes FC,Valenciennes,True
transfermarkt,ligue_1,2010/11,AJ Auxerre,Auxerre,True
transfermarkt,ligue_1,2010/11,RC Lens,Lens,True
transfermarkt,ligue_1,2010/11,AS Monaco,Monaco,True
transfermarkt,ligue_1,2010/11,AC Arles-Avignon,Arles,True
transfermarkt,ligue_1,2011/12,SM Caen,Caen,True
transfermarkt,ligue_1,2011/12,AC Ajaccio,Ajaccio,True
transfermarkt,ligue_1,2011/12,Stade Brestois 29,,False
transfermarkt,ligue_1,2011/12,Dijon FCO,Dijon,True
transfermarkt,ligue_1,2011/12,OGC Nice,Nice,True
transfermarkt,ligue_1,2011/12,AJ Auxerre,Auxerre,True
transfermarkt,ligue_1,2011/12,FC Sochaux-Montbéliard,,False
transfermarkt,ligue_1,2011/12,FC Évian Thonon Gaillard,Evian Thonon Gaillard,True
transfermarkt,ligue_1,2011/12,Paris Saint-Germain,Paris SG,True
transfermarkt,ligue_1,2012/13,Stade Rennais FC,Rennes,True
transfermarkt,ligue_1,2012/13,Paris Saint-Germain,Paris SG,True
transfermarkt,ligue_1,2012/13,Montpellier HSC,Montpellier,True
transfermarkt,ligue_1,2012/13,LOSC Lille,Lille,True
transfermarkt,ligue_1,2012/13,AC Ajaccio,Ajaccio,True
transfermarkt,ligue_1,2012/13,Stade Brestois 29,,False
transfermarkt,ligue_1,2012/13,AS Nancy-Lorraine,,False
transfermarkt,ligue_1,2012/13,FC Évian Thonon Gaillard,Evian Thonon Gaillard,True
transfermarkt,ligue_1,2012/13,Olympique Marseille,Marseille,True
transfermarkt,ligue_1,2013/14,Olympique Marseille,Marseille,True
transfermarkt,ligue_1,2013/14,Olympique Lyon,Lyon,True
transfermarkt,ligue_1,2013/14,FC Lorient,Lorient,True
transfermarkt,ligue_1,2013/14,Stade Reims,,False
transfermarkt,ligue_1,2013/14,FC Sochaux-Montbéliard,,False
transfermarkt,ligue_1,2013/14,SC Bastia,Bastia,True
transfermarkt,ligue_1,2013/14,AS Monaco,Monaco,True
transfermarkt,ligue_1,2013/14,FC Girondins Bordeaux,Bordeaux,True
transfermarkt,ligue_1,2013/14,Montpellier HSC,Montpellier,True
transfermarkt,ligue_1,2013/14,AC Ajaccio,Ajaccio,True
transfermarkt,ligue_1,2013/14,Valenciennes FC,Valenciennes,True
transfermarkt,ligue_1,2014/15,LOSC Lille,Lille,True
transfermarkt,ligue_1,2014/15,FC Évian Thonon Gaillard,Evian Thonon Gaillard,True
transfermarkt,ligue_1,2014/15,FC Metz,Metz,True
transfermarkt,ligue_1,2014/15,Stade Reims,,False
transfermarkt,ligue_1,2014/15,FC Toulouse,Toulouse,True
transfermarkt,ligue_1,2014/15,SC Bastia,Bastia,True
transfermarkt,ligue_1,2015/16,FC Girondins Bordeaux,Bordeaux,True
transfermarkt,ligue_1,2015/16,GFC Ajaccio,Ajaccio GFCO,True
transfermarkt,ligue_1,2015/16,Stade Reims,,False
transfermarkt,ligue_1,2015/16,ESTAC Troyes,Troyes,True
transfermarkt,ligue_1,2015/16,FC Nantes,Nantes,True
transfermarkt,ligue_1,2015/16,EA Guingamp,Guingamp,True
transfermarkt,ligue_1,2015/16,OGC Nice,Nice,True
transfermarkt,ligue_1,2015/16,Paris Saint-Germain,Paris SG,True
transfermarkt,ligue_1,2015/16,Olympique Marseille,Marseille,True
transfermarkt,ligue_1,2015/16,FC Toulouse,Toulouse,True
transfermarkt,ligue_1,2015/16,SC Bastia,Bastia,True
transfermarkt,ligue_1,2015/16,Montpellier HSC,Montpellier,True
transfermarkt,ligue_1,2015/16,Stade Rennais FC,Rennes,True
transfermarkt,ligue_1,2015/16,Olympique Lyon,Lyon,True
transfermarkt,ligue_1,2015/16,LOSC Lille,Lille,True
transfermarkt,ligue_1,2016/17,AS Saint-Étienne,St Etienne,True
transfermarkt,ligue_1,2016/17,FC Nantes,Nantes,True
transfermarkt,ligue_1,2016/17,LOSC Lille,Lille,True
transfermarkt,ligue_1,2016/17,SC Bastia,Bastia,True
transfermarkt,ligue_1,2016/17,FC Lorient,Lorient,True
transfermarkt,ligue_1,2016/17,Montpellier HSC,Montpellier,True
transfermarkt,ligue_1,2016/17,Olympique Marseille,Marseille,True
transfermarkt,ligue_1,2016/17,Stade Rennais FC,Rennes,True
transfermarkt,ligue_1,2017/18,FC Nantes,Nantes,True
transfermarkt,ligue_1,2017/18,Paris Saint-Germain,Paris SG,True
transfermarkt,ligue_1,2017/18,OGC Nice,Nice,True
transfermarkt,ligue_1,2017/18,SM Caen,Caen,True
transfermarkt,ligue_1,2017/18,FC Toulouse,Toulouse,True
transfermarkt,ligue_1,2017/18,ESTAC Troyes,Troyes,True
transfermarkt,ligue_1,2017/18,FC Metz,Metz,True
transfermarkt,ligue_1,2017/18,FC Girondins Bordeaux,Bordeaux,True
transfermarkt,ligue_1,2017/18,LOSC Lille,Lille,True
transfermarkt,ligue_1,2017/18,AS Saint-Étienne,St Etienne,True
transfermarkt,ligue_1,2017/18,Stade Rennais FC,Rennes,True
transfermarkt,ligue_1,2018/19,Dijon FCO,Dijon,True
transfermarkt,ligue_1,2018/19,Olympique Lyon,Lyon,True
transfermarkt,ligue_1,2018/19,Olympique Marseille,Marseille,True
transfermarkt,ligue_1,2018/19,AS Saint-Étienne,St Etienne,True
transfermarkt,ligue_1,2018/19,Amiens SC,Amiens,True
transfermarkt,ligue_1,2018/19,SM Caen,Caen,True
transfermarkt,ligue_1,2018/19,EA Guingamp,Guingamp,True
transfermarkt,ligue_1,2018/19,Stade Reims,,False
transfermarkt,ligue_1,2018/19,FC Girondins Bordeaux,Bordeaux,True
transfermarkt,ligue_1,2018/19,AS Monaco,Monaco,True
transfermarkt,ligue_1,2018/19,Stade Rennais FC,Rennes,True
transfermarkt,ligue_1,2018/19,FC Nantes,Nantes,True
transfermarkt,ligue_1,2019/20,AS Monaco,Monaco,True
transfermarkt,ligue_1,2019/20,Nîmes Olympique,,False
transfermarkt,ligue_1,2019/20,FC Toulouse,Toulouse,True
transfermarkt,ligue_1,2019/20,Olympique Lyon,Lyon,True
transfermarkt,ligue_1,2019/20,AS Saint-Étienne,St Etienne,True
transfermarkt,ligue_1,2019/20,FC Nantes,Nantes,True
transfermarkt,ligue_1,2020/21,LOSC Lille,Lille,True
transfermarkt,ligue_1,2020/21,Stade Brestois 29,,False
transfermarkt,ligue_1,2020/21,Stade Reims,,False
transfermarkt,ligue_1,2020/21,Montpellier HSC,Montpellier,True
transfermarkt,ligue_1,2020/21,Angers SCO,Angers,True
transfermarkt,ligue_1,2020/21,Olympique Lyon,Lyon,True
transfermarkt,ligue_1,2020/21,RC Strasbourg Alsace,Strasbourg,True
transfermarkt,ligue_1,2020/21,OGC Nice,Nice,True
transfermarkt,ligue_1,2020/21,Olympique Marseille,Marseille,True
transfermarkt,ligue_1,2020/21,Stade Rennais FC,Rennes,True
transfermarkt,ligue_1,2020/21,FC Nantes,Nantes,True
transfermarkt,ligue_1,2020/21,Nîmes Olympique,,False
transfermarkt,ligue_1,2020/21,Paris Saint-Germain,Paris SG,True
transfermarkt,ligue_1,2020/21,Dijon FCO,Dijon,True
transfermarkt,ligue_1,2020/21,FC Metz,Metz,True
transfermarkt,ligue_1,2020/21,FC Girondins Bordeaux,Bordeaux,True
transfermarkt,ligue_1,2021/22,OGC Nice,Nice,True
transfermarkt,ligue_1,2021/22,AS Saint-Étienne,St Etienne,True
transfermarkt,ligue_1,2021/22,FC Lorient,Lorient,True
transfermarkt,ligue_1,2021/22,LOSC Lille,Lille,True
transfermarkt,ligue_1,2021/22,FC Metz,Metz,True
transfermarkt,ligue_1,2021/22,FC Girondins Bordeaux,Bordeaux,True
transfermarkt,ligue_1,2021/22,AS Monaco,Monaco,True
transfermarkt,ligue_1,2021/22,ESTAC Troyes,Troyes,True
transfermarkt,ligue_1,2022/23,Olympique Marseille,Marseille,True
transfermarkt,ligue_1,2022/23,FC Toulouse,Toulouse,True
transfermarkt,ligue_1,2022/23,OGC Nice,Nice,True
transfermarkt,ligue_1,2022/23,Paris Saint-Germain,Paris SG,True
transfermarkt,ligue_1,2022/23,RC Strasbourg Alsace,Strasbourg,True
transfermarkt,ligue_1,2022/23,AS Monaco,Monaco,True
transfermarkt,ligue_1,2022/23,FC Nantes,Nantes,True
transfermarkt,ligue_1,2022/23,Angers SCO,Angers,True
transfermarkt,ligue_1,2022/23,Montpellier HSC,Montpellier,True
transfermarkt,ligue_1,2022/23,Stade Brestois 29,,False
transfermarkt,ligue_1,2022/23,ESTAC Troyes,Troyes,True
transfermarkt,ligue_1,2022/23,AJ Auxerre,Auxerre,True
transfermarkt,ligue_1,2022/23,Stade Reims,,False
transfermarkt,ligue_1,2022/23,Olympique Lyon,Lyon,True
transfermarkt,ligue_1,2023/24,Clermont Foot 63,,False
transfermarkt,ligue_1,2023/24,Stade Reims,,False
transfermarkt,ligue_1,2023/24,Olympique Marseille,Marseille,True
transfermarkt,ligue_1,2023/24,OGC Nice,Nice,True
transfermarkt,ligue_1,2023/24,Le Havre AC,Le Havre,True
transfermarkt,ligue_1,2023/24,RC Lens,Lens,True
transfermarkt,ligue_1,2023/24,FC Lorient,Lorient,True
transfermarkt,ligue_1,2023/24,LOSC Lille,Lille,True
transfermarkt,ligue_1,2023/24,FC Nantes,Nantes,True
transfermarkt,ligue_1,2023/24,Olympique Lyon,Lyon,True
transfermarkt,ligue_1,2023/24,Stade Rennais FC,Rennes,True
transfermarkt,ligue_1,2024/25,RC Lens,Lens,True
transfermarkt,ligue_1,2024/25,Stade Reims,,False
transfermarkt,ligue_1,2024/25,FC Nantes,Nantes,True
transfermarkt,ligue_1,2024/25,Montpellier HSC,Montpellier,True
transfermarkt,ligue_1,2024/25,Stade Rennais FC,Rennes,True
transfermarkt,ligue_1,2024/25,Olympique Lyon,Lyon,True
transfermarkt,ligue_1,2024/25,AS Saint-Étienne,St Etienne,True
transfermarkt,ligue_1,2024/25,RC Strasbourg Alsace,Strasbourg,True
panel_unmapped_from_events,,,Albacete,Albacete,False
panel_unmapped_from_events,,,Ancona,Ancona,False
panel_unmapped_from_events,,,Ascoli,Ascoli,False
panel_unmapped_from_events,,,Barnsley,Barnsley,False
panel_unmapped_from_events,,,Blackpool,Blackpool,False
panel_unmapped_from_events,,,Bradford,Bradford,False
panel_unmapped_from_events,,,Braunschweig,Braunschweig,False
panel_unmapped_from_events,,,Cannes,Cannes,False
panel_unmapped_from_events,,,Chateauroux,Chateauroux,False
panel_unmapped_from_events,,,Clermont,Clermont,False
panel_unmapped_from_events,,,Compostela,Compostela,False
panel_unmapped_from_events,,,Coventry,Coventry,False
panel_unmapped_from_events,,,Dresden,Dresden,False
panel_unmapped_from_events,,,Dusseldorf,Dusseldorf,False
panel_unmapped_from_events,,,Extremadura,Extremadura,False
panel_unmapped_from_events,,,Foggia,Foggia,False
panel_unmapped_from_events,,,Grenoble,Grenoble,False
panel_unmapped_from_events,,,Gueugnon,Gueugnon,False
panel_unmapped_from_events,,,Heidenheim,Heidenheim,False
panel_unmapped_from_events,,,Holstein Kiel,Holstein Kiel,False
panel_unmapped_from_events,,,Ipswich,Ipswich,False
panel_unmapped_from_events,,,Istres,Istres,False
panel_unmapped_from_events,,,Karlsruhe,Karlsruhe,False
panel_unmapped_from_events,,,Leipzig,Leipzig,False
panel_unmapped_from_events,,,Lerida,Lerida,False
panel_unmapped_from_events,,,Logrones,Logrones,False
panel_unmapped_from_events,,,Luton,Luton,False
panel_unmapped_from_events,,,M'Gladbach,M'Gladbach,False
panel_unmapped_from_events,,,Martigues,Martigues,False
panel_unmapped_from_events,,,Merida,Merida,False
panel_unmapped_from_events,,,Messina,Messina,False
panel_unmapped_from_events,,,Modena,Modena,False
panel_unmapped_from_events,,,Munich 1860,Munich 1860,False
panel_unmapped_from_events,,,Nimes,Nimes,False
panel_unmapped_from_events,,,Oldham,Oldham,False
panel_unmapped_from_events,,,Oviedo,Oviedo,False
panel_unmapped_from_events,,,Paderborn,Paderborn,False
panel_unmapped_from_events,,,Padova,Padova,False
panel_unmapped_from_events,,,Perugia,Perugia,False
panel_unmapped_from_events,,,Piacenza,Piacenza,False
panel_unmapped_from_events,,,Reggiana,Reggiana,False
panel_unmapped_from_events,,,Salamanca,Salamanca,False
panel_unmapped_from_events,,,Sedan,Sedan,False
panel_unmapped_from_events,,,Sheffield Weds,Sheffield Weds,False
panel_unmapped_from_events,,,Swindon,Swindon,False
panel_unmapped_from_events,,,Treviso,Treviso,False
panel_unmapped_from_events,,,Uerdingen,Uerdingen,False
panel_unmapped_from_events,,,Ulm,Ulm,False
panel_unmapped_from_events,,,Unterhaching,Unterhaching,False
panel_unmapped_from_events,,,Vicenza,Vicenza,False
panel_unmapped_from_events,,,Villareal,Villareal,False
panel_unmapped_from_events,,,Wattenscheid,Wattenscheid,False
panel_unmapped_from_events,,,Wimbledon,Wimbledon,False
